id_venta,numero_linea,fecha_venta,id_cliente,id_producto,id_tienda,cantidad,precio_unitario,descuento,metodo_pago,canal,temporada,talla
V003565,1,2024-02-04,C00909,P0003,T007,4,179000.0,0.0,Tarjeta Crédito,Tienda Física,Temporada Regular,40
V002111,2,2023-01-01,C00348,P0008,T040,1,211000.0,0.0,Efectivo,Tienda Física,Regreso A Clases,M
V002185,1,2023-03-31,C00804,P0009,T003,1,128000.0,0.0,Efectivo,Tienda Física,Día Del Padre,Xxl
V002828,1,2024-05-13,C00951,P0014,T034,2,133000.0,0.0,Tarjeta Crédito,Tienda Física,Black Friday,38
V001693,1,2023-11-14,C01804,P0007,T030,1,61000.0,0.0,Tarjeta Crédito,Tienda Física,Temporada Regular,Xl
V002807,1,2024-02-18,C02277,P0002,T012,3,161000.0,0.0,Tarjeta Débito,Tienda Física,Temporada Regular,S
V000115,1,2025-04-07,C02234,P0008,T004,1,209000.0,0.3,Tarjeta Crédito,Tienda Física,Temporada Regular,Xl
V003330,1,2024-02-17,C01818,P0023,T039,4,74000.0,0.0,Transferencia,Tienda Física,Regreso A Clases,Xl
V000124,1,2023-12-20,C02711,P0024,T022,2,207000.0,0.0,Tarjeta Crédito,Tienda Física,Temporada Regular,L
V002362,2,2023-08-27,C02186,P0004,T031,1,170000.0,0.0,Tarjeta Débito,Tienda Física,Temporada Regular,28
V003606,1,2023-09-21,C01850,P0011,T021,4,132000.0,0.0,Tarjeta Crédito,Tienda Física,Regreso A Clases,M
V002888,1,2023-05-01,C02105,P0024,T032,4,226000.0,0.0,Efectivo,Tienda Física,Regreso A Clases,Xxl
V003164,1,2024-04-19,C00648,P0020,T009,1,78000.0,0.0,Tarjeta Débito,Tienda Física,Black Friday,Xxl
V002461,3,2024-09-21,C01138,P0007,T004,2,60000.0,0.3,Tarjeta Débito,Tienda Física,Temporada Regular,L
V000546,1,2023-10-14,C01500,P0019,T006,3,70000.0,0.0,Tarjeta Débito,Tienda Física,Regreso A Clases,M
V000214,1,2023-05-14,C01254,P0009,T041,2,122000.0,0.0,Tarjeta Débito,Tienda Física,Regreso A Clases,S
V001682,1,2024-08-06,C00725,P0021,T034,2,118000.0,0.0,Efectivo,Tienda Física,Día De La Madre,S
V001888,1,2025-08-25,C02526,P0016,T009,1,145000.0,0.15,Tarjeta Crédito,Tienda Física,Día De La Madre,40
V000187,2,2024-04-04,C01877,P0018,T012,1,78000.0,0.0,Transferencia,Online,Temporada Regular,L
V002588,1,2023-12-19,C01764,P0025,T023,1,143000.0,0.0,Tarjeta Crédito,Tienda Física,Temporada Regular,Xl
V000855,1,2024-07-27,C00435,P0024,T023,3,216000.0,0.15,Transferencia,Online,Temporada Regular,S
V003757,1,2025-01-05,C01015,P0009,T011,1,128000.0,0.0,Efectivo,Tienda Física,Temporada Regular,Xl
V000720,1,2024-09-02,C00958,P0018,T031,1,77000.0,0.0,Efectivo,Tienda Física,Temporada Regular,M
V000599,2,2023-07-27,C02343,P0012,T030,2,113000.0,0.05,Efectivo,Tienda Física,Temporada Regular,M
V000175,1,2025-03-23,C01327,P0025,T031,2,135000.0,0.0,Tarjeta Débito,Tienda Física,Temporada Regular,Xs
V001520,2,2025-05-22,C02257,P0009,T004,1,124000.0,0.3,Tarjeta Débito,Tienda Física,Temporada Regular,L
V001652,1,2024-03-15,C01578,P0005,T004,3,108000.0,0.0,Tarjeta Débito,Online,Temporada Regular,M
V002143,3,2024-08-31,C02754,P0024,T013,2,210000.0,0.0,Tarjeta Crédito,Tienda Física,Temporada De Diciembre,M
V002267,2,2023-04-30,C02352,P0024,T043,1,224000.0,0.0,Tarjeta Débito,Online,Temporada Regular,M
V003261,1,2024-12-05,C02237,P0020,T034,1,79000.0,0.3,Tarjeta Débito,Online,Temporada Regular,Xl
V003730,1,2023-02-19,C00964,P0013,T025,2,58000.0,0.0,Tarjeta Crédito,Online,Temporada Regular,S
V003459,2,2024-12-18,C02416,P0009,T006,2,125000.0,0.0,Tarjeta Débito,Tienda Física,Temporada Regular,Xl
V001045,2,2025-12-07,C00671,P0014,T003,4,138000.0,0.0,Tarjeta Débito,Tienda Física,Temporada Regular,36
V002538,1,2025-12-30,C01110,P0001,T030,2,149000.0,0.0,Tarjeta Débito,Tienda Física,Temporada Regular,30
V002040,1,2025-10-22,C02702,P0019,T004,1,71000.0,0.0,Tarjeta Crédito,Tienda Física,Temporada De Diciembre,Xl
V002184,1,2023-05-24,C01029,P0011,T004,1,128000.0,0.0,Tarjeta Crédito,Online,Día De La Madre,Xxl
V002791,1,2023-12-08,C01489,P0003,T022,3,182000.0,0.0,Tarjeta Crédito,Tienda Física,Vacaciones,36
V001061,1,2024-03-31,C02552,P0024,T035,4,208000.0,0.0,Tarjeta Débito,Tienda Física,Temporada De Diciembre,M
V003689,1,2023-06-07,C02241,P0022,T010,1,191000.0,0.0,Efectivo,Online,Vacaciones,M
V000581,2,2025-05-05,C02346,P0016,T004,1,145000.0,0.0,Tarjeta Crédito,Tienda Física,Vacaciones,40
V002756,1,2025-11-17,C01759,P0008,T017,2,223000.0,0.0,Tarjeta Débito,Tienda Física,Temporada Regular,M
V003306,1,2023-09-04,C00804,P0010,T018,1,99000.0,0.1,Tarjeta Crédito,Tienda Física,Temporada Regular,40
V000996,1,2024-02-17,C02186,P0022,T028,1,210000.0,0.0,Tarjeta Crédito,Online,Vacaciones,S
V003199,2,2025-03-25,C01058,P0011,T004,1,138000.0,0.0,Tarjeta Crédito,Tienda Física,Temporada Regular,S
V003547,1,2024-01-07,C00401,P0014,T005,2,133000.0,0.0,Tarjeta Débito,Online,Temporada Regular,32
V001701,1,2023-11-21,C00025,P0014,T003,1,138000.0,0.0,Efectivo,Tienda Física,Temporada Regular,38
V001840,1,2023-09-19,C01810,P0018,T043,1,75000.0,0.0,Tarjeta Crédito,Tienda Física,Temporada Regular,Xxl
V000723,1,2023-11-27,C00878,P0019,T003,1,76000.0,0.0,Efectivo,Tienda Física,Temporada Regular,L
V000446,2,2024-03-02,C01285,P0013,T004,2,58000.0,0.05,Efectivo,Tienda Física,Temporada Regular,Xs
V002957,2,2025-02-19,C00177,P0001,T026,2,140000.0,0.2,Tarjeta Crédito,Tienda Física,Temporada De Diciembre,28
V003331,1,2023-02-21,C00957,P0017,T004,1,142000.0,0.0,Tarjeta Débito,Tienda Física,Vacaciones,L
V001955,1,2025-09-06,C00793,P0015,T021,2,177000.0,0.0,Efectivo,Tienda Física,Temporada Regular,32
V000358,2,2025-03-21,C02032,P0015,T004,1,174000.0,0.0,Efectivo,Tienda Física,Temporada Regular,40
V002786,2,2025-09-27,C01517,P0024,T038,1,207000.0,0.0,Efectivo,Tienda Física,Temporada Regular,Xl
V002614,1,2024-08-20,C02627,P0008,T039,1,207000.0,0.0,Tarjeta Débito,Tienda Física,Día De La Madre,Xxl
V002226,1,2023-07-09,C00506,P0014,T027,4,132000.0,0.05,Tarjeta Crédito,Tienda Física,Regreso A Clases,40
V002695,1,2024-01-01,C00880,P0018,T004,2,77000.0,0.05,Efectivo,Tienda Física,Temporada Regular,S
V001395,1,2023-10-22,C00311,P0021,T025,1,123000.0,0.05,Tarjeta Débito,Tienda Física,Temporada Regular,L
V001556,1,2024-11-12,C02491,P0019,T035,1,74000.0,0.2,Tarjeta Débito,Tienda Física,Temporada Regular,Xs
V003318,3,2025-07-01,C02799,P0004,T017,1,171000.0,0.0,Efectivo,Tienda Física,Temporada De Diciembre,38
V000859,1,2025-03-15,C00246,P0006,T009,2,55000.0,0.0,Efectivo,Tienda Física,Temporada Regular,L
V003270,2,2024-07-29,C01840,P0014,T011,1,142000.0,0.1,Efectivo,Tienda Física,Temporada De Diciembre,38
V000223,1,2024-12-29,C02310,P0009,T021,1,129000.0,0.0,Efectivo,Tienda Física,Black Friday,L
V001073,1,2025-08-18,C02113,P0012,T004,3,106000.0,0.0,Efectivo,Tienda Física,Temporada Regular,S
V002477,2,2024-12-21,C02723,P0010,T004,4,95000.0,0.0,Tarjeta Crédito,Online,Black Friday,40
V000150,1,2023-09-25,C02445,P0014,T043,1,143000.0,0.15,Tarjeta Débito,Tienda Física,Temporada De Diciembre,30
V003190,1,2024-06-19,C02733,P0014,T006,2,137000.0,0.15,Tarjeta Crédito,Tienda Física,Temporada Regular,38
V001101,1,2023-12-05,C02457,P0026,T004,1,130000.0,0.0,Efectivo,Tienda Física,Temporada Regular,Xxl
V000985,2,2025-12-10,C02064,P0020,T020,2,79000.0,0.0,Tarjeta Crédito,Tienda Física,Temporada De Diciembre,L
V000522,1,2023-10-05,C00832,P0011,T042,3,137000.0,0.0,Efectivo,Tienda Física,Temporada Regular,M
V002781,1,2024-02-21,C01632,P0011,T024,1,135000.0,0.0,Tarjeta Crédito,Tienda Física,Black Friday,Xxl
V002372,1,2025-10-12,C01363,P0017,T013,4,147000.0,0.2,Efectivo,Tienda Física,Día Del Padre,Xxl
V000503,2,2024-04-19,C00136,P0017,T016,1,140000.0,0.0,Tarjeta Débito,Tienda Física,Temporada Regular,S
V001326,1,2023-01-13,C01761,P0010,T009,4,95000.0,0.0,Transferencia,Online,Temporada Regular,30
V003409,2,2024-12-26,C00938,P0018,T004,2,79000.0,0.0,Efectivo,Tienda Física,Temporada Regular,Xl
V002276,2,2024-02-14,C02021,P0016,T043,2,133000.0,0.05,Tarjeta Crédito,Tienda Física,Temporada Regular,40
V000995,1,2024-02-12,C00513,P0026,T030,4,141000.0,0.0,Tarjeta Débito,Tienda Física,Vacaciones,Xxl
V002985,2,2024-12-19,C01809,P0024,T039,4,212000.0,0.1,Tarjeta Crédito,Tienda Física,Temporada Regular,S
V002773,2,2023-12-27,C00957,P0007,T023,4,61000.0,0.0,Efectivo,Tienda Física,Vacaciones,S
V000085,1,2024-01-25,C00389,P0011,T004,1,139000.0,0.0,Tarjeta Débito,Tienda Física,Temporada Regular,Xs
V003236,2,2025-05-18,C00447,P0019,T004,1,70000.0,0.4,Tarjeta Crédito,Tienda Física,Temporada Regular,L
V000429,1,2025-04-22,C02233,P0025,T004,2,139000.0,0.0,Tarjeta Débito,Tienda Física,Black Friday,S
V002142,1,2025-04-26,C01019,P0016,T019,4,133000.0,0.0,Transferencia,Tienda Física,Temporada Regular,30
V003681,3,2025-05-19,C00014,P0002,T031,1,150000.0,0.1,Tarjeta Crédito,Tienda Física,Temporada Regular,Xs
V003297,1,2025-08-03,C01315,P0018,T028,1,78000.0,0.4,Tarjeta Crédito,Tienda Física,Temporada Regular,Xxl
V000087,1,2024-10-18,C01135,P0003,T004,1,184000.0,0.0,Tarjeta Crédito,Tienda Física,Temporada Regular,30
V001785,1,2023-06-03,C02178,P0010,T036,1,99000.0,0.3,Tarjeta Crédito,Tienda Física,Temporada Regular,32
V000640,2,2024-01-12,C02437,P0014,T004,1,141000.0,0.0,Tarjeta Crédito,Online,Temporada Regular,30
V003293,1,2023-08-02,C01454,P0012,T042,1,110000.0,0.05,Efectivo,Tienda Física,Temporada Regular,M
V001168,2,2025-05-06,C01700,P0019,T009,1,70000.0,0.0,Tarjeta Crédito,Tienda Física,Temporada Regular,M
V002914,2,2024-09-14,C00346,P0011,T043,1,132000.0,0.0,Tarjeta Débito,Tienda Física,Temporada Regular,S
V001740,2,2023-08-14,C01256,P0006,T028,2,53000.0,0.0,Tarjeta Crédito,Online,Black Friday,Sin Talla
V002352,2,2023-09-03,C01344,P0013,T032,3,56000.0,0.0,Tarjeta Débito,Tienda Física,Temporada Regular,S
V002167,3,2024-12-07,C01933,P0022,T030,2,208000.0,0.0,Tarjeta Débito,Tienda Física,Regreso A Clases,Xxl
V000864,1,2023-01-01,C01333,P0016,T017,2,137000.0,0.0,Tarjeta Crédito,Tienda Física,Temporada De Diciembre,32
V000946,1,2023-05-22,C02696,P0016,T019,1,138000.0,0.1,Tarjeta Débito,Tienda Física,Temporada Regular,36
V002893,3,2023-06-28,C02185,P0013,T016,1,59000.0,0.0,Tarjeta Débito,Online,Temporada Regular,M
V000675,1,2025-09-04,C00469,P0003,T041,1,185000.0,0.0,Tarjeta Crédito,Online,Temporada Regular,28
V001714,2,2025-08-07,C01389,P0016,T022,1,136000.0,0.15,Tarjeta Crédito,Tienda Física,Temporada Regular,36
V002201,2,2023-07-12,C02352,P0001,T011,3,144000.0,0.4,Efectivo,Online,Vacaciones,40
V002319,2,2023-04-03,C00987,P0026,T009,1,138000.0,0.3,Transferencia,Tienda Física,Día Del Padre,M
V000470,2,2025-08-31,C00382,P0005,T035,4,118000.0,0.0,Tarjeta Débito,Tienda Física,Vacaciones,Xs
V000689,2,2024-08-02,C02414,P0008,T022,1,211000.0,0.0,Tarjeta Débito,Tienda Física,Temporada Regular,Xxl
V002982,2,2024-09-07,C00161,P0018,T019,4,75000.0,0.2,Efectivo,Tienda Física,Temporada Regular,S
V003658,1,2025-10-03,C01558,P0020,T004,2,76000.0,0.2,Tarjeta Débito,Tienda Física,Temporada Regular,Xl
V000641,1,2025-01-23,C02607,P0018,T011,1,79000.0,0.15,Tarjeta Crédito,Tienda Física,Temporada Regular,S
V001067,1,2023-04-26,C00204,P0004,T003,4,170000.0,0.15,Tarjeta Débito,Tienda Física,Temporada Regular,34
V001973,2,2025-09-25,C01341,P0020,T031,1,79000.0,0.0,Transferencia,Tienda Física,Día Del Padre,S
V000709,1,2024-02-22,C00690,P0018,T025,1,76000.0,0.0,Transferencia,Tienda Física,Temporada Regular,M
V000888,1,2023-08-04,C02616,P0016,T037,1,145000.0,0.0,Transferencia,Tienda Física,Vacaciones,32
V000830,1,2023-02-23,C01332,P0013,T017,2,55000.0,0.0,Transferencia,Tienda Física,Temporada Regular,L
V000660,2,2025-07-26,C01811,P0008,T037,1,224000.0,0.0,Tarjeta Débito,Tienda Física,Regreso A Clases,Xs
V003205,1,2025-04-27,C01983,P0018,T038,2,74000.0,0.0,Tarjeta Débito,Tienda Física,Día De La Madre,L
V000490,1,2025-01-11,C00155,P0002,T009,2,159000.0,0.0,Tarjeta Débito,Tienda Física,Temporada Regular,Xl
V003160,3,2023-11-05,C01203,P0007,T040,1,58000.0,0.05,Tarjeta Débito,Tienda Física,Regreso A Clases,Xs
V002433,1,2024-11-04,C00328,P0009,T018,4,128000.0,0.0,Transferencia,Tienda Física,Temporada Regular,Xl
V003414,1,2023-10-27,C01193,P0002,T001,1,162000.0,0.05,Tarjeta Crédito,Tienda Física,Temporada De Diciembre,Xs
V001230,1,2025-04-15,C00233,P0023,T002,1,77000.0,0.0,Efectivo,Tienda Física,Temporada De Diciembre,Xs
V002120,1,2025-08-16,C01026,P0004,T039,1,170000.0,0.0,Tarjeta Crédito,Online,Temporada Regular,38
V002043,1,2023-12-30,C00533,P0001,T033,3,144000.0,0.1,Tarjeta Débito,Online,Día De La Madre,38
V002599,1,2024-12-10,C01570,P0001,T033,3,149000.0,0.0,Efectivo,Tienda Física,Regreso A Clases,38
V001210,1,2024-09-24,C01170,P0011,T031,4,129000.0,0.05,Tarjeta Crédito,Tienda Física,Temporada Regular,Xxl
V002731,1,2025-04-01,C01465,P0017,T014,1,151000.0,0.0,Tarjeta Débito,Tienda Física,Vacaciones,M
V001872,1,2024-06-21,C00695,P0020,T004,3,76000.0,0.3,Tarjeta Débito,Tienda Física,Regreso A Clases,Xxl
V002840,1,2024-01-02,C02293,P0004,T014,4,172000.0,0.0,Efectivo,Tienda Física,Temporada Regular,34
V002487,1,2025-11-29,C00674,P0025,T034,1,138000.0,0.15,Tarjeta Débito,Tienda Física,Black Friday,S
V002655,1,2024-01-09,C02549,P0022,T012,3,197000.0,0.0,Tarjeta Crédito,Tienda Física,Vacaciones,M
V002075,2,2025-03-08,C00108,P0023,T029,1,77000.0,0.0,Tarjeta Débito,Tienda Física,Temporada Regular,L
V001773,3,2025-05-04,C02588,P0008,T030,1,209000.0,0.0,Efectivo,Tienda Física,Temporada Regular,M
V002165,1,2023-12-23,C02318,P0004,T030,2,166000.0,0.0,Tarjeta Débito,Tienda Física,Black Friday,38
V001553,2,2025-09-08,C02173,P0004,T018,1,174000.0,0.0,Tarjeta Débito,Tienda Física,Temporada Regular,38
V003716,1,2024-08-04,C01683,P0003,T040,2,181000.0,0.1,Tarjeta Crédito,Tienda Física,Vacaciones,30
V000921,2,2025-08-02,C00261,P0017,T008,1,140000.0,0.1,Transferencia,Tienda Física,Temporada Regular,L
V000652,1,2025-12-16,C00621,P0005,T022,1,111000.0,0.2,Tarjeta Crédito,Online,Vacaciones,Xl
V002745,1,2023-07-11,C02558,P0003,T005,2,177000.0,0.05,Transferencia,Tienda Física,Temporada Regular,28
V003683,2,2025-08-03,C02372,P0002,T005,1,155000.0,0.0,Tarjeta Crédito,Tienda Física,Día De La Madre,L
V001617,3,2024-08-02,C02117,P0006,T031,1,56000.0,0.2,Efectivo,Tienda Física,Temporada Regular,L
V001230,3,2025-04-15,C00233,P0017,T002,4,149000.0,0.0,Efectivo,Tienda Física,Temporada De Diciembre,Xl
V001781,3,2024-04-13,C02167,P0019,T024,2,71000.0,0.1,Tarjeta Crédito,Tienda Física,Temporada Regular,Xxl
V000965,1,2025-11-21,C00684,P0024,T004,2,223000.0,0.0,Tarjeta Crédito,Tienda Física,Temporada Regular,Xxl
V002166,2,2023-02-02,C00291,P0015,T036,1,181000.0,0.0,Tarjeta Crédito,Tienda Física,Temporada Regular,36
V003542,1,2025-03-23,C00427,P0002,T014,1,150000.0,0.0,Tarjeta Crédito,Tienda Física,Temporada Regular,M
V000695,1,2023-01-09,C02084,P0009,T035,2,129000.0,0.0,Tarjeta Crédito,Tienda Física,Temporada Regular,Xs
V000068,2,2025-04-27,C01479,P0001,T004,3,143000.0,0.3,Tarjeta Débito,Online,Temporada Regular,38
V002586,1,2024-12-29,C02469,P0013,T028,3,56000.0,0.0,Transferencia,Tienda Física,Día Del Padre,M
V001184,1,2024-02-19,C00248,P0021,T032,1,125000.0,0.0,Tarjeta Crédito,Tienda Física,Día Del Padre,S
V003655,1,2025-07-26,C00597,P0025,T041,4,133000.0,0.3,Efectivo,Tienda Física,Temporada Regular,Sin Talla
V001017,1,2023-08-02,C01744,P0017,T037,4,152000.0,0.0,Efectivo,Tienda Física,Día De La Madre,S
V000346,1,2025-08-02,C01561,P0010,T004,4,91000.0,0.0,Tarjeta Crédito,Online,Temporada Regular,28
V003214,2,2025-03-18,C01839,P0021,T023,2,121000.0,0.0,Efectivo,Tienda Física,Temporada Regular,L
V001519,1,2024-07-23,C02380,P0011,T033,3,128000.0,0.2,Transferencia,Tienda Física,Temporada Regular,S
V000015,1,2024-11-13,C01398,P0016,T017,1,134000.0,0.0,Efectivo,Tienda Física,Temporada De Diciembre,34
V000717,1,2025-09-25,C02340,P0024,T027,4,223000.0,0.0,Efectivo,Tienda Física,Temporada Regular,Xs
V002392,2,2024-12-13,C01122,P0010,T021,3,91000.0,0.05,Tarjeta Débito,Tienda Física,Temporada Regular,34
V000857,1,2023-04-04,C01702,P0004,T012,1,177000.0,0.2,Tarjeta Crédito,Tienda Física,Temporada Regular,34
V001714,1,2025-08-07,C01389,P0020,T022,3,79000.0,0.0,Tarjeta Crédito,Tienda Física,Temporada Regular,Xl
V000419,1,2025-05-17,C00816,P0001,T034,1,137000.0,0.3,Tarjeta Débito,Tienda Física,Vacaciones,36
V002033,1,2023-08-31,C00520,P0006,T020,1,58000.0,0.3,Tarjeta Crédito,Tienda Física,Temporada Regular,Xs
V003565,2,2024-02-04,C00909,P0004,T007,1,165000.0,0.0,Tarjeta Crédito,Tienda Física,Temporada Regular,38
V001505,2,2023-09-17,C01375,P0010,T043,2,96000.0,0.15,Tarjeta Crédito,Tienda Física,Temporada Regular,28
V003616,2,2023-11-02,C02686,P0009,T009,1,129000.0,0.2,Tarjeta Crédito,Tienda Física,Vacaciones,Xs
V001094,1,2024-07-15,C00401,P0014,T018,2,140000.0,0.0,Tarjeta Débito,Tienda Física,Temporada Regular,30
V003037,2,2024-06-12,C02626,P0021,T017,1,127000.0,0.0,Tarjeta Crédito,Tienda Física,Temporada Regular,Xxl
V000483,2,2025-02-26,C02141,P0004,T014,3,174000.0,0.0,Tarjeta Crédito,Tienda Física,Temporada Regular,30
V000061,2,2024-04-13,C01727,P0007,T011,1,62000.0,0.15,Tarjeta Crédito,Tienda Física,Temporada Regular,M
V002944,1,2024-08-14,C01208,P0002,T009,1,148000.0,0.0,Tarjeta Débito,Tienda Física,Temporada De Diciembre,Xl
V000702,1,2023-07-01,C00198,P0002,T007,1,161000.0,0.0,Efectivo,Tienda Física,Temporada Regular,Xs
V000453,2,2025-10-11,C02497,P0001,T009,1,140000.0,0.1,Efectivo,Tienda Física,Día Del Padre,30
V003693,2,2023-09-30,C01474,P0001,T039,3,138000.0,0.1,Tarjeta Crédito,Tienda Física,Temporada Regular,28
V001310,3,2025-10-11,C01005,P0007,T018,1,59000.0,0.3,Efectivo,Tienda Física,Temporada Regular,Xs
V000966,1,2024-01-03,C00606,P0016,T007,1,143000.0,0.0,Tarjeta Crédito,Tienda Física,Black Friday,40
V003305,2,2024-08-08,C00299,P0024,T009,3,217000.0,0.0,Tarjeta Crédito,Tienda Física,Temporada Regular,Xl
V000919,1,2025-08-11,C00469,P0013,T004,1,58000.0,0.0,Tarjeta Crédito,Tienda Física,Black Friday,Xxl
V003758,1,2024-05-23,C02424,P0012,T043,2,107000.0,0.0,Efectivo,Tienda Física,Regreso A Clases,Xs
V002437,1,2024-06-21,C01380,P0020,T036,2,79000.0,0.0,Tarjeta Crédito,Online,Temporada Regular,Xxl
V002238,1,2023-06-14,C01926,P0006,T004,1,56000.0,0.4,Tarjeta Crédito,Tienda Física,Día De La Madre,S
V001539,2,2025-02-04,C00912,P0011,T020,1,137000.0,0.0,Efectivo,Tienda Física,Temporada Regular,M
V003444,1,2025-03-05,C02340,P0019,T007,1,72000.0,0.0,Tarjeta Crédito,Tienda Física,Día Del Padre,Xl
V000473,1,2023-05-22,C02269,P0014,T022,1,138000.0,0.0,Tarjeta Crédito,Tienda Física,Temporada Regular,38
V001996,1,2024-05-16,C01366,P0013,T025,2,55000.0,0.05,Tarjeta Débito,Tienda Física,Black Friday,Xs
V001950,1,2024-05-21,C01090,P0001,T028,4,139000.0,0.2,Tarjeta Débito,Tienda Física,Temporada Regular,30
V000440,1,2023-06-26,C02245,P0020,T006,2,77000.0,0.0,Tarjeta Débito,Tienda Física,Temporada Regular,L
V000776,1,2024-07-10,C02765,P0009,T030,1,126000.0,0.1,Efectivo,Tienda Física,Temporada Regular,M
V000571,1,2025-06-23,C02050,P0010,T037,1,93000.0,0.4,Tarjeta Crédito,Tienda Física,Temporada Regular,38
V001216,1,2025-04-24,C02188,P0001,T014,2,139000.0,0.05,Efectivo,Tienda Física,Temporada Regular,34
V002744,2,2024-05-21,C02517,P0023,T029,1,77000.0,0.0,Tarjeta Crédito,Tienda Física,Vacaciones,L
V000624,1,2025-04-05,C01178,P0020,T035,4,78000.0,0.05,Tarjeta Crédito,Tienda Física,Temporada Regular,M
V000600,3,2024-01-16,C02449,P0024,T024,3,206000.0,0.1,Efectivo,Tienda Física,Vacaciones,M
V002135,2,2024-05-13,C02643,P0012,T011,4,115000.0,0.0,Tarjeta Crédito,Tienda Física,Temporada Regular,Xxl
V002726,1,2025-10-26,C01455,P0023,T024,1,76000.0,0.0,Tarjeta Débito,Tienda Física,Temporada Regular,Xl
V001147,1,2024-08-19,C00270,P0005,T040,2,116000.0,0.15,Tarjeta Débito,Online,Temporada Regular,L
V001859,1,2024-03-08,C02458,P0022,T037,4,200000.0,0.05,Tarjeta Débito,Tienda Física,Temporada Regular,Xxl
V001648,1,2025-06-06,C00322,P0020,T031,1,75000.0,0.05,Tarjeta Débito,Tienda Física,Día De La Madre,L
V001155,1,2024-07-03,C00661,P0023,T004,1,76000.0,0.0,Tarjeta Débito,Tienda Física,Temporada Regular,M
V001806,1,2025-06-26,C02477,P0014,T011,1,135000.0,0.0,Tarjeta Crédito,Tienda Física,Temporada Regular,28
V003566,2,2024-06-04,C02315,P0016,T040,4,140000.0,0.0,Efectivo,Tienda Física,Temporada De Diciembre,34
V000126,2,2024-06-11,C01861,P0013,T033,3,59000.0,0.0,Transferencia,Tienda Física,Black Friday,Xl
V003218,2,2023-12-18,C00557,P0024,T024,1,222000.0,0.0,Tarjeta Débito,Tienda Física,Temporada Regular,Xxl
V003210,2,2025-09-30,C00943,P0018,T004,1,75000.0,0.1,Efectivo,Tienda Física,Día De La Madre,M
V003714,2,2025-07-12,C02573,P0006,T004,1,57000.0,0.0,Tarjeta Débito,Tienda Física,Día De La Madre,Xxl
V001357,1,2024-05-30,C02320,P0007,T043,4,59000.0,0.0,Tarjeta Crédito,Tienda Física,Temporada Regular,Xl
V000570,1,2024-09-09,C01962,P0017,T043,4,139000.0,0.15,Tarjeta Débito,Tienda Física,Black Friday,Xl
V000771,1,2023-08-09,C01492,P0024,T010,1,213000.0,0.3,Tarjeta Débito,Tienda Física,Temporada Regular,Xxl
V000353,1,2025-12-15,C01232,P0009,T024,1,128000.0,0.0,Tarjeta Débito,Tienda Física,Black Friday,Xl
V002933,1,2023-06-21,C02224,P0018,T004,2,75000.0,0.0,Tarjeta Crédito,Tienda Física,Temporada Regular,Xxl
V001432,2,2024-12-12,C02011,P0011,T039,1,138000.0,0.0,Efectivo,Tienda Física,Temporada De Diciembre,M
V003425,3,2025-03-29,C00311,P0006,T004,2,54000.0,0.2,Tarjeta Crédito,Tienda Física,Temporada Regular,S
V000119,1,2025-07-08,C02154,P0018,T004,2,73000.0,0.0,Tarjeta Crédito,Tienda Física,Black Friday,Xxl
V001657,2,2023-10-15,C00154,P0007,T038,4,59000.0,0.0,Tarjeta Crédito,Tienda Física,Temporada De Diciembre,M
V001240,1,2023-06-11,C01636,P0010,T004,2,92000.0,0.0,Tarjeta Débito,Tienda Física,Temporada Regular,38
V002793,1,2023-08-02,C00319,P0013,T004,3,59000.0,0.0,Tarjeta Crédito,Tienda Física,Temporada Regular,Xxl
V001666,3,2023-07-09,C01448,P0020,T043,4,78000.0,0.0,Tarjeta Crédito,Tienda Física,Temporada Regular,M
V002580,2,2025-05-01,C00904,P0010,T034,1,91000.0,0.1,Efectivo,Tienda Física,Temporada Regular,30
V000452,2,2023-05-13,C02057,P0016,T004,1,144000.0,0.05,Tarjeta Crédito,Online,Temporada Regular,28
V000927,1,2024-09-11,C01264,P0017,T039,2,148000.0,0.0,Tarjeta Crédito,Tienda Física,Temporada Regular,Xxl
V001853,1,2023-07-06,C01708,P0004,T009,2,168000.0,0.15,Tarjeta Débito,Tienda Física,Temporada Regular,40
V000302,1,2025-01-19,C02635,P0005,T009,1,111000.0,0.0,Tarjeta Débito,Tienda Física,Temporada Regular,Xxl
V002796,1,2025-04-18,C00408,P0014,T017,4,145000.0,0.1,Tarjeta Crédito,Tienda Física,Día De La Madre,34
V000330,1,2025-07-10,C01026,P0018,T013,2,76000.0,0.0,Transferencia,Tienda Física,Black Friday,Xxl
V002352,1,2023-09-03,C01344,P0021,T032,4,126000.0,0.0,Tarjeta Débito,Tienda Física,Temporada Regular,M
V000815,1,2023-05-09,C02177,P0012,T020,1,111000.0,0.0,Tarjeta Crédito,Tienda Física,Temporada Regular,Xs
V001851,2,2024-12-11,C01746,P0011,T015,1,139000.0,0.0,Tarjeta Débito,Online,Temporada Regular,M
V000057,1,2024-08-07,C02111,P0013,T039,4,57000.0,0.0,Tarjeta Débito,Tienda Física,Temporada Regular,Xl
V002880,1,2024-11-11,C00628,P0001,T039,2,140000.0,0.0,Efectivo,Tienda Física,Temporada Regular,32
V002159,1,2023-10-14,C00236,P0005,T016,1,114000.0,0.15,Efectivo,Tienda Física,Temporada Regular,L
V002931,1,2025-06-26,C01529,P0009,T004,3,130000.0,0.0,Tarjeta Crédito,Tienda Física,Temporada Regular,Xl
V000598,2,2023-10-30,C01818,P0019,T034,2,73000.0,0.4,Tarjeta Crédito,Tienda Física,Temporada Regular,M
V002623,1,2024-12-13,C00689,P0008,T025,1,225000.0,0.0,Tarjeta Débito,Online,Vacaciones,Xxl
V001779,3,2023-07-15,C02050,P0011,T004,2,132000.0,0.1,Tarjeta Crédito,Online,Black Friday,Xl
V001239,1,2025-12-21,C01730,P0012,T020,1,111000.0,0.0,Tarjeta Débito,Tienda Física,Temporada Regular,L
V002495,1,2025-02-26,C00759,P0018,T037,1,75000.0,0.1,Transferencia,Tienda Física,Temporada Regular,Xxl
V003669,2,2024-08-18,C01496,P0013,T009,2,56000.0,0.1,Tarjeta Crédito,Tienda Física,Temporada Regular,Xl
V000839,2,2023-08-15,C02090,P0005,T004,1,111000.0,0.0,Tarjeta Débito,Tienda Física,Temporada Regular,L
V000038,1,2023-11-15,C02020,P0003,T037,1,175000.0,0.0,Tarjeta Débito,Tienda Física,Temporada Regular,30
V002766,1,2023-10-01,C00603,P0024,T005,1,211000.0,0.0,Efectivo,Online,Temporada Regular,S
V001729,1,2023-05-26,C01639,P0015,T003,2,169000.0,0.1,Tarjeta Débito,Tienda Física,Temporada Regular,32
V000306,2,2023-02-08,C01464,P0002,T015,3,158000.0,0.0,Tarjeta Débito,Online,Temporada Regular,Xl
V002216,1,2025-01-08,C01118,P0023,T036,3,80000.0,0.15,Tarjeta Crédito,Tienda Física,Temporada Regular,Xl
V000883,1,2025-12-12,C00197,P0025,T043,4,137000.0,0.0,Tarjeta Débito,Tienda Física,Temporada Regular,S
V002906,1,2024-01-16,C02081,P0001,T005,1,145000.0,0.0,Tarjeta Débito,Tienda Física,Temporada Regular,40
V002230,1,2025-08-27,C01729,P0012,T035,2,111000.0,0.2,Tarjeta Crédito,Tienda Física,Día Del Padre,Xl
V001079,1,2023-05-07,C00867,P0026,T004,2,131000.0,0.2,Tarjeta Crédito,Tienda Física,Temporada Regular,Xs
V002653,1,2025-12-22,C01534,P0022,T004,1,197000.0,0.0,Tarjeta Crédito,Tienda Física,Temporada Regular,S
V000867,1,2025-11-06,C00847,P0012,T042,1,110000.0,0.0,Tarjeta Débito,Tienda Física,Temporada Regular,S
V002961,1,2025-03-06,C00468,P0021,T039,2,118000.0,0.0,Transferencia,Tienda Física,Temporada Regular,M
V001972,1,2025-03-10,C01160,P0011,T039,1,132000.0,0.0,Tarjeta Crédito,Tienda Física,Temporada Regular,Xxl
V000719,1,2024-10-20,C01044,P0003,T041,1,172000.0,0.1,Tarjeta Crédito,Online,Regreso A Clases,28
V001255,2,2024-02-25,C01461,P0015,T008,4,176000.0,0.0,Tarjeta Crédito,Tienda Física,Día Del Padre,28
V002044,3,2025-10-18,C00154,P0002,T041,1,153000.0,0.0,Tarjeta Crédito,Tienda Física,Vacaciones,Xs
V003689,2,2023-06-07,C02241,P0002,T010,1,156000.0,0.0,Efectivo,Online,Vacaciones,M
V001039,1,2024-05-07,C01649,P0010,T019,1,93000.0,0.3,Efectivo,Tienda Física,Temporada Regular,38
V001475,2,2023-08-26,C01780,P0022,T033,2,191000.0,0.1,Efectivo,Tienda Física,Temporada De Diciembre,M
V001154,1,2023-09-23,C01956,P0002,T020,1,163000.0,0.15,Tarjeta Crédito,Online,Temporada Regular,Xxl
V001947,2,2023-02-20,C00805,P0013,T032,1,58000.0,0.0,Tarjeta Crédito,Online,Temporada Regular,Xs
V002143,2,2024-08-31,C02754,P0012,T013,2,106000.0,0.05,Tarjeta Crédito,Tienda Física,Temporada De Diciembre,L
V001518,1,2025-04-06,C00401,P0009,T032,1,126000.0,0.0,Tarjeta Débito,Tienda Física,Día De La Madre,M
V000800,1,2023-05-26,C01395,P0023,T002,1,80000.0,0.0,Tarjeta Crédito,Tienda Física,Temporada Regular,Xl
V000460,3,2024-10-01,C01261,P0016,T002,2,132000.0,0.0,Efectivo,Tienda Física,Temporada Regular,32
V003556,1,2025-07-05,C00777,P0005,T024,1,118000.0,0.4,Efectivo,Tienda Física,Temporada De Diciembre,M
V001707,2,2025-01-04,C00376,P0003,T022,2,173000.0,0.0,Efectivo,Tienda Física,Temporada Regular,28
V002677,2,2025-02-08,C02357,P0012,T022,3,105000.0,0.0,Tarjeta Débito,Tienda Física,Temporada Regular,S
V002950,1,2024-03-02,C01831,P0009,T004,2,127000.0,0.3,Tarjeta Crédito,Tienda Física,Temporada Regular,Xs
V003537,1,2023-08-11,C02245,P0015,T038,1,177000.0,0.15,Transferencia,Tienda Física,Temporada Regular,34
V003668,1,2025-10-26,C00085,P0007,T008,1,58000.0,0.0,Transferencia,Tienda Física,Temporada Regular,Xxl
V003395,1,2023-11-01,C02566,P0011,T004,1,129000.0,0.1,Tarjeta Crédito,Tienda Física,Día De La Madre,Xxl
V002886,2,2024-11-09,C01683,P0022,T028,3,193000.0,0.0,Efectivo,Tienda Física,Temporada Regular,Xxl
V002665,2,2024-04-06,C02302,P0009,T029,2,128000.0,0.05,Transferencia,Tienda Física,Temporada Regular,M
V003323,1,2025-05-24,C01330,P0001,T022,1,139000.0,0.4,Efectivo,Tienda Física,Temporada Regular,32
V003634,1,2025-03-30,C02022,P0007,T035,3,63000.0,0.0,Transferencia,Tienda Física,Temporada Regular,Xxl
V000947,1,2025-07-15,C02680,P0007,T013,1,62000.0,0.0,Efectivo,Tienda Física,Temporada Regular,M
V003290,2,2025-11-15,C01265,P0009,T001,1,125000.0,0.0,Efectivo,Tienda Física,Regreso A Clases,S
V003653,2,2024-10-14,C01637,P0004,T039,3,164000.0,0.3,Tarjeta Débito,Tienda Física,Temporada Regular,28
V001158,1,2024-05-18,C00203,P0024,T016,1,215000.0,0.1,Transferencia,Tienda Física,Temporada Regular,M
V000375,2,2024-02-28,C01716,P0011,T017,1,134000.0,0.0,Tarjeta Crédito,Tienda Física,Vacaciones,Xs
V001350,1,2023-10-13,C01492,P0001,T004,2,150000.0,0.0,Tarjeta Crédito,Tienda Física,Temporada Regular,36
V000722,1,2024-02-06,C00367,P0022,T041,1,193000.0,0.0,Tarjeta Débito,Online,Día Del Padre,Xs
V001046,1,2025-03-24,C00276,P0021,T034,3,116000.0,0.15,Tarjeta Crédito,Tienda Física,Día De La Madre,Xxl
V003667,1,2023-02-26,C01746,P0005,T008,1,118000.0,0.05,Tarjeta Crédito,Tienda Física,Temporada Regular,M
V000014,2,2024-06-11,C00611,P0016,T029,4,135000.0,0.0,Tarjeta Crédito,Tienda Física,Regreso A Clases,36
V002354,2,2024-08-12,C00896,P0014,T004,4,142000.0,0.0,Efectivo,Tienda Física,Temporada Regular,38
V001402,2,2025-12-28,C01036,P0002,T014,1,149000.0,0.0,Tarjeta Débito,Tienda Física,Temporada Regular,L
V000631,2,2025-12-22,C00095,P0020,T006,1,79000.0,0.0,Efectivo,Tienda Física,Regreso A Clases,M
V002923,2,2023-01-31,C02368,P0016,T032,1,141000.0,0.0,Tarjeta Débito,Tienda Física,Temporada Regular,38
V002659,2,2023-04-03,C01972,P0018,T009,1,76000.0,0.15,Tarjeta Crédito,Tienda Física,Temporada Regular,L
V003360,1,2023-08-26,C00508,P0014,T006,2,133000.0,0.0,Tarjeta Crédito,Online,Temporada Regular,36
V000386,1,2023-08-18,C01170,P0023,T015,3,76000.0,0.0,Tarjeta Crédito,Tienda Física,Temporada Regular,Xl
V000395,2,2024-02-05,C00103,P0002,T043,2,155000.0,0.2,Tarjeta Crédito,Tienda Física,Temporada Regular,Xs
V003637,1,2024-02-24,C01603,P0007,T038,2,62000.0,0.0,Tarjeta Crédito,Online,Temporada Regular,Xl
V001112,3,2024-12-11,C02586,P0007,T021,2,57000.0,0.0,Transferencia,Tienda Física,Temporada Regular,Xs
V002956,1,2023-12-07,C01057,P0013,T038,3,59000.0,0.05,Tarjeta Débito,Online,Día De La Madre,Xl
V001778,3,2025-12-20,C01430,P0011,T028,2,137000.0,0.4,Tarjeta Crédito,Tienda Física,Temporada Regular,Xs
V002491,1,2023-11-12,C02208,P0007,T030,1,61000.0,0.15,Tarjeta Crédito,Tienda Física,Regreso A Clases,S
V003168,1,2025-04-21,C01322,P0008,T009,3,217000.0,0.0,Tarjeta Crédito,Tienda Física,Temporada Regular,Xs
V001514,2,2024-09-04,C02128,P0015,T004,2,175000.0,0.0,Efectivo,Tienda Física,Temporada De Diciembre,36
V003721,2,2024-03-02,C01391,P0006,T007,1,57000.0,0.0,Tarjeta Crédito,Tienda Física,Temporada Regular,M
V002762,2,2025-12-23,C00286,P0010,T034,3,100000.0,0.0,Tarjeta Débito,Tienda Física,Temporada Regular,34
V003013,3,2024-12-04,C01704,P0023,T016,4,75000.0,0.0,Tarjeta Débito,Tienda Física,Temporada Regular,M
V003195,2,2024-11-15,C01078,P0008,T034,4,218000.0,0.0,Tarjeta Débito,Tienda Física,Temporada De Diciembre,Xxl
V002647,1,2023-02-07,C01177,P0025,T004,2,140000.0,0.05,Efectivo,Tienda Física,Día De La Madre,Xxl
V002094,1,2024-07-09,C00827,P0014,T008,4,141000.0,0.1,Tarjeta Crédito,Tienda Física,Temporada Regular,30
V001732,1,2024-09-04,C02008,P0010,T025,1,97000.0,0.05,Efectivo,Tienda Física,Temporada Regular,36
V001223,1,2023-12-10,C02582,P0007,T018,1,61000.0,0.0,Tarjeta Crédito,Tienda Física,Temporada Regular,L
V002246,1,2023-01-19,C01648,P0004,T037,2,164000.0,0.0,Efectivo,Tienda Física,Black Friday,40
V001271,2,2025-07-09,C02332,P0003,T043,1,177000.0,0.0,Tarjeta Crédito,Tienda Física,Temporada Regular,34
V001679,1,2025-03-05,C01450,P0007,T023,1,58000.0,0.0,Efectivo,Tienda Física,Black Friday,L
V002838,1,2025-11-18,C01317,P0016,T031,2,143000.0,0.0,Tarjeta Crédito,Tienda Física,Vacaciones,34
V001530,1,2023-06-18,C02459,P0014,T018,1,135000.0,0.0,Efectivo,Tienda Física,Black Friday,36
V000045,1,2023-06-13,C00683,P0005,T004,1,112000.0,0.0,Tarjeta Crédito,Tienda Física,Temporada Regular,Xs
V001946,2,2024-06-20,C00435,P0004,T005,4,177000.0,0.05,Tarjeta Crédito,Tienda Física,Temporada Regular,34
V002453,3,2025-05-03,C00968,P0026,T018,1,140000.0,0.0,Tarjeta Crédito,Tienda Física,Temporada Regular,Xs
V002869,1,2023-06-13,C02624,P0002,T018,1,161000.0,0.0,Efectivo,Tienda Física,Temporada Regular,Xs
V003170,2,2025-10-14,C02537,P0023,T040,1,77000.0,0.0,Tarjeta Débito,Tienda Física,Vacaciones,L
V002427,2,2023-04-27,C01762,P0010,T005,3,90000.0,0.0,Efectivo,Tienda Física,Temporada Regular,28
V003116,1,2025-11-13,C00016,P0018,T023,1,74000.0,0.0,Efectivo,Tienda Física,Temporada Regular,M
V001978,1,2023-03-16,C01119,P0002,T038,2,153000.0,0.0,Efectivo,Tienda Física,Black Friday,Xxl
V001890,2,2023-12-12,C01044,P0004,T026,1,170000.0,0.0,Tarjeta Crédito,Tienda Física,Temporada Regular,36
V000568,1,2023-09-13,C02234,P0025,T018,1,147000.0,0.15,Tarjeta Débito,Tienda Física,Temporada Regular,M
V001242,2,2023-01-21,C00849,P0001,T029,3,138000.0,0.0,Tarjeta Débito,Tienda Física,Temporada Regular,28
V002661,1,2023-06-20,C00256,P0018,T009,2,78000.0,0.05,Tarjeta Crédito,Tienda Física,Temporada Regular,Xs
V000911,2,2024-04-07,C01269,P0021,T001,1,119000.0,0.0,Efectivo,Tienda Física,Black Friday,Xl
V003192,2,2024-12-20,C00001,P0024,T035,2,207000.0,0.0,Tarjeta Débito,Tienda Física,Temporada Regular,S
V001961,1,2025-09-09,C02509,P0018,T004,3,73000.0,0.0,Transferencia,Tienda Física,Temporada Regular,M
V002862,2,2023-06-30,C00339,P0005,T017,3,118000.0,0.1,Tarjeta Crédito,Tienda Física,Temporada Regular,M
V000662,1,2023-01-18,C00165,P0020,T034,1,76000.0,0.0,Tarjeta Débito,Online,Temporada Regular,S
V000603,2,2023-09-26,C00804,P0020,T009,4,75000.0,0.4,Tarjeta Crédito,Tienda Física,Temporada Regular,M
V001795,1,2023-12-16,C00668,P0019,T013,1,69000.0,0.0,Tarjeta Crédito,Online,Temporada Regular,Xs
V003510,1,2023-12-21,C02749,P0011,T042,2,135000.0,0.1,Efectivo,Tienda Física,Temporada Regular,Xs
V000626,1,2024-06-27,C01708,P0012,T043,1,112000.0,0.0,Tarjeta Débito,Online,Temporada Regular,L
V000581,1,2025-05-05,C02346,P0001,T004,1,144000.0,0.0,Tarjeta Crédito,Tienda Física,Vacaciones,38
V002351,1,2025-09-09,C02572,P0010,T005,1,91000.0,0.0,Tarjeta Débito,Tienda Física,Regreso A Clases,38
V000854,1,2025-08-16,C01857,P0020,T009,1,77000.0,0.15,Tarjeta Crédito,Tienda Física,Temporada Regular,L
V001962,2,2023-06-15,C01896,P0012,T015,1,110000.0,0.3,Efectivo,Tienda Física,Black Friday,L
V003448,2,2025-02-23,C01247,P0008,T004,1,225000.0,0.0,Tarjeta Crédito,Tienda Física,Regreso A Clases,L
V000554,1,2025-04-30,C02611,P0006,T022,1,58000.0,0.2,Tarjeta Crédito,Online,Temporada Regular,L
V000496,2,2024-09-27,C02608,P0024,T014,2,223000.0,0.0,Tarjeta Crédito,Tienda Física,Temporada Regular,M
V001206,1,2023-06-16,C02282,P0012,T033,1,113000.0,0.15,Tarjeta Débito,Tienda Física,Temporada Regular,S
V000575,3,2024-01-21,C00243,P0025,T018,2,146000.0,0.0,Efectivo,Tienda Física,Temporada Regular,M
V003133,1,2023-07-14,C00609,P0010,T021,2,99000.0,0.05,Tarjeta Débito,Tienda Física,Vacaciones,32
V003425,1,2025-03-29,C00311,P0013,T004,2,54000.0,0.0,Tarjeta Crédito,Tienda Física,Temporada Regular,M
V000183,2,2025-10-26,C02360,P0001,T035,2,145000.0,0.0,Tarjeta Crédito,Tienda Física,Temporada Regular,30
V000193,3,2025-05-09,C00619,P0007,T004,2,62000.0,0.0,Tarjeta Crédito,Tienda Física,Temporada Regular,S
V003044,1,2023-05-04,C02544,P0004,T038,3,175000.0,0.1,Tarjeta Crédito,Tienda Física,Black Friday,38
V002895,2,2024-05-01,C00768,P0026,T020,1,139000.0,0.05,Efectivo,Tienda Física,Temporada Regular,Xxl
V003602,2,2023-01-21,C01841,P0007,T014,2,59000.0,0.0,Tarjeta Débito,Tienda Física,Vacaciones,M
V003479,2,2025-07-04,C00158,P0009,T018,4,124000.0,0.0,Efectivo,Tienda Física,Temporada Regular,Xs
V001651,2,2024-07-16,C01099,P0001,T023,1,138000.0,0.0,Tarjeta Crédito,Online,Temporada Regular,32
V003387,2,2023-04-20,C00066,P0025,T037,2,145000.0,0.0,Tarjeta Crédito,Tienda Física,Temporada Regular,Xxl
V000088,1,2024-05-06,C01186,P0017,T032,1,152000.0,0.2,Tarjeta Débito,Tienda Física,Temporada De Diciembre,M
V000751,2,2023-05-07,C00285,P0019,T025,2,73000.0,0.15,Tarjeta Crédito,Tienda Física,Temporada De Diciembre,M
V001571,1,2024-01-12,C02476,P0010,T009,2,96000.0,0.1,Tarjeta Crédito,Online,Black Friday,34
V000688,1,2024-09-28,C00359,P0007,T017,1,57000.0,0.0,Tarjeta Débito,Tienda Física,Temporada Regular,Xs
V000875,2,2025-11-30,C02160,P0015,T041,1,176000.0,0.0,Efectivo,Tienda Física,Temporada Regular,40
V001972,2,2025-03-10,C01160,P0004,T039,4,166000.0,0.3,Tarjeta Crédito,Tienda Física,Temporada Regular,32
V001447,3,2025-10-16,C01657,P0012,T020,4,107000.0,0.2,Tarjeta Débito,Tienda Física,Temporada Regular,S
V001823,1,2025-02-21,C00152,P0002,T032,1,151000.0,0.0,Tarjeta Crédito,Tienda Física,Temporada Regular,S
V001082,2,2025-05-14,C02742,P0022,T028,1,200000.0,0.3,Efectivo,Tienda Física,Temporada De Diciembre,S
V002944,2,2024-08-14,C01208,P0012,T009,1,115000.0,0.0,Tarjeta Débito,Tienda Física,Temporada De Diciembre,Xxl
V003648,2,2023-12-20,C02444,P0023,T005,2,79000.0,0.05,Efectivo,Tienda Física,Temporada De Diciembre,Xxl
V002577,1,2025-05-29,C02271,P0007,T004,1,61000.0,0.0,Tarjeta Crédito,Tienda Física,Temporada Regular,Xs
V002658,1,2023-08-03,C02745,P0015,T016,1,169000.0,0.4,Tarjeta Crédito,Tienda Física,Día Del Padre,38
V003583,1,2023-01-06,C01772,P0018,T011,3,75000.0,0.3,Transferencia,Tienda Física,Temporada Regular,L
V000550,1,2024-10-12,C01480,P0015,T004,1,178000.0,0.05,Tarjeta Débito,Tienda Física,Temporada Regular,34
V003039,1,2024-08-19,C00597,P0005,T032,2,115000.0,0.4,Tarjeta Débito,Tienda Física,Black Friday,S
V003112,2,2025-03-07,C00916,P0022,T025,2,193000.0,0.0,Tarjeta Débito,Tienda Física,Temporada De Diciembre,L
V001808,1,2023-02-09,C00549,P0003,T002,1,186000.0,0.0,Tarjeta Crédito,Tienda Física,Temporada De Diciembre,38
V000035,2,2024-07-18,C00246,P0012,T003,1,111000.0,0.0,Efectivo,Tienda Física,Temporada Regular,S
V003019,1,2025-02-26,C00084,P0026,T009,2,130000.0,0.0,Tarjeta Crédito,Online,Temporada Regular,Xxl
V000205,2,2025-08-22,C00119,P0013,T031,4,54000.0,0.0,Efectivo,Tienda Física,Temporada Regular,Xxl
V000148,2,2024-01-09,C00551,P0018,T022,2,79000.0,0.0,Efectivo,Tienda Física,Vacaciones,Xl
V001670,1,2023-09-17,C00047,P0003,T005,1,176000.0,0.0,Efectivo,Tienda Física,Temporada Regular,36
V002370,1,2025-01-03,C02589,P0013,T009,1,58000.0,0.0,Efectivo,Tienda Física,Regreso A Clases,Xl
V001886,1,2025-08-29,C01640,P0014,T033,2,139000.0,0.05,Tarjeta Crédito,Tienda Física,Temporada Regular,28
V000884,1,2025-04-26,C01154,P0011,T004,1,140000.0,0.0,Tarjeta Débito,Tienda Física,Temporada Regular,Xxl
V000302,3,2025-01-19,C02635,P0009,T009,1,121000.0,0.0,Tarjeta Débito,Tienda Física,Temporada Regular,M
V000930,1,2024-03-20,C01468,P0024,T039,4,221000.0,0.05,Tarjeta Crédito,Tienda Física,Temporada Regular,Xxl
V002835,1,2025-09-13,C00824,P0019,T030,2,75000.0,0.4,Tarjeta Débito,Online,Black Friday,L
V001609,2,2023-01-28,C00310,P0016,T020,3,139000.0,0.0,Tarjeta Crédito,Tienda Física,Temporada Regular,40
V003346,1,2023-10-22,C00434,P0005,T012,2,108000.0,0.0,Tarjeta Crédito,Online,Regreso A Clases,Xs
V001278,1,2025-05-27,C00789,P0020,T001,1,79000.0,0.0,Tarjeta Débito,Online,Temporada Regular,L
V001333,2,2024-12-29,C00352,P0011,T004,1,133000.0,0.0,Efectivo,Tienda Física,Temporada Regular,L
V002076,1,2023-12-13,C00782,P0006,T009,4,58000.0,0.0,Tarjeta Crédito,Tienda Física,Temporada Regular,M
V002202,2,2023-10-17,C00965,P0019,T020,3,73000.0,0.0,Efectivo,Tienda Física,Temporada Regular,S
V000304,1,2024-10-01,C01532,P0004,T025,2,167000.0,0.15,Efectivo,Tienda Física,Temporada Regular,28
V003282,2,2023-12-25,C01119,P0001,T040,1,149000.0,0.0,Efectivo,Tienda Física,Temporada Regular,28
V000078,1,2025-11-25,C02344,P0017,T004,2,149000.0,0.0,Efectivo,Tienda Física,Temporada Regular,Xxl
V000307,2,2024-01-30,C00825,P0002,T019,1,155000.0,0.3,Transferencia,Tienda Física,Temporada Regular,Xxl
V000762,1,2023-12-02,C01736,P0013,T030,4,54000.0,0.2,Tarjeta Débito,Online,Black Friday,S
V003505,3,2025-06-07,C00578,P0009,T006,3,124000.0,0.1,Transferencia,Tienda Física,Temporada De Diciembre,Xxl
V001222,2,2024-01-11,C01799,P0012,T019,1,110000.0,0.1,Tarjeta Débito,Tienda Física,Regreso A Clases,Xl
V001910,2,2023-07-19,C01711,P0008,T033,1,215000.0,0.0,Efectivo,Tienda Física,Temporada De Diciembre,L
V003189,1,2025-03-05,C01941,P0020,T031,1,77000.0,0.0,Efectivo,Tienda Física,Temporada Regular,S
V000530,1,2025-12-15,C01023,P0025,T006,4,146000.0,0.0,Transferencia,Tienda Física,Vacaciones,M
V001662,1,2024-03-18,C01116,P0007,T003,2,63000.0,0.15,Tarjeta Crédito,Tienda Física,Vacaciones,M
V000485,2,2025-01-14,C00215,P0016,T028,4,140000.0,0.0,Tarjeta Crédito,Tienda Física,Temporada Regular,28
V000299,2,2024-07-09,C00873,P0001,T040,1,141000.0,0.0,Tarjeta Débito,Tienda Física,Día Del Padre,30
V003610,1,2023-06-04,C01375,P0017,T012,1,145000.0,0.0,Tarjeta Débito,Tienda Física,Temporada Regular,M
V003675,2,2023-10-24,C01427,P0021,T037,4,124000.0,0.1,Tarjeta Crédito,Tienda Física,Black Friday,Xxl
V001857,1,2023-07-26,C00200,P0021,T017,1,125000.0,0.0,Tarjeta Crédito,Tienda Física,Temporada Regular,Xs
V002641,1,2025-09-01,C01403,P0005,T013,1,115000.0,0.0,Efectivo,Tienda Física,Temporada Regular,Xl
V001946,1,2024-06-20,C00435,P0025,T005,3,141000.0,0.15,Tarjeta Crédito,Tienda Física,Temporada Regular,L
V002404,1,2024-06-08,C00871,P0010,T042,4,96000.0,0.0,Tarjeta Crédito,Tienda Física,Vacaciones,34
V000018,1,2025-06-17,C00175,P0023,T041,1,78000.0,0.0,Tarjeta Débito,Online,Temporada Regular,S
V002146,1,2023-07-05,C00089,P0010,T028,1,95000.0,0.0,Tarjeta Débito,Tienda Física,Temporada Regular,40
V001779,2,2023-07-15,C02050,P0003,T004,2,184000.0,0.0,Tarjeta Crédito,Online,Black Friday,36
V002284,1,2024-10-07,C01773,P0015,T001,2,172000.0,0.05,Transferencia,Tienda Física,Black Friday,40
V003322,1,2024-11-18,C02173,P0005,T033,2,117000.0,0.05,Tarjeta Débito,Tienda Física,Black Friday,M
V000547,1,2025-03-16,C00929,P0014,T001,2,136000.0,0.0,Efectivo,Tienda Física,Temporada Regular,36
V000569,1,2023-10-09,C02062,P0016,T023,2,140000.0,0.0,Efectivo,Online,Temporada Regular,34
V001486,1,2025-09-23,C00205,P0016,T004,1,134000.0,0.4,Tarjeta Débito,Online,Temporada Regular,30
V001005,1,2024-10-07,C00288,P0023,T032,1,82000.0,0.0,Efectivo,Tienda Física,Temporada Regular,S
V000982,2,2024-04-09,C01393,P0025,T035,1,136000.0,0.3,Tarjeta Débito,Tienda Física,Temporada Regular,S
V003166,1,2025-06-13,C02301,P0007,T029,2,62000.0,0.0,Tarjeta Crédito,Tienda Física,Temporada Regular,L
V002592,1,2024-01-08,C00221,P0019,T004,2,75000.0,0.0,Tarjeta Crédito,Tienda Física,Temporada Regular,M
V000828,2,2023-11-22,C02617,P0015,T014,1,176000.0,0.0,Tarjeta Débito,Tienda Física,Regreso A Clases,40
V001265,2,2024-04-24,C02165,P0019,T040,2,71000.0,0.05,Tarjeta Crédito,Tienda Física,Temporada Regular,Xl
V002578,2,2025-08-08,C00826,P0022,T019,1,202000.0,0.0,Tarjeta Débito,Tienda Física,Temporada Regular,S
V003169,1,2024-09-16,C00555,P0012,T019,2,108000.0,0.0,Tarjeta Crédito,Tienda Física,Día De La Madre,M
V002427,3,2023-04-27,C01762,P0003,T005,1,186000.0,0.05,Efectivo,Tienda Física,Temporada Regular,36
V002128,1,2024-01-05,C00669,P0002,T004,2,163000.0,0.0,Efectivo,Tienda Física,Regreso A Clases,M
V002488,1,2023-02-04,C01460,P0018,T001,3,78000.0,0.0,Tarjeta Crédito,Tienda Física,Temporada Regular,Xl
V001755,1,2023-04-27,C01412,P0019,T013,2,74000.0,0.1,Tarjeta Crédito,Tienda Física,Temporada Regular,Xl
V000982,1,2024-04-09,C01393,P0024,T035,2,212000.0,0.0,Tarjeta Débito,Tienda Física,Temporada Regular,Xxl
V000020,1,2024-08-24,C00534,P0024,T020,2,211000.0,0.05,Tarjeta Débito,Tienda Física,Regreso A Clases,Xs
V001915,1,2023-08-10,C00893,P0002,T007,1,150000.0,0.0,Tarjeta Crédito,Tienda Física,Temporada Regular,S
V003513,1,2023-04-23,C01989,P0003,T034,1,175000.0,0.0,Tarjeta Crédito,Tienda Física,Temporada Regular,36
V000120,3,2025-03-27,C00444,P0011,T004,1,135000.0,0.3,Tarjeta Crédito,Tienda Física,Temporada Regular,S
V003446,1,2024-11-29,C00567,P0018,T037,1,76000.0,0.3,Tarjeta Crédito,Tienda Física,Temporada Regular,M
V002174,1,2023-07-21,C02703,P0012,T014,1,105000.0,0.0,Tarjeta Débito,Tienda Física,Vacaciones,L
V003164,2,2024-04-19,C00648,P0021,T009,1,117000.0,0.0,Tarjeta Débito,Tienda Física,Black Friday,Xl
V000216,1,2024-03-15,C00313,P0023,T004,1,80000.0,0.2,Tarjeta Crédito,Online,Vacaciones,Xxl
V001056,2,2023-10-25,C02137,P0022,T018,4,191000.0,0.2,Tarjeta Crédito,Tienda Física,Temporada Regular,Xs
V000801,1,2024-01-06,C00185,P0008,T030,1,212000.0,0.05,Tarjeta Débito,Online,Temporada De Diciembre,L
V000460,1,2024-10-01,C01261,P0021,T002,1,119000.0,0.0,Efectivo,Tienda Física,Temporada Regular,L
V000452,1,2023-05-13,C02057,P0007,T004,1,59000.0,0.1,Tarjeta Crédito,Online,Temporada Regular,L
V001322,1,2024-01-19,C00561,P0002,T030,4,158000.0,0.0,Tarjeta Débito,Tienda Física,Temporada Regular,S
V003794,2,2024-02-04,C01130,P0017,T014,1,153000.0,0.0,Efectivo,Tienda Física,Temporada Regular,S
V003312,1,2024-05-17,C01960,P0023,T022,1,78000.0,0.0,Tarjeta Débito,Tienda Física,Temporada Regular,Xl
V002541,2,2023-01-04,C02075,P0009,T004,3,129000.0,0.0,Tarjeta Crédito,Tienda Física,Black Friday,M
V000290,1,2025-02-12,C01179,P0007,T043,4,62000.0,0.0,Tarjeta Crédito,Tienda Física,Temporada Regular,L
V001367,2,2024-11-14,C02306,P0014,T035,4,142000.0,0.0,Tarjeta Débito,Tienda Física,Regreso A Clases,36
V001184,2,2024-02-19,C00248,P0005,T032,2,110000.0,0.05,Tarjeta Crédito,Tienda Física,Día Del Padre,Xl
V001578,1,2024-10-18,C00786,P0001,T007,2,141000.0,0.1,Tarjeta Débito,Tienda Física,Temporada Regular,32
V000131,2,2023-02-03,C01000,P0013,T014,2,56000.0,0.1,Tarjeta Crédito,Tienda Física,Regreso A Clases,S
V001380,2,2024-08-07,C00016,P0003,T033,2,176000.0,0.0,Tarjeta Débito,Tienda Física,Temporada De Diciembre,34
V001958,2,2024-06-10,C00977,P0015,T006,1,175000.0,0.05,Tarjeta Débito,Tienda Física,Regreso A Clases,40
V000210,2,2023-09-08,C01861,P0017,T010,4,153000.0,0.0,Tarjeta Crédito,Online,Temporada Regular,M
V000918,2,2024-05-31,C01799,P0009,T031,2,129000.0,0.2,Tarjeta Débito,Tienda Física,Temporada De Diciembre,M
V000745,1,2023-07-27,C02525,P0014,T026,2,135000.0,0.0,Transferencia,Tienda Física,Temporada Regular,36
V000687,1,2023-04-12,C01830,P0023,T006,3,79000.0,0.3,Transferencia,Tienda Física,Temporada Regular,S
V000481,1,2023-11-30,C02650,P0006,T031,1,54000.0,0.0,Tarjeta Crédito,Tienda Física,Temporada Regular,Xs
V003106,1,2025-11-05,C02150,P0012,T004,1,113000.0,0.0,Efectivo,Tienda Física,Temporada Regular,S
V000184,1,2025-08-03,C00763,P0002,T010,4,157000.0,0.0,Tarjeta Débito,Tienda Física,Temporada Regular,M
V000608,1,2024-06-08,C02084,P0025,T009,1,144000.0,0.0,Tarjeta Crédito,Tienda Física,Temporada Regular,Xl
V001604,2,2025-12-11,C01726,P0008,T010,1,225000.0,0.0,Tarjeta Débito,Online,Temporada Regular,M
V001099,2,2023-06-08,C01271,P0022,T027,1,203000.0,0.0,Tarjeta Débito,Tienda Física,Temporada De Diciembre,Xxl
V001561,1,2023-07-16,C00536,P0005,T014,4,111000.0,0.05,Tarjeta Débito,Tienda Física,Temporada De Diciembre,L
V000972,1,2025-10-20,C02269,P0009,T035,1,124000.0,0.15,Tarjeta Crédito,Tienda Física,Temporada Regular,Xl
V002158,1,2025-11-01,C01695,P0026,T038,2,139000.0,0.0,Efectivo,Tienda Física,Temporada De Diciembre,Xs
V001579,1,2025-01-03,C01410,P0014,T014,3,138000.0,0.3,Efectivo,Tienda Física,Día Del Padre,34
V000816,2,2025-03-20,C00581,P0023,T038,1,77000.0,0.0,Efectivo,Tienda Física,Temporada De Diciembre,Xl
V003088,3,2023-04-19,C00297,P0005,T013,3,111000.0,0.0,Tarjeta Crédito,Tienda Física,Temporada Regular,Xs
V002413,1,2024-05-01,C00191,P0010,T013,4,100000.0,0.15,Efectivo,Tienda Física,Día Del Padre,28
V003663,2,2025-09-30,C01137,P0015,T016,2,179000.0,0.05,Tarjeta Débito,Tienda Física,Regreso A Clases,32
V003623,1,2024-03-24,C00177,P0023,T006,4,80000.0,0.0,Tarjeta Crédito,Tienda Física,Temporada Regular,Xl
V001761,2,2023-05-20,C00045,P0024,T039,1,224000.0,0.0,Tarjeta Débito,Tienda Física,Temporada Regular,L
V003111,2,2024-04-16,C02612,P0006,T035,1,56000.0,0.0,Transferencia,Tienda Física,Black Friday,M
V002636,1,2024-09-09,C02773,P0004,T018,3,178000.0,0.4,Tarjeta Débito,Online,Vacaciones,38
V003646,1,2024-06-23,C00869,P0018,T034,1,73000.0,0.0,Tarjeta Crédito,Tienda Física,Temporada Regular,S
V002450,1,2024-08-15,C00252,P0024,T025,1,211000.0,0.0,Efectivo,Online,Temporada Regular,S
V003009,1,2025-01-01,C00908,P0022,T022,2,205000.0,0.0,Transferencia,Tienda Física,Temporada Regular,S
V000057,3,2024-08-07,C02111,P0006,T039,4,57000.0,0.0,Tarjeta Débito,Tienda Física,Temporada Regular,S
V003297,2,2025-08-03,C01315,P0005,T028,2,116000.0,0.05,Tarjeta Crédito,Tienda Física,Temporada Regular,M
V000747,1,2024-07-07,C01864,P0022,T039,1,193000.0,0.0,Tarjeta Débito,Tienda Física,Temporada Regular,Xs
V000550,3,2024-10-12,C01480,P0023,T004,1,78000.0,0.05,Tarjeta Débito,Tienda Física,Temporada Regular,Xxl
V002262,2,2023-01-18,C02216,P0010,T004,1,98000.0,0.15,Efectivo,Tienda Física,Temporada Regular,40
V002067,2,2024-09-05,C01578,P0017,T004,1,145000.0,0.1,Tarjeta Débito,Tienda Física,Temporada Regular,Xl
V003038,3,2024-04-14,C01444,P0026,T004,1,130000.0,0.15,Tarjeta Crédito,Tienda Física,Temporada De Diciembre,L
V000518,1,2023-10-08,C00805,P0021,T041,1,115000.0,0.1,Tarjeta Crédito,Tienda Física,Temporada De Diciembre,Xl
V000859,2,2025-03-15,C00246,P0013,T009,1,58000.0,0.15,Efectivo,Tienda Física,Temporada Regular,Xl
V002727,1,2023-09-20,C00245,P0013,T039,4,57000.0,0.05,Tarjeta Crédito,Tienda Física,Temporada De Diciembre,Xxl
V003197,1,2023-09-27,C02302,P0002,T011,4,151000.0,0.0,Tarjeta Crédito,Tienda Física,Temporada Regular,M
V000555,2,2024-09-27,C01606,P0010,T036,1,99000.0,0.15,Efectivo,Tienda Física,Vacaciones,28
V000967,2,2024-05-10,C00261,P0018,T009,1,75000.0,0.0,Tarjeta Crédito,Tienda Física,Temporada Regular,L
V003108,1,2024-03-20,C02052,P0003,T004,1,186000.0,0.15,Tarjeta Débito,Tienda Física,Vacaciones,38
V003319,1,2025-09-12,C01283,P0025,T022,1,137000.0,0.0,Tarjeta Crédito,Online,Regreso A Clases,Xs
V003680,2,2023-12-24,C01279,P0015,T004,1,173000.0,0.3,Tarjeta Débito,Tienda Física,Temporada Regular,40
V001505,1,2023-09-17,C01375,P0021,T043,1,115000.0,0.0,Tarjeta Crédito,Tienda Física,Temporada Regular,S
V000732,1,2024-03-11,C00818,P0024,T017,1,212000.0,0.0,Tarjeta Crédito,Tienda Física,Temporada Regular,Xxl
V003445,1,2023-08-06,C02098,P0018,T008,1,78000.0,0.0,Tarjeta Débito,Tienda Física,Temporada Regular,Xl
V000909,1,2025-05-15,C02777,P0013,T018,3,55000.0,0.0,Efectivo,Online,Vacaciones,Xxl
V000664,1,2023-07-16,C00086,P0009,T043,4,123000.0,0.0,Transferencia,Tienda Física,Temporada Regular,S
V000412,1,2023-01-28,C02342,P0024,T043,1,212000.0,0.15,Tarjeta Débito,Tienda Física,Temporada De Diciembre,M
V001306,1,2024-11-11,C00646,P0016,T012,4,145000.0,0.0,Tarjeta Crédito,Online,Temporada De Diciembre,34
V000754,3,2023-05-04,C00723,P0012,T035,2,113000.0,0.2,Tarjeta Débito,Tienda Física,Temporada Regular,Xl
V002545,2,2023-04-28,C00489,P0008,T011,2,227000.0,0.0,Efectivo,Tienda Física,Temporada Regular,Xl
V002732,1,2023-05-20,C00165,P0022,T004,1,201000.0,0.0,Tarjeta Crédito,Tienda Física,Temporada Regular,Xxl
V001481,1,2024-04-20,C01506,P0013,T011,1,55000.0,0.0,Efectivo,Tienda Física,Temporada Regular,M
V002056,2,2024-02-14,C01952,P0001,T039,1,140000.0,0.0,Tarjeta Crédito,Tienda Física,Black Friday,36
V001030,2,2023-09-21,C00291,P0020,T022,2,77000.0,0.0,Efectivo,Tienda Física,Temporada Regular,M
V002721,2,2025-07-11,C00204,P0011,T004,1,136000.0,0.0,Efectivo,Online,Regreso A Clases,Xxl
V001167,2,2024-03-06,C00729,P0007,T006,1,61000.0,0.15,Tarjeta Crédito,Tienda Física,Temporada Regular,Xs
V001176,2,2025-11-25,C00163,P0019,T037,1,71000.0,0.0,Tarjeta Crédito,Online,Temporada Regular,Xs
V003010,1,2025-02-04,C02226,P0005,T035,1,110000.0,0.1,Efectivo,Tienda Física,Temporada Regular,S
V002407,2,2023-03-02,C02409,P0015,T028,1,175000.0,0.0,Tarjeta Débito,Tienda Física,Día De La Madre,34
V001580,3,2023-05-29,C00746,P0017,T034,1,141000.0,0.0,Tarjeta Crédito,Tienda Física,Regreso A Clases,L
V001750,1,2023-06-19,C00294,P0005,T035,2,110000.0,0.0,Tarjeta Débito,Online,Día De La Madre,M
V002422,1,2024-12-06,C01137,P0021,T004,2,117000.0,0.1,Tarjeta Crédito,Tienda Física,Temporada Regular,L
V001940,1,2023-05-13,C01911,P0019,T035,4,71000.0,0.0,Tarjeta Débito,Tienda Física,Regreso A Clases,Xs
V002417,2,2024-06-11,C00840,P0013,T034,3,55000.0,0.0,Transferencia,Tienda Física,Temporada Regular,Xxl
V000882,3,2025-11-30,C01454,P0025,T001,4,141000.0,0.0,Tarjeta Débito,Tienda Física,Vacaciones,Xxl
V000040,1,2025-02-04,C02540,P0003,T001,1,177000.0,0.1,Tarjeta Débito,Tienda Física,Día Del Padre,38
V003718,1,2024-03-11,C00541,P0003,T014,3,177000.0,0.05,Tarjeta Crédito,Tienda Física,Temporada Regular,30
V002253,2,2025-04-27,C00402,P0015,T021,4,173000.0,0.0,Tarjeta Débito,Tienda Física,Temporada Regular,36
V002679,1,2023-09-22,C01429,P0013,T004,2,59000.0,0.0,Tarjeta Débito,Tienda Física,Black Friday,L
V002365,1,2024-10-18,C02473,P0013,T004,1,59000.0,0.0,Transferencia,Tienda Física,Temporada Regular,Xl
V001700,1,2024-01-21,C00229,P0017,T004,2,152000.0,0.0,Efectivo,Tienda Física,Regreso A Clases,Xl
V002360,3,2025-01-16,C01925,P0018,T010,1,79000.0,0.0,Tarjeta Crédito,Tienda Física,Temporada Regular,L
V001152,1,2025-10-08,C00409,P0015,T025,1,176000.0,0.2,Transferencia,Tienda Física,Temporada De Diciembre,30
V001844,2,2023-12-25,C01360,P0015,T021,3,172000.0,0.0,Efectivo,Tienda Física,Vacaciones,36
V002366,1,2025-09-24,C00841,P0007,T022,2,63000.0,0.1,Tarjeta Débito,Online,Día Del Padre,Xl
V002749,1,2025-10-07,C01053,P0008,T016,2,222000.0,0.3,Tarjeta Crédito,Tienda Física,Vacaciones,S
V000124,2,2023-12-20,C02711,P0007,T022,1,57000.0,0.0,Tarjeta Crédito,Tienda Física,Temporada Regular,Xxl
V003012,1,2023-06-09,C01494,P0016,T007,3,134000.0,0.15,Tarjeta Débito,Tienda Física,Temporada Regular,32
V003609,2,2025-05-20,C00811,P0022,T037,4,205000.0,0.0,Tarjeta Crédito,Tienda Física,Temporada Regular,S
V001779,1,2023-07-15,C02050,P0017,T004,1,151000.0,0.1,Tarjeta Crédito,Online,Black Friday,Xs
V003282,1,2023-12-25,C01119,P0018,T040,4,79000.0,0.0,Efectivo,Tienda Física,Temporada Regular,M
V000102,1,2023-03-08,C00197,P0013,T004,3,57000.0,0.0,Efectivo,Tienda Física,Temporada Regular,S
V001846,2,2023-08-31,C01143,P0020,T004,1,78000.0,0.0,Efectivo,Online,Temporada Regular,Xxl
V000090,1,2023-08-14,C02178,P0004,T027,2,170000.0,0.0,Efectivo,Online,Black Friday,34
V000746,1,2025-06-20,C01151,P0011,T034,1,131000.0,0.0,Tarjeta Débito,Tienda Física,Regreso A Clases,M
V002557,1,2025-02-02,C02019,P0004,T007,4,164000.0,0.0,Transferencia,Tienda Física,Vacaciones,38
V002045,1,2024-10-20,C00959,P0008,T021,3,214000.0,0.0,Tarjeta Crédito,Tienda Física,Vacaciones,M
V003066,1,2024-03-23,C00533,P0011,T005,1,128000.0,0.0,Tarjeta Crédito,Tienda Física,Temporada Regular,L
V000117,1,2023-04-08,C00502,P0001,T009,4,140000.0,0.4,Efectivo,Tienda Física,Temporada Regular,36
V002520,3,2023-09-02,C02255,P0006,T004,2,56000.0,0.05,Efectivo,Tienda Física,Vacaciones,S
V002957,3,2025-02-19,C00177,P0010,T026,2,95000.0,0.0,Tarjeta Crédito,Tienda Física,Temporada De Diciembre,30
V000314,1,2024-12-02,C00538,P0011,T013,1,130000.0,0.05,Transferencia,Tienda Física,Temporada Regular,S
V001010,1,2025-12-09,C02445,P0014,T020,2,139000.0,0.0,Tarjeta Crédito,Tienda Física,Temporada Regular,38
V000954,2,2023-07-01,C01582,P0023,T006,1,79000.0,0.0,Efectivo,Tienda Física,Temporada Regular,Xxl
V003001,3,2025-02-15,C01300,P0009,T037,4,130000.0,0.0,Efectivo,Tienda Física,Temporada Regular,Xl
V001745,1,2023-08-21,C02494,P0005,T040,2,115000.0,0.0,Efectivo,Tienda Física,Temporada Regular,L
V002591,1,2023-08-04,C00671,P0022,T011,1,204000.0,0.0,Tarjeta Débito,Tienda Física,Temporada Regular,Xs
V001426,1,2025-10-07,C02056,P0023,T004,2,79000.0,0.0,Tarjeta Crédito,Tienda Física,Temporada Regular,M
V000413,2,2023-05-16,C01708,P0026,T043,1,142000.0,0.1,Transferencia,Online,Temporada Regular,M
V001655,1,2023-04-24,C01634,P0014,T038,1,137000.0,0.0,Tarjeta Crédito,Tienda Física,Temporada De Diciembre,30
V000979,1,2024-04-21,C00414,P0026,T024,4,140000.0,0.0,Tarjeta Crédito,Tienda Física,Regreso A Clases,S
V000445,1,2025-04-05,C01523,P0010,T031,2,92000.0,0.0,Tarjeta Débito,Tienda Física,Temporada Regular,34
V001516,1,2025-12-30,C01325,P0020,T026,1,79000.0,0.0,Tarjeta Débito,Tienda Física,Temporada Regular,Xxl
V003176,1,2024-07-04,C00605,P0024,T024,1,206000.0,0.0,Tarjeta Débito,Tienda Física,Temporada De Diciembre,M
V003058,1,2023-12-01,C01241,P0013,T032,4,58000.0,0.0,Tarjeta Débito,Tienda Física,Temporada De Diciembre,Xl
V000980,1,2023-09-12,C01882,P0018,T011,1,79000.0,0.0,Tarjeta Crédito,Tienda Física,Vacaciones,Xxl
V000491,2,2024-04-14,C00896,P0005,T014,2,113000.0,0.0,Efectivo,Tienda Física,Temporada De Diciembre,M
V002398,1,2023-02-13,C00947,P0007,T015,1,61000.0,0.0,Tarjeta Crédito,Tienda Física,Temporada Regular,S
V002091,1,2023-02-16,C02397,P0021,T023,2,119000.0,0.15,Tarjeta Débito,Online,Temporada Regular,L
V003049,1,2024-01-31,C01423,P0020,T007,2,78000.0,0.0,Tarjeta Crédito,Tienda Física,Temporada Regular,L
V002101,1,2025-06-11,C00750,P0016,T019,2,133000.0,0.1,Efectivo,Tienda Física,Temporada Regular,36
V000934,2,2023-04-17,C00069,P0026,T018,2,142000.0,0.0,Efectivo,Tienda Física,Temporada Regular,L
V001708,1,2024-10-07,C01875,P0005,T022,1,116000.0,0.0,Tarjeta Débito,Tienda Física,Regreso A Clases,L
V000481,2,2023-11-30,C02650,P0018,T031,1,79000.0,0.0,Tarjeta Crédito,Tienda Física,Temporada Regular,Xl
V002104,2,2024-12-15,C00508,P0026,T008,1,137000.0,0.0,Tarjeta Débito,Tienda Física,Regreso A Clases,Xs
V001474,1,2024-04-19,C02627,P0016,T032,1,138000.0,0.0,Tarjeta Débito,Tienda Física,Temporada De Diciembre,32
V003795,1,2025-03-04,C01631,P0023,T008,3,74000.0,0.0,Tarjeta Débito,Tienda Física,Temporada Regular,Xs
V002797,1,2023-12-24,C02727,P0023,T009,3,77000.0,0.15,Tarjeta Crédito,Online,Temporada Regular,L
V002817,3,2023-08-17,C00877,P0016,T004,2,139000.0,0.0,Transferencia,Tienda Física,Temporada Regular,36
V001400,1,2024-06-05,C00413,P0009,T016,4,125000.0,0.0,Efectivo,Tienda Física,Temporada Regular,Sin Talla
V001703,3,2025-04-08,C00920,P0001,T009,1,140000.0,0.3,Transferencia,Tienda Física,Día Del Padre,28
V002751,1,2023-10-04,C00869,P0024,T041,1,222000.0,0.2,Efectivo,Tienda Física,Temporada De Diciembre,Xxl
V002117,1,2023-11-08,C01345,P0015,T009,1,183000.0,0.05,Tarjeta Crédito,Tienda Física,Día De La Madre,36
V003307,1,2025-12-26,C02187,P0018,T012,2,79000.0,0.1,Tarjeta Débito,Tienda Física,Black Friday,Xs
V000410,1,2025-06-21,C02702,P0005,T014,1,117000.0,0.2,Tarjeta Crédito,Tienda Física,Temporada Regular,S
V002720,1,2023-10-04,C02097,P0008,T015,2,218000.0,0.0,Tarjeta Débito,Tienda Física,Temporada Regular,S
V003489,2,2025-08-14,C01676,P0004,T004,1,167000.0,0.0,Transferencia,Tienda Física,Black Friday,36
V001288,1,2024-06-10,C02667,P0003,T033,1,174000.0,0.0,Efectivo,Tienda Física,Temporada Regular,36
V000368,2,2024-08-29,C02267,P0019,T025,3,69000.0,0.0,Tarjeta Débito,Tienda Física,Temporada Regular,Xxl
V001203,1,2023-06-25,C01204,P0024,T022,4,219000.0,0.0,Tarjeta Crédito,Tienda Física,Temporada Regular,L
V002548,1,2025-12-21,C00996,P0013,T004,2,56000.0,0.0,Tarjeta Crédito,Online,Temporada Regular,Xs
V002347,1,2024-05-18,C01854,P0006,T010,3,55000.0,0.2,Tarjeta Débito,Tienda Física,Vacaciones,Xxl
V002917,1,2024-10-20,C02402,P0002,T014,1,155000.0,0.0,Tarjeta Crédito,Tienda Física,Temporada Regular,M
V002546,1,2025-06-23,C02129,P0023,T016,2,77000.0,0.05,Tarjeta Crédito,Tienda Física,Vacaciones,M
V000275,1,2025-01-28,C00754,P0024,T016,1,220000.0,0.0,Transferencia,Tienda Física,Black Friday,Xs
V003707,1,2023-05-07,C01313,P0014,T004,2,135000.0,0.3,Transferencia,Tienda Física,Temporada Regular,38
V002688,1,2023-09-07,C01305,P0006,T006,1,55000.0,0.05,Tarjeta Crédito,Tienda Física,Temporada Regular,Xs
V001819,1,2024-02-02,C00609,P0010,T039,2,100000.0,0.0,Tarjeta Débito,Tienda Física,Vacaciones,38
V000361,2,2024-03-04,C01236,P0003,T016,1,176000.0,0.15,Tarjeta Débito,Online,Black Friday,34
V002566,2,2023-03-21,C02239,P0023,T036,4,75000.0,0.0,Tarjeta Crédito,Tienda Física,Regreso A Clases,S
V002829,3,2024-12-05,C00961,P0023,T004,2,75000.0,0.0,Tarjeta Crédito,Tienda Física,Vacaciones,Xs
V002563,1,2025-02-02,C01824,P0016,T005,3,140000.0,0.4,Efectivo,Tienda Física,Temporada Regular,32
V001737,1,2025-02-20,C02261,P0012,T009,2,108000.0,0.05,Efectivo,Tienda Física,Temporada Regular,S
V001660,2,2023-12-12,C01506,P0002,T012,4,151000.0,0.4,Tarjeta Débito,Tienda Física,Temporada Regular,L
V002673,1,2023-08-16,C00033,P0008,T024,4,218000.0,0.2,Tarjeta Crédito,Online,Temporada De Diciembre,L
V003609,1,2025-05-20,C00811,P0001,T037,1,142000.0,0.0,Tarjeta Crédito,Tienda Física,Temporada Regular,36
V000562,2,2023-07-14,C01834,P0011,T026,2,127000.0,0.0,Tarjeta Crédito,Tienda Física,Black Friday,S
V003711,3,2025-11-19,C02606,P0002,T024,1,162000.0,0.0,Tarjeta Débito,Tienda Física,Temporada Regular,Xxl
V000218,1,2024-12-10,C01143,P0005,T026,2,113000.0,0.05,Tarjeta Crédito,Tienda Física,Día Del Padre,Xl
V003112,1,2025-03-07,C00916,P0007,T025,2,61000.0,0.0,Tarjeta Débito,Tienda Física,Temporada De Diciembre,L
V003007,3,2023-02-06,C00089,P0016,T031,3,142000.0,0.0,Transferencia,Tienda Física,Temporada Regular,32
V003789,1,2023-11-28,C00734,P0004,T032,1,165000.0,0.0,Tarjeta Débito,Tienda Física,Día De La Madre,34
V000981,1,2023-02-21,C01212,P0006,T038,2,58000.0,0.0,Transferencia,Tienda Física,Día De La Madre,Xl
V003750,1,2025-05-06,C00251,P0003,T009,1,176000.0,0.15,Tarjeta Crédito,Tienda Física,Temporada Regular,34
V003624,2,2025-09-09,C01046,P0017,T013,4,144000.0,0.0,Tarjeta Crédito,Tienda Física,Temporada Regular,L
V003040,1,2025-11-10,C01830,P0005,T039,2,115000.0,0.3,Tarjeta Débito,Tienda Física,Temporada Regular,M
V000905,1,2023-11-09,C00443,P0019,T035,1,69000.0,0.3,Tarjeta Crédito,Online,Temporada Regular,S
V001713,1,2023-04-07,C00332,P0025,T017,2,142000.0,0.0,Tarjeta Débito,Tienda Física,Temporada Regular,Xl
V000518,2,2023-10-08,C00805,P0015,T041,1,179000.0,0.0,Tarjeta Crédito,Tienda Física,Temporada De Diciembre,32
V003301,1,2023-06-25,C02245,P0006,T012,1,54000.0,0.0,Tarjeta Crédito,Tienda Física,Temporada Regular,Xl
V000363,2,2024-04-18,C01412,P0019,T012,4,73000.0,0.0,Tarjeta Crédito,Tienda Física,Vacaciones,Xxl
V002034,2,2023-04-11,C01697,P0016,T018,3,141000.0,0.2,Transferencia,Tienda Física,Temporada Regular,36
V002952,2,2024-11-18,C00736,P0009,T004,1,127000.0,0.15,Efectivo,Tienda Física,Temporada De Diciembre,Xl
V002132,3,2023-06-03,C02514,P0001,T004,1,148000.0,0.05,Efectivo,Tienda Física,Temporada Regular,32
V003101,1,2024-07-09,C01558,P0007,T001,1,58000.0,0.0,Efectivo,Tienda Física,Regreso A Clases,Xl
V000920,1,2023-01-18,C00457,P0014,T022,2,145000.0,0.0,Tarjeta Débito,Online,Vacaciones,38
V003038,2,2024-04-14,C01444,P0010,T004,2,91000.0,0.0,Tarjeta Crédito,Tienda Física,Temporada De Diciembre,38
V003070,1,2023-02-22,C01484,P0002,T009,1,152000.0,0.15,Tarjeta Débito,Tienda Física,Temporada Regular,Xs
V002394,2,2023-07-27,C02485,P0022,T004,2,197000.0,0.0,Efectivo,Tienda Física,Temporada De Diciembre,Xl
V001720,1,2024-10-09,C00642,P0020,T005,1,77000.0,0.05,Efectivo,Tienda Física,Temporada Regular,Xl
V003467,1,2024-12-12,C00782,P0006,T038,3,56000.0,0.0,Tarjeta Débito,Tienda Física,Temporada De Diciembre,Xxl
V000010,1,2023-03-04,C00997,P0012,T022,4,108000.0,0.3,Tarjeta Crédito,Tienda Física,Temporada De Diciembre,S
V000663,1,2024-03-04,C02008,P0022,T003,1,203000.0,0.2,Transferencia,Online,Vacaciones,Xxl
V003125,1,2024-02-12,C02410,P0010,T025,1,98000.0,0.0,Transferencia,Tienda Física,Temporada Regular,36
V002308,1,2023-11-10,C01046,P0014,T016,1,137000.0,0.1,Efectivo,Tienda Física,Día De La Madre,32
V003151,2,2024-01-11,C02200,P0010,T042,1,98000.0,0.0,Tarjeta Crédito,Tienda Física,Vacaciones,32
V000243,2,2025-04-08,C02503,P0023,T002,3,78000.0,0.0,Tarjeta Crédito,Tienda Física,Temporada Regular,S
V001514,3,2024-09-04,C02128,P0025,T004,2,139000.0,0.1,Efectivo,Tienda Física,Temporada De Diciembre,S
V003068,2,2024-08-04,C01479,P0016,T034,3,143000.0,0.0,Tarjeta Crédito,Tienda Física,Día De La Madre,30
V000513,1,2025-04-05,C01503,P0012,T034,2,112000.0,0.0,Tarjeta Débito,Tienda Física,Temporada Regular,Xl
V001252,2,2023-05-15,C00516,P0010,T035,2,93000.0,0.1,Tarjeta Débito,Tienda Física,Temporada Regular,30
V001021,2,2025-05-30,C01304,P0016,T022,4,144000.0,0.0,Tarjeta Crédito,Tienda Física,Temporada Regular,40
V001724,1,2025-02-23,C00550,P0018,T039,2,77000.0,0.3,Tarjeta Débito,Tienda Física,Temporada Regular,S
V000126,1,2024-06-11,C01861,P0022,T033,1,194000.0,0.3,Transferencia,Tienda Física,Black Friday,L
V002333,1,2023-03-03,C00837,P0014,T023,1,133000.0,0.0,Tarjeta Débito,Tienda Física,Black Friday,28
V001564,1,2025-05-24,C01937,P0006,T031,2,56000.0,0.0,Tarjeta Débito,Tienda Física,Black Friday,Xl
V000354,1,2024-07-12,C01574,P0006,T001,2,56000.0,0.05,Efectivo,Tienda Física,Temporada Regular,Xl
V000922,1,2024-11-24,C02353,P0022,T008,2,191000.0,0.4,Efectivo,Online,Temporada De Diciembre,M
V002195,1,2023-08-25,C01567,P0002,T005,1,151000.0,0.0,Tarjeta Crédito,Online,Vacaciones,Xl
V003337,1,2025-10-28,C01721,P0010,T008,2,99000.0,0.4,Tarjeta Crédito,Tienda Física,Black Friday,30
V000476,2,2024-07-24,C01898,P0007,T004,3,63000.0,0.0,Tarjeta Débito,Tienda Física,Temporada Regular,Xl
V003470,2,2024-11-01,C01627,P0018,T042,1,79000.0,0.2,Tarjeta Crédito,Tienda Física,Temporada Regular,S
V003300,1,2025-05-07,C02409,P0024,T017,2,217000.0,0.15,Tarjeta Crédito,Online,Vacaciones,Xxl
V001673,3,2024-01-23,C00153,P0015,T007,3,181000.0,0.0,Tarjeta Crédito,Tienda Física,Temporada Regular,40
V002834,1,2025-04-11,C00378,P0009,T006,1,125000.0,0.1,Tarjeta Crédito,Tienda Física,Black Friday,L
V001151,2,2024-11-10,C01924,P0013,T004,1,60000.0,0.05,Tarjeta Crédito,Tienda Física,Temporada Regular,Xs
V001414,2,2024-07-09,C00443,P0014,T028,1,142000.0,0.05,Tarjeta Débito,Tienda Física,Temporada Regular,38
V001478,1,2024-05-12,C01687,P0003,T031,1,174000.0,0.0,Tarjeta Débito,Tienda Física,Temporada Regular,34
V003699,2,2023-11-10,C00545,P0004,T017,1,171000.0,0.1,Efectivo,Online,Temporada Regular,30
V003170,1,2025-10-14,C02537,P0001,T040,1,139000.0,0.2,Tarjeta Débito,Tienda Física,Vacaciones,28
V002648,2,2023-05-22,C00126,P0026,T021,1,132000.0,0.0,Tarjeta Crédito,Tienda Física,Temporada Regular,Xxl
V002117,3,2023-11-08,C01345,P0001,T009,1,137000.0,0.0,Tarjeta Crédito,Tienda Física,Día De La Madre,30
V002530,1,2024-06-10,C00340,P0001,T017,1,148000.0,0.1,Tarjeta Débito,Tienda Física,Regreso A Clases,38
V001260,1,2025-05-22,C01856,P0023,T036,1,74000.0,0.0,Tarjeta Crédito,Tienda Física,Temporada Regular,Xl
V000549,1,2023-12-14,C00932,P0014,T003,1,139000.0,0.0,Transferencia,Tienda Física,Temporada Regular,30
V001420,1,2023-04-26,C00835,P0009,T035,2,131000.0,0.1,Tarjeta Crédito,Tienda Física,Regreso A Clases,M
V000891,3,2023-03-28,C00608,P0020,T026,1,75000.0,0.15,Tarjeta Crédito,Tienda Física,Temporada Regular,Xxl
V000821,2,2025-07-25,C02753,P0014,T005,1,142000.0,0.1,Tarjeta Débito,Tienda Física,Día De La Madre,40
V002346,3,2025-12-04,C01803,P0007,T031,1,62000.0,0.0,Tarjeta Crédito,Tienda Física,Temporada Regular,M
V001843,3,2025-11-26,C00863,P0004,T006,1,171000.0,0.0,Transferencia,Tienda Física,Día Del Padre,28
V002817,2,2023-08-17,C00877,P0023,T004,4,77000.0,0.2,Transferencia,Tienda Física,Temporada Regular,S
V003485,1,2023-02-09,C00276,P0022,T030,4,194000.0,0.0,Tarjeta Crédito,Tienda Física,Temporada Regular,M
V003434,1,2023-12-22,C00718,P0005,T031,2,113000.0,0.2,Tarjeta Crédito,Tienda Física,Vacaciones,S
V000545,1,2023-11-05,C00716,P0019,T037,1,75000.0,0.05,Tarjeta Crédito,Tienda Física,Temporada Regular,M
V000627,1,2025-09-14,C00223,P0001,T043,1,141000.0,0.2,Tarjeta Débito,Tienda Física,Temporada Regular,36
V001501,1,2023-03-09,C00169,P0017,T032,1,152000.0,0.0,Tarjeta Crédito,Tienda Física,Temporada Regular,Xxl
V002071,1,2024-03-03,C01220,P0011,T043,1,134000.0,0.0,Tarjeta Débito,Tienda Física,Black Friday,Xxl
V000946,3,2023-05-22,C02696,P0022,T019,1,206000.0,0.0,Tarjeta Débito,Tienda Física,Temporada Regular,Xl
V001726,1,2025-05-13,C00533,P0021,T034,1,116000.0,0.0,Efectivo,Tienda Física,Temporada Regular,Xxl
V002984,1,2025-05-31,C01872,P0006,T034,1,57000.0,0.0,Tarjeta Crédito,Online,Temporada Regular,Xs
V001481,2,2024-04-20,C01506,P0021,T011,2,125000.0,0.0,Efectivo,Tienda Física,Temporada Regular,M
V000842,1,2023-12-19,C01318,P0004,T004,4,176000.0,0.0,Tarjeta Débito,Tienda Física,Temporada De Diciembre,36
V003249,1,2024-04-27,C01595,P0014,T018,1,141000.0,0.0,Tarjeta Débito,Tienda Física,Black Friday,36
V000258,1,2023-03-29,C01248,P0021,T022,4,124000.0,0.0,Tarjeta Débito,Tienda Física,Temporada Regular,Xl
V002440,2,2023-12-17,C00416,P0019,T031,2,70000.0,0.0,Tarjeta Crédito,Tienda Física,Temporada Regular,Xl
V003393,1,2023-01-25,C01168,P0016,T037,4,138000.0,0.0,Tarjeta Débito,Online,Temporada Regular,38
V003143,2,2024-05-29,C00588,P0005,T004,4,114000.0,0.0,Tarjeta Débito,Tienda Física,Temporada Regular,Xxl
V003344,1,2023-10-15,C00383,P0021,T034,2,119000.0,0.0,Tarjeta Débito,Tienda Física,Temporada Regular,S
V001076,1,2023-02-11,C00514,P0022,T013,2,200000.0,0.0,Tarjeta Crédito,Tienda Física,Temporada Regular,Xs
V001480,2,2024-10-19,C01872,P0026,T041,2,133000.0,0.0,Efectivo,Tienda Física,Temporada Regular,L
V000374,2,2024-10-03,C00639,P0007,T029,1,60000.0,0.4,Tarjeta Crédito,Tienda Física,Black Friday,L
V001011,2,2025-01-17,C01281,P0022,T001,4,210000.0,0.0,Tarjeta Débito,Tienda Física,Temporada Regular,Xxl
V001707,3,2025-01-04,C00376,P0002,T022,1,161000.0,0.0,Efectivo,Tienda Física,Temporada Regular,Xl
V003392,1,2024-10-29,C00807,P0018,T004,2,76000.0,0.0,Tarjeta Débito,Tienda Física,Temporada Regular,Xxl
V003129,1,2025-01-22,C01645,P0007,T020,1,59000.0,0.4,Tarjeta Crédito,Tienda Física,Temporada Regular,M
V000158,1,2023-01-11,C02145,P0015,T004,2,176000.0,0.05,Tarjeta Débito,Tienda Física,Temporada Regular,40
V001367,1,2024-11-14,C02306,P0017,T035,2,141000.0,0.0,Tarjeta Débito,Tienda Física,Regreso A Clases,S
V003567,1,2024-03-13,C02150,P0014,T027,1,138000.0,0.0,Tarjeta Crédito,Online,Temporada Regular,36
V002655,3,2024-01-09,C02549,P0002,T012,1,150000.0,0.2,Tarjeta Crédito,Tienda Física,Vacaciones,Xl
V000577,1,2023-02-17,C02314,P0019,T028,4,75000.0,0.1,Tarjeta Débito,Tienda Física,Temporada Regular,M
V002148,1,2023-06-27,C00341,P0015,T026,1,173000.0,0.0,Efectivo,Tienda Física,Temporada Regular,38
V000975,2,2023-11-25,C00857,P0012,T009,1,109000.0,0.0,Transferencia,Online,Temporada Regular,M
V003070,2,2023-02-22,C01484,P0018,T009,3,73000.0,0.0,Tarjeta Débito,Tienda Física,Temporada Regular,Xxl
V000387,1,2025-07-27,C01986,P0023,T004,1,75000.0,0.05,Tarjeta Débito,Tienda Física,Vacaciones,M
V002232,1,2024-01-25,C00024,P0015,T038,4,179000.0,0.0,Tarjeta Crédito,Tienda Física,Regreso A Clases,28
V002243,1,2023-06-21,C01499,P0018,T042,1,79000.0,0.05,Transferencia,Online,Temporada Regular,L
V002611,2,2023-11-07,C00982,P0018,T010,1,72000.0,0.05,Efectivo,Tienda Física,Temporada De Diciembre,Xs
V001342,1,2024-09-24,C01709,P0013,T018,1,56000.0,0.0,Tarjeta Débito,Tienda Física,Día De La Madre,Xxl
V001306,2,2024-11-11,C00646,P0007,T012,1,59000.0,0.0,Tarjeta Crédito,Online,Temporada De Diciembre,L
V000910,2,2025-05-14,C01314,P0006,T006,1,58000.0,0.0,Efectivo,Tienda Física,Vacaciones,M
V002105,2,2023-10-17,C01150,P0009,T026,1,124000.0,0.0,Tarjeta Débito,Tienda Física,Día Del Padre,Xl
V000660,1,2025-07-26,C01811,P0009,T037,4,129000.0,0.0,Tarjeta Débito,Tienda Física,Regreso A Clases,Xl
V003544,3,2025-08-02,C00836,P0024,T026,2,221000.0,0.0,Tarjeta Débito,Tienda Física,Black Friday,L
V000595,1,2025-05-25,C02217,P0004,T041,1,170000.0,0.1,Efectivo,Tienda Física,Temporada Regular,38
V002432,1,2023-01-25,C02690,P0005,T023,1,116000.0,0.1,Tarjeta Crédito,Tienda Física,Temporada Regular,Xl
V000459,1,2023-06-13,C01926,P0016,T004,2,135000.0,0.0,Tarjeta Débito,Tienda Física,Día De La Madre,40
V001337,2,2023-04-24,C02652,P0018,T004,1,73000.0,0.0,Tarjeta Débito,Tienda Física,Temporada Regular,M
V000197,2,2024-10-19,C01539,P0014,T016,2,134000.0,0.15,Tarjeta Crédito,Tienda Física,Temporada Regular,28
V003292,1,2024-04-22,C00727,P0010,T033,2,95000.0,0.0,Tarjeta Crédito,Tienda Física,Black Friday,28
V000560,1,2024-11-04,C00418,P0001,T040,1,139000.0,0.0,Transferencia,Tienda Física,Temporada Regular,40
V000595,2,2025-05-25,C02217,P0020,T041,4,79000.0,0.0,Efectivo,Tienda Física,Temporada Regular,Xxl
V001273,1,2023-07-18,C00471,P0017,T011,2,145000.0,0.0,Tarjeta Débito,Tienda Física,Temporada Regular,Xs
V000520,1,2024-03-15,C02102,P0023,T015,1,81000.0,0.0,Tarjeta Débito,Tienda Física,Temporada Regular,M
V000857,2,2023-04-04,C01702,P0021,T012,3,123000.0,0.05,Tarjeta Crédito,Tienda Física,Temporada Regular,L
V001643,3,2024-11-13,C00891,P0026,T004,1,131000.0,0.0,Tarjeta Crédito,Tienda Física,Temporada Regular,Xl
V002682,2,2024-09-04,C02425,P0022,T015,2,204000.0,0.05,Efectivo,Tienda Física,Temporada Regular,M
V001938,3,2023-06-25,C00806,P0008,T005,2,225000.0,0.05,Tarjeta Débito,Tienda Física,Temporada Regular,M
V002140,1,2025-10-13,C00731,P0017,T016,3,143000.0,0.0,Tarjeta Crédito,Tienda Física,Temporada Regular,S
V000314,2,2024-12-02,C00538,P0021,T013,2,122000.0,0.4,Transferencia,Tienda Física,Temporada Regular,M
V000823,1,2025-12-16,C02586,P0009,T016,4,122000.0,0.0,Tarjeta Crédito,Tienda Física,Temporada Regular,Xl
V001272,1,2024-09-21,C01744,P0012,T004,4,108000.0,0.0,Tarjeta Débito,Tienda Física,Temporada Regular,M
V003391,1,2025-07-18,C00715,P0006,T031,1,55000.0,0.0,Efectivo,Tienda Física,Temporada Regular,Xxl
V000013,3,2024-08-10,C02030,P0005,T001,2,114000.0,0.2,Tarjeta Débito,Tienda Física,Vacaciones,Xxl
V000392,1,2024-07-06,C01452,P0011,T020,2,127000.0,0.0,Tarjeta Crédito,Tienda Física,Temporada Regular,Xxl
V001492,1,2025-06-25,C02313,P0014,T018,1,134000.0,0.0,Tarjeta Débito,Tienda Física,Temporada De Diciembre,32
V002053,1,2023-03-28,C00890,P0024,T043,4,213000.0,0.3,Efectivo,Tienda Física,Regreso A Clases,M
V001181,2,2025-09-15,C02117,P0021,T004,3,124000.0,0.0,Efectivo,Tienda Física,Temporada Regular,Xl
V002490,1,2025-11-13,C00305,P0002,T022,3,152000.0,0.05,Tarjeta Débito,Tienda Física,Temporada De Diciembre,L
V003782,1,2024-07-02,C01632,P0022,T029,1,199000.0,0.0,Tarjeta Crédito,Tienda Física,Temporada Regular,S
V001280,1,2025-05-22,C01478,P0017,T004,1,146000.0,0.0,Efectivo,Tienda Física,Temporada Regular,M
V002888,2,2023-05-01,C02105,P0026,T032,2,133000.0,0.0,Efectivo,Tienda Física,Regreso A Clases,Sin Talla
V000104,3,2025-07-13,C00003,P0018,T020,1,76000.0,0.0,Efectivo,Tienda Física,Temporada Regular,Xs
V003757,2,2025-01-05,C01015,P0017,T011,2,150000.0,0.0,Efectivo,Tienda Física,Temporada Regular,Xxl
V002409,1,2025-04-29,C02597,P0003,T017,4,176000.0,0.0,Tarjeta Crédito,Tienda Física,Temporada De Diciembre,34
V002428,2,2023-11-16,C01954,P0014,T004,4,136000.0,0.3,Efectivo,Tienda Física,Temporada Regular,38
V001785,2,2023-06-03,C02178,P0017,T036,2,148000.0,0.3,Tarjeta Crédito,Tienda Física,Temporada Regular,M
V001692,2,2024-02-07,C02002,P0007,T006,2,58000.0,0.15,Tarjeta Crédito,Tienda Física,Temporada Regular,Xs
V001689,2,2023-02-16,C00124,P0025,T025,2,140000.0,0.0,Transferencia,Tienda Física,Temporada Regular,M
V000806,2,2025-09-27,C00353,P0025,T026,4,142000.0,0.0,Efectivo,Tienda Física,Temporada Regular,M
V000993,1,2023-01-01,C00459,P0018,T043,2,77000.0,0.0,Tarjeta Débito,Tienda Física,Black Friday,M
V000660,3,2025-07-26,C01811,P0001,T037,1,147000.0,0.0,Tarjeta Débito,Tienda Física,Regreso A Clases,34
V000527,1,2025-01-09,C00907,P0018,T009,1,73000.0,0.2,Tarjeta Crédito,Tienda Física,Vacaciones,Xl
V000251,1,2025-02-19,C01074,P0021,T031,1,123000.0,0.0,Efectivo,Online,Temporada Regular,S
V001764,1,2025-01-11,C02056,P0014,T004,2,143000.0,0.0,Tarjeta Débito,Tienda Física,Temporada Regular,38
V001248,1,2025-02-12,C01004,P0018,T036,1,74000.0,0.1,Tarjeta Crédito,Tienda Física,Vacaciones,Xxl
V000535,1,2023-09-19,C00409,P0017,T013,1,140000.0,0.0,Tarjeta Crédito,Tienda Física,Temporada De Diciembre,M
V002455,1,2023-01-17,C01065,P0011,T025,3,134000.0,0.0,Tarjeta Crédito,Tienda Física,Temporada De Diciembre,M
V001157,1,2025-11-14,C02600,P0015,T011,1,170000.0,0.1,Tarjeta Débito,Online,Temporada Regular,28
V002024,1,2024-05-24,C02780,P0020,T004,1,80000.0,0.0,Efectivo,Tienda Física,Temporada Regular,Xl
V001037,1,2023-04-19,C01123,P0020,T041,1,81000.0,0.15,Tarjeta Débito,Online,Vacaciones,Xs
V001500,1,2023-07-10,C02365,P0006,T041,1,58000.0,0.0,Tarjeta Crédito,Tienda Física,Temporada Regular,S
V003662,2,2025-04-25,C02178,P0001,T004,2,150000.0,0.0,Tarjeta Débito,Online,Temporada Regular,40
V000193,2,2025-05-09,C00619,P0011,T004,2,129000.0,0.0,Tarjeta Crédito,Tienda Física,Temporada Regular,S
V001511,1,2023-01-10,C02193,P0018,T032,1,78000.0,0.4,Tarjeta Crédito,Tienda Física,Temporada Regular,S
V001459,1,2024-12-08,C02246,P0001,T012,1,139000.0,0.0,Tarjeta Crédito,Tienda Física,Temporada Regular,36
V001032,1,2025-06-25,C02055,P0004,T019,3,168000.0,0.0,Tarjeta Crédito,Online,Regreso A Clases,38
V000431,1,2023-05-29,C00107,P0005,T019,4,117000.0,0.0,Efectivo,Tienda Física,Día De La Madre,L
V001877,1,2023-08-06,C01432,P0018,T002,1,77000.0,0.0,Tarjeta Crédito,Tienda Física,Temporada Regular,M
V002456,1,2023-10-23,C01106,P0021,T018,1,120000.0,0.0,Efectivo,Tienda Física,Temporada Regular,Xl
V001912,2,2023-10-05,C02456,P0014,T017,2,135000.0,0.0,Efectivo,Tienda Física,Black Friday,38
V001617,1,2024-08-02,C02117,P0023,T031,1,78000.0,0.0,Efectivo,Tienda Física,Temporada Regular,Xxl
V002211,1,2025-03-18,C01967,P0007,T004,1,59000.0,0.1,Efectivo,Tienda Física,Temporada De Diciembre,S
V001121,1,2024-12-24,C00053,P0018,T031,1,78000.0,0.0,Tarjeta Débito,Tienda Física,Temporada Regular,S
V003436,2,2025-04-20,C01444,P0001,T017,1,140000.0,0.0,Tarjeta Débito,Tienda Física,Temporada Regular,30
V003636,1,2025-09-29,C02610,P0015,T002,1,173000.0,0.05,Efectivo,Tienda Física,Temporada Regular,32
V000645,1,2023-04-10,C01686,P0011,T017,2,132000.0,0.0,Transferencia,Online,Temporada Regular,L
V000433,2,2025-09-18,C02297,P0018,T006,4,73000.0,0.0,Tarjeta Débito,Tienda Física,Temporada Regular,Xs
V001763,1,2025-07-31,C02199,P0003,T022,2,172000.0,0.0,Efectivo,Tienda Física,Temporada Regular,38
V000309,1,2024-04-19,C02037,P0006,T002,1,57000.0,0.0,Tarjeta Crédito,Online,Temporada Regular,L
V001207,1,2025-03-31,C02114,P0005,T017,1,112000.0,0.0,Efectivo,Tienda Física,Temporada Regular,L
V002374,1,2024-04-22,C01201,P0015,T022,1,174000.0,0.15,Tarjeta Crédito,Tienda Física,Temporada Regular,40
V000912,3,2025-03-16,C00732,P0019,T021,1,74000.0,0.0,Tarjeta Crédito,Tienda Física,Temporada Regular,Xxl
V002084,1,2023-03-15,C00645,P0017,T042,1,145000.0,0.1,Efectivo,Tienda Física,Temporada Regular,Xl
V003128,1,2023-05-17,C00312,P0004,T012,1,177000.0,0.0,Efectivo,Tienda Física,Día De La Madre,30
V001865,1,2023-11-07,C00210,P0021,T024,3,119000.0,0.1,Tarjeta Débito,Tienda Física,Temporada Regular,S
V001894,1,2024-09-23,C02027,P0026,T043,3,141000.0,0.0,Tarjeta Débito,Tienda Física,Temporada Regular,Xl
V002397,1,2024-06-04,C00575,P0006,T042,1,59000.0,0.0,Tarjeta Crédito,Tienda Física,Temporada Regular,Xs
V003657,1,2023-07-12,C01465,P0013,T001,4,58000.0,0.2,Tarjeta Débito,Tienda Física,Día Del Padre,L
V000931,1,2024-11-27,C02194,P0003,T033,1,185000.0,0.0,Efectivo,Online,Vacaciones,34
V001251,1,2023-01-27,C01871,P0002,T034,1,157000.0,0.0,Tarjeta Débito,Online,Temporada Regular,L
V000073,2,2025-04-19,C01572,P0009,T004,1,130000.0,0.15,Tarjeta Crédito,Tienda Física,Vacaciones,Xxl
V002228,2,2025-08-17,C00356,P0011,T013,2,131000.0,0.0,Efectivo,Tienda Física,Regreso A Clases,Xs
V003515,1,2025-03-10,C00837,P0025,T019,2,136000.0,0.0,Transferencia,Tienda Física,Temporada Regular,Xxl
V000743,1,2024-06-18,C02256,P0016,T043,2,142000.0,0.05,Tarjeta Crédito,Tienda Física,Vacaciones,36
V000060,1,2025-03-21,C00863,P0020,T004,1,76000.0,0.1,Tarjeta Débito,Tienda Física,Regreso A Clases,L
V000252,1,2025-07-12,C01233,P0014,T011,1,144000.0,0.0,Efectivo,Tienda Física,Temporada Regular,38
V000049,1,2024-12-29,C01961,P0014,T007,4,132000.0,0.0,Efectivo,Tienda Física,Temporada Regular,28
V003705,1,2025-06-10,C02780,P0007,T020,1,63000.0,0.4,Transferencia,Tienda Física,Temporada De Diciembre,Xl
V001723,1,2024-05-26,C02525,P0017,T003,1,152000.0,0.4,Tarjeta Débito,Tienda Física,Temporada Regular,Xl
V001756,1,2023-02-25,C00380,P0021,T043,1,119000.0,0.05,Tarjeta Crédito,Online,Día Del Padre,Xl
V002511,1,2025-08-22,C01049,P0015,T037,1,173000.0,0.0,Efectivo,Online,Temporada Regular,38
V002638,3,2024-02-18,C02260,P0022,T005,2,194000.0,0.0,Efectivo,Tienda Física,Temporada Regular,Xl
V002598,1,2024-08-03,C01810,P0010,T024,2,91000.0,0.15,Tarjeta Débito,Tienda Física,Día De La Madre,36
V003103,1,2025-08-03,C00658,P0025,T031,2,135000.0,0.0,Tarjeta Crédito,Online,Temporada Regular,Xxl
V000716,1,2023-10-05,C01705,P0002,T022,4,161000.0,0.4,Tarjeta Crédito,Online,Black Friday,Xl
V001528,1,2025-10-14,C01187,P0006,T012,1,55000.0,0.0,Tarjeta Débito,Tienda Física,Temporada Regular,Xl
V002330,2,2025-01-22,C02560,P0006,T023,3,55000.0,0.1,Tarjeta Crédito,Tienda Física,Temporada Regular,L
V000559,2,2023-06-10,C01112,P0014,T035,1,140000.0,0.0,Tarjeta Débito,Tienda Física,Temporada Regular,40
V002887,1,2025-12-17,C01068,P0009,T031,4,128000.0,0.15,Tarjeta Crédito,Tienda Física,Temporada Regular,Xl
V002468,1,2024-04-07,C02580,P0002,T040,2,161000.0,0.0,Tarjeta Débito,Tienda Física,Temporada De Diciembre,L
V002590,1,2024-12-30,C02289,P0025,T014,2,142000.0,0.05,Tarjeta Débito,Tienda Física,Día De La Madre,Xxl
V000263,3,2024-01-19,C00637,P0013,T014,2,59000.0,0.0,Efectivo,Tienda Física,Temporada Regular,Xxl
V001687,1,2025-07-27,C00397,P0002,T004,1,155000.0,0.3,Efectivo,Online,Temporada Regular,S
V000470,1,2025-08-31,C00382,P0020,T035,1,73000.0,0.0,Tarjeta Débito,Tienda Física,Vacaciones,L
V002360,2,2025-01-16,C01925,P0002,T010,1,153000.0,0.0,Tarjeta Crédito,Tienda Física,Temporada Regular,L
V000259,2,2025-08-08,C00253,P0012,T009,1,107000.0,0.0,Tarjeta Crédito,Tienda Física,Temporada De Diciembre,Xl
V001406,1,2024-01-03,C00253,P0010,T037,1,99000.0,0.3,Tarjeta Crédito,Online,Temporada Regular,32
V000663,2,2024-03-04,C02008,P0016,T003,2,136000.0,0.0,Transferencia,Online,Vacaciones,30
V001128,1,2024-06-19,C02467,P0003,T004,2,172000.0,0.0,Tarjeta Crédito,Tienda Física,Temporada De Diciembre,30
V003171,2,2024-05-25,C01539,P0015,T042,3,179000.0,0.0,Efectivo,Tienda Física,Temporada Regular,40
V002051,1,2024-05-19,C01778,P0015,T009,1,169000.0,0.0,Tarjeta Débito,Tienda Física,Temporada Regular,32
V003188,1,2025-12-27,C02595,P0009,T003,1,124000.0,0.0,Tarjeta Débito,Tienda Física,Día De La Madre,L
V002832,1,2024-08-13,C02213,P0008,T004,1,222000.0,0.15,Tarjeta Crédito,Tienda Física,Black Friday,M
V001418,1,2024-01-07,C00326,P0008,T006,1,226000.0,0.0,Efectivo,Tienda Física,Temporada Regular,S
V000533,1,2025-04-02,C00438,P0003,T017,1,177000.0,0.0,Tarjeta Crédito,Tienda Física,Temporada Regular,36
V001594,1,2024-12-05,C00571,P0022,T012,4,204000.0,0.0,Tarjeta Crédito,Tienda Física,Black Friday,Xl
V000879,2,2023-05-25,C02109,P0006,T011,2,55000.0,0.1,Tarjeta Crédito,Online,Temporada Regular,Xs
V001467,3,2024-10-27,C01204,P0024,T035,1,216000.0,0.1,Transferencia,Tienda Física,Vacaciones,Xl
V003745,1,2025-03-09,C00066,P0014,T002,1,144000.0,0.1,Tarjeta Crédito,Tienda Física,Temporada Regular,34
V003240,2,2024-07-03,C00287,P0025,T013,3,145000.0,0.05,Tarjeta Crédito,Tienda Física,Regreso A Clases,Xs
V000754,1,2023-05-04,C00723,P0011,T035,2,132000.0,0.0,Tarjeta Débito,Tienda Física,Temporada Regular,M
V003332,1,2025-09-10,C02111,P0003,T036,1,169000.0,0.0,Tarjeta Débito,Tienda Física,Temporada Regular,40
V000666,2,2025-03-18,C01186,P0022,T027,1,198000.0,0.0,Tarjeta Crédito,Tienda Física,Regreso A Clases,M
V002874,1,2025-06-27,C01657,P0012,T009,3,105000.0,0.4,Tarjeta Débito,Tienda Física,Temporada Regular,L
V003680,1,2023-12-24,C01279,P0002,T004,2,153000.0,0.1,Tarjeta Débito,Tienda Física,Temporada Regular,Xs
V000457,1,2024-06-14,C01222,P0010,T015,1,98000.0,0.0,Tarjeta Crédito,Tienda Física,Temporada Regular,38
V000066,1,2023-08-08,C00788,P0014,T021,4,134000.0,0.0,Efectivo,Tienda Física,Temporada Regular,38
V000788,1,2025-04-28,C02569,P0015,T016,1,180000.0,0.2,Tarjeta Crédito,Tienda Física,Temporada Regular,40
V003260,1,2025-03-03,C02507,P0008,T018,3,205000.0,0.0,Tarjeta Crédito,Tienda Física,Temporada Regular,M
V001976,2,2025-04-28,C01257,P0024,T004,2,225000.0,0.0,Tarjeta Crédito,Online,Regreso A Clases,Xs
V001756,2,2023-02-25,C00380,P0012,T043,4,106000.0,0.0,Tarjeta Crédito,Online,Día Del Padre,L
V000007,1,2023-06-28,C00689,P0003,T041,2,177000.0,0.0,Efectivo,Tienda Física,Temporada Regular,30
V002029,2,2024-12-18,C02168,P0010,T040,1,96000.0,0.0,Efectivo,Tienda Física,Día Del Padre,40
V003374,2,2025-03-25,C01826,P0008,T014,1,223000.0,0.0,Tarjeta Crédito,Tienda Física,Temporada Regular,L
V000510,1,2023-01-14,C02060,P0001,T015,1,147000.0,0.0,Tarjeta Débito,Tienda Física,Vacaciones,28
V001999,1,2025-01-20,C01538,P0021,T004,1,115000.0,0.0,Tarjeta Crédito,Online,Temporada Regular,S
V000505,1,2025-05-09,C02727,P0019,T019,1,72000.0,0.0,Tarjeta Débito,Tienda Física,Temporada Regular,Xl
V002070,2,2024-06-15,C01824,P0003,T011,1,182000.0,0.1,Tarjeta Débito,Online,Temporada De Diciembre,40
V003663,1,2025-09-30,C01137,P0018,T016,1,73000.0,0.0,Tarjeta Débito,Tienda Física,Regreso A Clases,Xl
V000418,1,2025-02-26,C02456,P0002,T040,1,154000.0,0.0,Tarjeta Débito,Tienda Física,Temporada Regular,Xxl
V000529,2,2023-07-11,C02329,P0002,T009,4,160000.0,0.0,Tarjeta Débito,Online,Temporada Regular,Xxl
V003479,1,2025-07-04,C00158,P0008,T018,1,206000.0,0.3,Efectivo,Tienda Física,Temporada Regular,M
V001587,2,2025-07-11,C01323,P0017,T018,3,147000.0,0.15,Tarjeta Débito,Tienda Física,Temporada Regular,Xxl
V001391,1,2025-01-15,C02062,P0026,T036,1,133000.0,0.1,Tarjeta Débito,Tienda Física,Black Friday,Xl
V002528,2,2023-08-26,C02525,P0003,T035,2,176000.0,0.0,Efectivo,Tienda Física,Temporada Regular,30
V002481,1,2025-08-24,C00993,P0026,T041,1,140000.0,0.2,Tarjeta Crédito,Tienda Física,Temporada De Diciembre,Xxl
V001748,1,2023-01-26,C01517,P0002,T010,4,163000.0,0.0,Transferencia,Tienda Física,Regreso A Clases,S
V003196,2,2025-03-17,C00735,P0007,T009,2,60000.0,0.0,Efectivo,Tienda Física,Regreso A Clases,Xxl
V000424,1,2025-08-21,C02475,P0002,T038,1,160000.0,0.0,Efectivo,Tienda Física,Día De La Madre,Xs
V001158,2,2024-05-18,C00203,P0013,T016,1,56000.0,0.0,Transferencia,Tienda Física,Temporada Regular,Xxl
V003394,1,2023-05-13,C00568,P0021,T029,1,126000.0,0.0,Tarjeta Crédito,Tienda Física,Black Friday,S
V003285,1,2025-03-04,C00013,P0008,T023,2,211000.0,0.0,Efectivo,Online,Vacaciones,Xs
V001559,2,2025-04-11,C00704,P0017,T016,1,147000.0,0.0,Transferencia,Tienda Física,Vacaciones,Xs
V002245,1,2025-12-27,C01454,P0021,T003,1,118000.0,0.0,Tarjeta Débito,Tienda Física,Día De La Madre,Xs
V001466,1,2025-12-02,C00303,P0020,T037,1,80000.0,0.0,Efectivo,Tienda Física,Temporada Regular,Xl
V000196,2,2024-02-01,C00946,P0011,T004,1,132000.0,0.0,Tarjeta Crédito,Tienda Física,Temporada Regular,Xxl
V003777,1,2023-06-28,C01076,P0005,T017,2,114000.0,0.3,Efectivo,Tienda Física,Temporada Regular,Xs
V000415,1,2023-09-28,C01658,P0024,T019,1,224000.0,0.05,Tarjeta Débito,Tienda Física,Regreso A Clases,S
V003613,1,2023-01-09,C02443,P0026,T002,1,138000.0,0.15,Tarjeta Débito,Tienda Física,Regreso A Clases,Xs
V003059,2,2023-10-28,C02120,P0001,T004,1,142000.0,0.3,Efectivo,Tienda Física,Temporada Regular,36
V002813,1,2023-02-27,C01261,P0026,T041,3,134000.0,0.1,Tarjeta Débito,Tienda Física,Temporada Regular,S
V000806,1,2025-09-27,C00353,P0017,T026,1,145000.0,0.0,Efectivo,Tienda Física,Temporada Regular,Xxl
V000958,1,2024-01-12,C01480,P0006,T026,1,55000.0,0.05,Tarjeta Débito,Tienda Física,Día Del Padre,M
V000935,1,2024-08-08,C01312,P0015,T030,4,182000.0,0.0,Efectivo,Online,Temporada Regular,28
V001379,2,2023-02-16,C01635,P0018,T009,1,74000.0,0.0,Tarjeta Crédito,Tienda Física,Día De La Madre,L
V001382,1,2023-05-26,C00575,P0003,T004,1,170000.0,0.0,Tarjeta Débito,Tienda Física,Temporada Regular,34
V001317,2,2025-11-10,C01996,P0017,T038,2,144000.0,0.2,Tarjeta Crédito,Tienda Física,Temporada Regular,S
V000377,2,2025-04-17,C00212,P0003,T017,4,187000.0,0.1,Tarjeta Crédito,Tienda Física,Temporada Regular,30
V003554,1,2024-03-29,C02780,P0017,T018,4,153000.0,0.2,Efectivo,Online,Día De La Madre,Xxl
V000840,1,2023-07-31,C02003,P0026,T001,2,138000.0,0.1,Tarjeta Débito,Tienda Física,Temporada Regular,Xxl
V003430,1,2024-05-22,C02221,P0008,T008,1,211000.0,0.1,Tarjeta Crédito,Online,Temporada De Diciembre,L
V001897,1,2024-10-23,C00186,P0015,T020,3,170000.0,0.0,Tarjeta Crédito,Tienda Física,Black Friday,40
V000159,1,2023-11-24,C02674,P0010,T002,3,99000.0,0.0,Tarjeta Crédito,Tienda Física,Temporada Regular,38
V000697,1,2025-11-20,C00445,P0025,T030,1,134000.0,0.0,Tarjeta Crédito,Online,Temporada Regular,Xs
V003075,1,2023-09-27,C00041,P0005,T002,1,116000.0,0.1,Tarjeta Débito,Tienda Física,Temporada Regular,S
V001064,2,2024-11-23,C01364,P0015,T032,2,178000.0,0.0,Tarjeta Crédito,Tienda Física,Black Friday,36
V003651,1,2023-07-27,C02516,P0008,T005,2,215000.0,0.1,Tarjeta Débito,Tienda Física,Temporada Regular,Xl
V000574,1,2024-10-17,C01168,P0017,T042,4,150000.0,0.0,Tarjeta Crédito,Online,Regreso A Clases,Xl
V002500,1,2025-01-13,C00998,P0010,T004,1,93000.0,0.0,Efectivo,Tienda Física,Temporada De Diciembre,38
V003639,2,2023-02-26,C00584,P0005,T009,3,113000.0,0.05,Transferencia,Tienda Física,Temporada Regular,M
V000277,1,2025-03-02,C00825,P0005,T004,1,114000.0,0.05,Tarjeta Crédito,Tienda Física,Temporada Regular,M
V000046,3,2025-06-10,C02104,P0025,T017,1,137000.0,0.0,Tarjeta Crédito,Online,Temporada Regular,L
V002149,3,2025-03-14,C00814,P0005,T009,1,108000.0,0.0,Tarjeta Débito,Tienda Física,Regreso A Clases,L
V000129,2,2025-05-04,C00168,P0002,T030,3,163000.0,0.1,Tarjeta Débito,Tienda Física,Black Friday,L
V002221,1,2024-03-28,C00208,P0008,T026,1,211000.0,0.1,Tarjeta Crédito,Tienda Física,Temporada Regular,M
V000434,1,2024-09-13,C00372,P0007,T017,2,60000.0,0.3,Tarjeta Débito,Tienda Física,Temporada Regular,Xxl
V000756,2,2023-06-05,C02583,P0015,T003,1,175000.0,0.0,Tarjeta Crédito,Tienda Física,Temporada Regular,40
V002113,1,2023-10-06,C01469,P0009,T026,4,124000.0,0.0,Tarjeta Débito,Tienda Física,Temporada Regular,M
V003712,1,2025-09-26,C02685,P0016,T029,1,144000.0,0.0,Tarjeta Crédito,Online,Temporada Regular,38
V001510,1,2025-01-22,C00191,P0003,T009,1,176000.0,0.0,Tarjeta Crédito,Tienda Física,Temporada Regular,34
V001673,1,2024-01-23,C00153,P0007,T007,1,59000.0,0.2,Tarjeta Crédito,Tienda Física,Temporada Regular,Xxl
V001973,1,2025-09-25,C01341,P0023,T031,1,76000.0,0.0,Transferencia,Tienda Física,Día Del Padre,Xxl
V002568,1,2024-10-29,C01404,P0023,T004,2,80000.0,0.0,Efectivo,Tienda Física,Temporada Regular,Xs
V002810,2,2023-05-30,C01218,P0021,T034,3,117000.0,0.4,Tarjeta Débito,Tienda Física,Temporada Regular,Xs
V001177,1,2025-11-05,C02025,P0025,T012,1,145000.0,0.05,Tarjeta Débito,Tienda Física,Temporada Regular,L
V001158,3,2024-05-18,C00203,P0017,T016,2,152000.0,0.0,Transferencia,Tienda Física,Temporada Regular,Xs
V000442,2,2024-05-03,C01515,P0010,T037,1,92000.0,0.0,Transferencia,Tienda Física,Temporada Regular,32
V000455,1,2024-06-19,C01668,P0013,T040,1,57000.0,0.3,Tarjeta Crédito,Tienda Física,Temporada Regular,Xxl
V002312,1,2025-08-14,C00009,P0001,T029,1,146000.0,0.0,Tarjeta Crédito,Tienda Física,Día De La Madre,40
V000943,1,2025-02-10,C02166,P0018,T032,2,72000.0,0.0,Tarjeta Débito,Tienda Física,Día De La Madre,Xl
V003113,1,2023-06-08,C00091,P0009,T025,1,123000.0,0.0,Tarjeta Débito,Tienda Física,Temporada Regular,Xxl
V000280,1,2023-02-04,C00334,P0017,T018,2,148000.0,0.0,Transferencia,Tienda Física,Temporada Regular,L
V000306,1,2023-02-08,C01464,P0024,T015,4,209000.0,0.15,Tarjeta Débito,Online,Temporada Regular,Xs
V001844,1,2023-12-25,C01360,P0019,T021,1,69000.0,0.1,Efectivo,Tienda Física,Vacaciones,Xs
V002856,2,2023-12-15,C00768,P0016,T013,4,143000.0,0.0,Transferencia,Online,Regreso A Clases,30
V002896,1,2024-11-06,C01794,P0023,T012,1,81000.0,0.4,Tarjeta Débito,Tienda Física,Temporada Regular,Xxl
V002196,1,2025-11-05,C00310,P0007,T029,3,58000.0,0.0,Efectivo,Tienda Física,Temporada Regular,M
V000617,1,2025-09-27,C00495,P0022,T011,1,205000.0,0.0,Tarjeta Crédito,Tienda Física,Día De La Madre,S
V002831,3,2025-04-10,C00519,P0013,T003,1,56000.0,0.1,Tarjeta Crédito,Online,Temporada Regular,M
V000623,2,2023-06-18,C00999,P0015,T032,1,171000.0,0.0,Tarjeta Débito,Tienda Física,Regreso A Clases,30
V001542,1,2023-11-20,C00360,P0002,T038,1,157000.0,0.3,Tarjeta Crédito,Tienda Física,Temporada Regular,L
V002486,1,2025-11-15,C00211,P0019,T009,3,71000.0,0.0,Transferencia,Tienda Física,Black Friday,Xxl
V001002,1,2024-04-20,C01693,P0022,T031,1,198000.0,0.0,Efectivo,Tienda Física,Temporada Regular,M
V002518,1,2025-01-06,C02488,P0025,T007,1,146000.0,0.0,Tarjeta Débito,Tienda Física,Temporada Regular,S
V003210,3,2025-09-30,C00943,P0025,T004,1,142000.0,0.0,Efectivo,Tienda Física,Día De La Madre,Xxl
V002687,1,2024-10-18,C00448,P0003,T004,1,182000.0,0.0,Tarjeta Débito,Tienda Física,Temporada Regular,38
V001998,2,2025-10-21,C01909,P0003,T001,1,175000.0,0.0,Transferencia,Tienda Física,Temporada Regular,32
V003540,2,2023-01-20,C00465,P0008,T004,2,208000.0,0.0,Efectivo,Online,Regreso A Clases,Xs
V002316,1,2023-07-08,C00939,P0017,T019,4,144000.0,0.3,Tarjeta Crédito,Tienda Física,Temporada Regular,Xs
V001641,1,2024-08-13,C01295,P0020,T024,4,79000.0,0.15,Efectivo,Tienda Física,Temporada Regular,S
V000686,1,2025-01-20,C01834,P0011,T006,1,138000.0,0.0,Tarjeta Crédito,Tienda Física,Temporada Regular,Xxl
V003356,1,2023-10-13,C00098,P0009,T001,1,126000.0,0.0,Tarjeta Débito,Tienda Física,Temporada Regular,Xxl
V001377,1,2024-01-19,C01088,P0004,T010,2,169000.0,0.0,Transferencia,Tienda Física,Temporada Regular,40
V002611,3,2023-11-07,C00982,P0016,T010,1,139000.0,0.0,Efectivo,Tienda Física,Temporada De Diciembre,30
V002739,1,2024-03-03,C01623,P0003,T007,3,176000.0,0.0,Efectivo,Tienda Física,Temporada Regular,38
V000352,1,2023-10-02,C01283,P0012,T042,2,105000.0,0.0,Tarjeta Crédito,Online,Temporada Regular,Xl
V003794,1,2024-02-04,C01130,P0005,T014,1,111000.0,0.1,Efectivo,Tienda Física,Temporada Regular,Xs
V002897,2,2024-06-29,C02232,P0003,T004,1,179000.0,0.0,Efectivo,Tienda Física,Temporada Regular,30
V002416,1,2024-02-16,C00064,P0024,T001,2,219000.0,0.0,Tarjeta Débito,Tienda Física,Temporada Regular,Xs
V002976,2,2023-07-16,C00940,P0019,T018,4,69000.0,0.0,Tarjeta Débito,Tienda Física,Vacaciones,Xs
V001454,2,2024-06-21,C00742,P0011,T009,1,130000.0,0.3,Tarjeta Débito,Tienda Física,Temporada Regular,Xl
V001355,2,2025-07-22,C02788,P0024,T028,1,227000.0,0.15,Efectivo,Tienda Física,Black Friday,Xl
V001200,1,2024-06-30,C00351,P0014,T012,4,145000.0,0.0,Tarjeta Débito,Tienda Física,Temporada Regular,36
V002036,2,2025-10-28,C01771,P0020,T003,1,78000.0,0.0,Tarjeta Débito,Online,Día Del Padre,S
V002907,1,2024-07-27,C00328,P0017,T032,2,146000.0,0.0,Tarjeta Débito,Tienda Física,Día De La Madre,Xxl
V000541,2,2023-01-15,C00366,P0004,T006,2,170000.0,0.0,Tarjeta Crédito,Tienda Física,Temporada De Diciembre,30
V001405,1,2023-04-22,C00399,P0017,T043,1,150000.0,0.0,Tarjeta Crédito,Tienda Física,Temporada Regular,L
V001119,1,2025-05-06,C00241,P0003,T018,1,181000.0,0.2,Efectivo,Online,Temporada Regular,Sin Talla
V001676,2,2025-04-13,C01073,P0025,T015,1,137000.0,0.0,Transferencia,Tienda Física,Temporada De Diciembre,M
V002235,2,2025-05-23,C02101,P0015,T003,2,178000.0,0.0,Efectivo,Tienda Física,Vacaciones,34
V000808,2,2025-01-01,C00245,P0012,T011,4,112000.0,0.0,Tarjeta Crédito,Tienda Física,Regreso A Clases,M
V000283,1,2024-01-21,C00390,P0024,T040,2,221000.0,0.0,Transferencia,Tienda Física,Temporada Regular,Xxl
V000332,1,2024-02-13,C02328,P0024,T002,1,206000.0,0.0,Tarjeta Débito,Tienda Física,Temporada Regular,Xs
V000556,2,2024-03-25,C00690,P0016,T002,1,132000.0,0.0,Tarjeta Débito,Tienda Física,Temporada Regular,40
V002404,2,2024-06-08,C00871,P0012,T042,1,108000.0,0.0,Tarjeta Crédito,Tienda Física,Vacaciones,L
V000846,1,2024-12-05,C01052,P0011,T015,1,137000.0,0.0,Transferencia,Tienda Física,Temporada Regular,M
V001881,1,2025-05-06,C01710,P0003,T009,1,180000.0,0.0,Transferencia,Online,Temporada Regular,38
V003746,1,2025-02-07,C00472,P0004,T030,4,171000.0,0.1,Tarjeta Débito,Tienda Física,Temporada De Diciembre,34
V001892,2,2024-04-10,C01244,P0024,T003,1,222000.0,0.0,Efectivo,Tienda Física,Temporada Regular,Xl
V001787,2,2024-03-10,C01353,P0010,T024,2,100000.0,0.0,Tarjeta Débito,Tienda Física,Regreso A Clases,32
V002553,1,2023-06-12,C01390,P0024,T020,4,222000.0,0.0,Tarjeta Crédito,Tienda Física,Black Friday,M
V002114,1,2024-05-28,C02336,P0023,T029,1,75000.0,0.0,Tarjeta Crédito,Tienda Física,Temporada Regular,S
V002321,1,2023-09-12,C01706,P0002,T022,3,155000.0,0.05,Efectivo,Tienda Física,Temporada Regular,Xxl
V001891,1,2023-12-21,C01088,P0026,T018,1,135000.0,0.0,Efectivo,Tienda Física,Temporada De Diciembre,L
V001654,1,2024-05-30,C02769,P0002,T030,2,160000.0,0.05,Tarjeta Crédito,Tienda Física,Temporada Regular,Xxl
V002704,1,2025-07-31,C02453,P0018,T027,1,78000.0,0.4,Tarjeta Débito,Tienda Física,Temporada Regular,L
V001771,1,2025-06-02,C01122,P0010,T004,1,90000.0,0.0,Transferencia,Tienda Física,Temporada Regular,30
V000890,1,2024-04-13,C02250,P0023,T025,4,79000.0,0.0,Tarjeta Crédito,Tienda Física,Temporada Regular,S
V000359,2,2025-10-28,C00448,P0026,T023,2,135000.0,0.0,Tarjeta Débito,Tienda Física,Black Friday,Xs
V000599,1,2023-07-27,C02343,P0014,T030,1,136000.0,0.05,Efectivo,Tienda Física,Temporada Regular,28
V002434,1,2023-10-30,C01823,P0014,T009,1,139000.0,0.4,Tarjeta Débito,Tienda Física,Temporada Regular,34
V000726,1,2023-02-07,C01872,P0012,T024,1,107000.0,0.0,Tarjeta Crédito,Tienda Física,Temporada Regular,M
V000632,1,2025-04-18,C01797,P0022,T027,4,197000.0,0.0,Tarjeta Crédito,Tienda Física,Regreso A Clases,M
V002373,1,2023-06-10,C01172,P0010,T008,4,91000.0,0.0,Tarjeta Débito,Tienda Física,Vacaciones,36
V003341,1,2025-11-05,C00857,P0020,T018,3,76000.0,0.0,Tarjeta Débito,Tienda Física,Temporada Regular,S
V000421,1,2023-09-02,C02611,P0023,T037,4,77000.0,0.0,Tarjeta Débito,Tienda Física,Regreso A Clases,Xs
V001504,1,2025-08-09,C01352,P0019,T043,1,72000.0,0.0,Tarjeta Crédito,Tienda Física,Black Friday,Xs
V001843,2,2025-11-26,C00863,P0019,T006,3,73000.0,0.0,Transferencia,Tienda Física,Día Del Padre,Xs
V003025,1,2023-07-18,C02486,P0014,T016,1,142000.0,0.0,Tarjeta Débito,Tienda Física,Temporada Regular,36
V001711,2,2024-05-23,C01244,P0008,T003,1,216000.0,0.3,Efectivo,Tienda Física,Regreso A Clases,L
V001816,1,2024-07-16,C01320,P0010,T015,1,91000.0,0.0,Transferencia,Tienda Física,Temporada Regular,36
V001777,1,2025-03-08,C00932,P0016,T009,1,134000.0,0.0,Tarjeta Crédito,Tienda Física,Black Friday,38
V003651,2,2023-07-27,C02516,P0013,T005,3,58000.0,0.0,Tarjeta Débito,Tienda Física,Temporada Regular,M
V003411,1,2023-06-30,C01569,P0016,T004,1,139000.0,0.15,Efectivo,Tienda Física,Temporada De Diciembre,40
V000180,2,2023-03-01,C01822,P0018,T004,4,74000.0,0.0,Tarjeta Débito,Online,Día Del Padre,S
V003373,1,2024-06-27,C02484,P0005,T009,1,117000.0,0.0,Tarjeta Crédito,Tienda Física,Temporada Regular,S
V003492,1,2024-05-14,C00953,P0026,T034,2,135000.0,0.0,Tarjeta Débito,Tienda Física,Vacaciones,Xs
V002304,1,2023-03-09,C01749,P0001,T026,4,145000.0,0.0,Transferencia,Tienda Física,Temporada Regular,32
V000281,2,2025-03-07,C01027,P0017,T018,2,147000.0,0.1,Transferencia,Tienda Física,Temporada Regular,Xl
V001234,1,2024-12-23,C00320,P0021,T004,2,118000.0,0.0,Efectivo,Tienda Física,Temporada Regular,S
V002938,1,2025-11-10,C00944,P0002,T018,1,157000.0,0.0,Tarjeta Débito,Tienda Física,Vacaciones,S
V000308,1,2024-02-24,C02634,P0003,T003,1,181000.0,0.0,Efectivo,Tienda Física,Temporada Regular,36
V001569,1,2025-01-19,C01438,P0003,T021,1,178000.0,0.0,Transferencia,Tienda Física,Temporada Regular,30
V001637,2,2024-05-07,C00929,P0009,T034,1,125000.0,0.4,Tarjeta Débito,Tienda Física,Vacaciones,L
V002377,2,2025-09-23,C00397,P0002,T030,2,153000.0,0.15,Tarjeta Crédito,Tienda Física,Temporada Regular,Xs
V002924,1,2023-01-23,C02122,P0024,T026,1,217000.0,0.0,Transferencia,Tienda Física,Día Del Padre,Xl
V002495,2,2025-02-26,C00759,P0013,T037,1,59000.0,0.2,Transferencia,Tienda Física,Temporada Regular,M
V001707,1,2025-01-04,C00376,P0016,T022,1,134000.0,0.0,Efectivo,Tienda Física,Temporada Regular,34
V000153,3,2025-07-23,C00547,P0016,T039,1,140000.0,0.0,Tarjeta Crédito,Tienda Física,Temporada Regular,32
V000974,1,2025-10-28,C01190,P0006,T009,4,58000.0,0.4,Tarjeta Débito,Tienda Física,Temporada Regular,Xl
V001024,3,2024-05-31,C02344,P0023,T009,4,74000.0,0.0,Tarjeta Débito,Online,Temporada Regular,M
V002020,1,2023-12-09,C00273,P0018,T018,1,72000.0,0.0,Efectivo,Tienda Física,Temporada Regular,Xl
V001439,1,2025-05-23,C01736,P0011,T004,1,138000.0,0.0,Tarjeta Crédito,Tienda Física,Temporada Regular,S
V003785,2,2023-04-13,C00367,P0011,T005,2,128000.0,0.05,Tarjeta Débito,Tienda Física,Temporada De Diciembre,S
V001423,1,2025-10-16,C02716,P0007,T041,1,61000.0,0.0,Transferencia,Tienda Física,Temporada Regular,S
V001855,3,2024-07-02,C00556,P0014,T041,1,132000.0,0.0,Tarjeta Crédito,Tienda Física,Temporada Regular,36
V001662,2,2024-03-18,C01116,P0022,T003,1,208000.0,0.3,Tarjeta Crédito,Tienda Física,Vacaciones,S
V002857,1,2024-06-25,C01595,P0025,T015,1,146000.0,0.3,Tarjeta Crédito,Tienda Física,Temporada Regular,L
V001981,1,2024-01-31,C01256,P0012,T036,3,106000.0,0.0,Tarjeta Crédito,Tienda Física,Temporada De Diciembre,L
V002825,3,2025-02-09,C00734,P0001,T020,1,150000.0,0.0,Tarjeta Crédito,Tienda Física,Temporada Regular,28
V002405,1,2023-12-10,C02120,P0002,T004,4,154000.0,0.0,Efectivo,Online,Temporada Regular,M
V001831,1,2024-04-20,C02058,P0012,T034,1,105000.0,0.0,Tarjeta Débito,Tienda Física,Black Friday,Xl
V000407,1,2024-03-10,C01480,P0026,T009,1,129000.0,0.0,Tarjeta Débito,Online,Temporada Regular,L
V000444,3,2025-11-18,C01047,P0026,T015,4,140000.0,0.0,Transferencia,Tienda Física,Temporada Regular,Xl
V002413,2,2024-05-01,C00191,P0021,T013,2,122000.0,0.0,Efectivo,Tienda Física,Día Del Padre,L
V000608,2,2024-06-08,C02084,P0026,T009,2,142000.0,0.0,Tarjeta Crédito,Tienda Física,Temporada Regular,M
V003796,1,2023-09-01,C01504,P0021,T013,1,121000.0,0.0,Tarjeta Débito,Tienda Física,Temporada Regular,Xl
V002331,1,2025-10-20,C02153,P0007,T004,1,60000.0,0.0,Tarjeta Crédito,Tienda Física,Temporada Regular,Xs
V000841,2,2023-01-10,C01630,P0013,T004,4,57000.0,0.0,Tarjeta Crédito,Tienda Física,Temporada Regular,M
V001730,2,2025-05-15,C00867,P0022,T004,2,206000.0,0.0,Transferencia,Online,Temporada Regular,Xl
V002298,1,2023-09-25,C02794,P0022,T032,1,204000.0,0.3,Tarjeta Crédito,Tienda Física,Día Del Padre,S
V002759,1,2023-05-18,C01079,P0008,T028,1,210000.0,0.2,Tarjeta Débito,Tienda Física,Temporada Regular,Xs
V001870,1,2024-12-05,C01502,P0013,T042,4,54000.0,0.0,Tarjeta Crédito,Tienda Física,Temporada Regular,S
V000480,1,2023-10-07,C00888,P0011,T031,2,136000.0,0.2,Transferencia,Tienda Física,Temporada Regular,Xl
V000043,2,2025-06-01,C00862,P0005,T035,2,117000.0,0.0,Tarjeta Débito,Tienda Física,Temporada Regular,Xs
V000437,1,2024-08-05,C02023,P0021,T003,1,119000.0,0.2,Tarjeta Crédito,Tienda Física,Vacaciones,S
V003590,1,2024-10-08,C00263,P0018,T039,2,73000.0,0.15,Tarjeta Crédito,Tienda Física,Día Del Padre,M
V000301,1,2024-10-10,C00009,P0015,T016,1,178000.0,0.0,Tarjeta Crédito,Tienda Física,Temporada Regular,36
V002239,1,2025-07-24,C01581,P0009,T025,3,132000.0,0.4,Tarjeta Crédito,Tienda Física,Vacaciones,Xxl
V002093,1,2025-05-10,C01793,P0003,T010,2,186000.0,0.1,Tarjeta Débito,Online,Temporada Regular,34
V000707,2,2025-06-29,C00909,P0024,T033,2,211000.0,0.0,Tarjeta Débito,Tienda Física,Temporada De Diciembre,Xl
V001479,1,2024-08-01,C02093,P0019,T038,1,71000.0,0.3,Tarjeta Débito,Tienda Física,Temporada Regular,Xs
V002117,2,2023-11-08,C01345,P0022,T009,1,202000.0,0.1,Tarjeta Crédito,Tienda Física,Día De La Madre,S
V003084,2,2023-04-27,C01029,P0006,T036,1,56000.0,0.0,Tarjeta Débito,Tienda Física,Temporada Regular,M
V000444,1,2025-11-18,C01047,P0022,T015,3,202000.0,0.0,Transferencia,Tienda Física,Temporada Regular,Xs
V000244,1,2024-12-20,C02335,P0006,T042,3,57000.0,0.0,Tarjeta Crédito,Tienda Física,Temporada Regular,Xl
V001607,1,2024-12-08,C02401,P0017,T034,1,150000.0,0.05,Efectivo,Tienda Física,Temporada Regular,S
V003387,1,2023-04-20,C00066,P0002,T037,3,152000.0,0.0,Tarjeta Crédito,Tienda Física,Temporada Regular,Xs
V001901,1,2024-05-02,C02022,P0018,T004,1,77000.0,0.1,Efectivo,Tienda Física,Vacaciones,M
V003652,3,2025-03-22,C02113,P0015,T007,2,180000.0,0.2,Tarjeta Débito,Tienda Física,Vacaciones,32
V001242,1,2023-01-21,C00849,P0009,T029,1,132000.0,0.0,Tarjeta Débito,Tienda Física,Temporada Regular,Xxl
V001208,3,2025-06-21,C00425,P0018,T017,3,80000.0,0.0,Efectivo,Tienda Física,Temporada Regular,L
V003321,1,2025-10-03,C01913,P0025,T012,1,140000.0,0.0,Tarjeta Débito,Tienda Física,Temporada Regular,Xl
V002301,2,2023-08-13,C01777,P0001,T009,4,145000.0,0.0,Tarjeta Crédito,Tienda Física,Día Del Padre,38
V001185,1,2023-05-15,C01893,P0020,T009,2,75000.0,0.0,Tarjeta Débito,Tienda Física,Temporada Regular,Xs
V003390,1,2023-01-04,C01383,P0019,T037,1,70000.0,0.0,Transferencia,Online,Regreso A Clases,L
V002570,2,2025-01-10,C01294,P0017,T032,4,145000.0,0.3,Tarjeta Crédito,Tienda Física,Black Friday,L
V002240,2,2023-01-04,C00362,P0023,T037,1,79000.0,0.0,Tarjeta Débito,Online,Temporada Regular,Xxl
V002176,1,2024-07-11,C00218,P0008,T026,1,214000.0,0.0,Tarjeta Débito,Tienda Física,Temporada Regular,M
V003762,2,2025-11-27,C01155,P0002,T015,4,159000.0,0.0,Tarjeta Débito,Tienda Física,Temporada De Diciembre,M
V001648,2,2025-06-06,C00322,P0023,T031,1,75000.0,0.05,Tarjeta Débito,Tienda Física,Día De La Madre,Xxl
V001338,2,2024-01-23,C01713,P0018,T042,1,75000.0,0.0,Tarjeta Crédito,Tienda Física,Temporada Regular,Xl
V001252,1,2023-05-15,C00516,P0002,T035,2,161000.0,0.0,Tarjeta Débito,Tienda Física,Temporada Regular,L
V002081,2,2023-07-01,C02466,P0016,T003,4,143000.0,0.0,Tarjeta Débito,Tienda Física,Temporada Regular,30
V000306,3,2023-02-08,C01464,P0012,T015,1,114000.0,0.2,Tarjeta Débito,Online,Temporada Regular,S
V003314,1,2025-11-20,C02241,P0013,T003,4,59000.0,0.0,Tarjeta Crédito,Tienda Física,Temporada Regular,Xl
V002569,1,2024-02-24,C00031,P0007,T043,1,59000.0,0.0,Tarjeta Crédito,Tienda Física,Temporada Regular,S
V002529,2,2024-07-22,C00139,P0020,T008,1,74000.0,0.2,Tarjeta Crédito,Tienda Física,Temporada Regular,L
V003613,3,2023-01-09,C02443,P0011,T002,1,129000.0,0.0,Tarjeta Débito,Tienda Física,Regreso A Clases,Xs
V002604,2,2024-06-01,C01873,P0004,T011,1,176000.0,0.0,Tarjeta Crédito,Tienda Física,Temporada Regular,34
V003061,1,2024-11-24,C02206,P0009,T012,3,121000.0,0.0,Tarjeta Crédito,Tienda Física,Vacaciones,L
V001500,3,2023-07-10,C02365,P0021,T041,2,116000.0,0.4,Tarjeta Crédito,Tienda Física,Temporada Regular,S
V002227,2,2023-09-30,C00426,P0011,T009,4,130000.0,0.0,Transferencia,Tienda Física,Temporada Regular,Xs
V000948,2,2023-04-24,C00420,P0017,T032,2,153000.0,0.0,Efectivo,Tienda Física,Temporada Regular,Xl
V003483,1,2023-10-08,C02441,P0011,T008,1,128000.0,0.0,Tarjeta Crédito,Tienda Física,Temporada Regular,L
V003536,1,2025-05-04,C02195,P0005,T031,1,110000.0,0.2,Tarjeta Débito,Tienda Física,Temporada De Diciembre,Xxl
V000028,1,2025-05-22,C02167,P0007,T004,1,63000.0,0.0,Efectivo,Online,Temporada Regular,Xl
V001835,3,2024-10-13,C01833,P0022,T010,1,194000.0,0.0,Transferencia,Tienda Física,Temporada Regular,S
V003013,2,2024-12-04,C01704,P0014,T016,1,145000.0,0.1,Tarjeta Débito,Tienda Física,Temporada Regular,30
V000376,1,2024-01-08,C02768,P0006,T016,4,58000.0,0.1,Efectivo,Tienda Física,Temporada Regular,M
V003103,2,2025-08-03,C00658,P0003,T031,1,169000.0,0.0,Tarjeta Crédito,Online,Temporada Regular,38
V000639,1,2023-10-28,C01311,P0017,T036,1,141000.0,0.0,Tarjeta Débito,Tienda Física,Temporada Regular,M
V001402,1,2025-12-28,C01036,P0001,T014,3,146000.0,0.3,Tarjeta Débito,Tienda Física,Temporada Regular,34
V000601,1,2024-12-31,C01610,P0021,T022,2,122000.0,0.1,Tarjeta Débito,Tienda Física,Regreso A Clases,Sin Talla
V000596,1,2025-06-18,C00730,P0020,T001,1,79000.0,0.0,Tarjeta Crédito,Tienda Física,Vacaciones,M
V001474,2,2024-04-19,C02627,P0008,T032,1,226000.0,0.15,Tarjeta Débito,Tienda Física,Temporada De Diciembre,L
V000163,1,2024-03-27,C02331,P0010,T041,4,100000.0,0.0,Efectivo,Tienda Física,Temporada Regular,30
V001019,1,2023-11-30,C00043,P0007,T040,1,63000.0,0.0,Tarjeta Crédito,Tienda Física,Black Friday,L
V000807,1,2023-03-28,C02159,P0022,T032,2,204000.0,0.0,Tarjeta Débito,Tienda Física,Vacaciones,Xs
V001063,2,2025-09-09,C01311,P0002,T010,2,155000.0,0.15,Tarjeta Crédito,Tienda Física,Vacaciones,S
V001613,1,2025-07-10,C00722,P0019,T004,1,74000.0,0.05,Tarjeta Débito,Tienda Física,Temporada Regular,Xl
V000134,1,2025-05-28,C02364,P0016,T004,2,134000.0,0.0,Tarjeta Crédito,Tienda Física,Día De La Madre,36
V001183,1,2024-12-23,C01956,P0007,T035,1,62000.0,0.0,Tarjeta Débito,Online,Temporada Regular,Xs
V002386,1,2024-05-11,C00822,P0002,T004,3,151000.0,0.3,Tarjeta Crédito,Tienda Física,Temporada Regular,L
V000500,1,2024-10-04,C01486,P0021,T038,2,123000.0,0.0,Tarjeta Débito,Tienda Física,Temporada De Diciembre,M
V003163,1,2023-03-02,C01271,P0006,T030,2,55000.0,0.2,Efectivo,Tienda Física,Día De La Madre,Xl
V000638,2,2025-10-19,C02152,P0007,T040,1,58000.0,0.15,Tarjeta Crédito,Tienda Física,Regreso A Clases,Xl
V002587,1,2023-11-03,C01917,P0019,T029,1,69000.0,0.15,Tarjeta Crédito,Tienda Física,Día De La Madre,Xs
V001444,1,2024-12-26,C02365,P0006,T010,1,55000.0,0.0,Tarjeta Crédito,Tienda Física,Temporada Regular,L
V002804,2,2023-02-22,C01490,P0024,T020,1,223000.0,0.0,Tarjeta Débito,Tienda Física,Temporada Regular,Xxl
V001919,2,2023-02-18,C00066,P0007,T025,1,61000.0,0.1,Tarjeta Débito,Tienda Física,Temporada Regular,Xxl
V000009,1,2024-03-05,C00632,P0009,T012,3,128000.0,0.0,Tarjeta Débito,Tienda Física,Temporada Regular,L
V003476,1,2024-11-19,C00849,P0011,T005,1,130000.0,0.0,Tarjeta Crédito,Tienda Física,Temporada Regular,S
V001628,1,2025-12-01,C02253,P0020,T036,1,78000.0,0.3,Tarjeta Crédito,Tienda Física,Black Friday,Xl
V000659,1,2024-02-26,C01378,P0011,T025,2,130000.0,0.0,Tarjeta Crédito,Online,Temporada Regular,L
V003053,2,2025-05-01,C00740,P0016,T040,1,139000.0,0.0,Tarjeta Crédito,Tienda Física,Temporada Regular,30
V002131,1,2024-03-05,C01562,P0023,T001,2,79000.0,0.3,Efectivo,Tienda Física,Temporada Regular,L
V001783,1,2024-06-14,C02489,P0012,T027,2,112000.0,0.3,Tarjeta Débito,Tienda Física,Temporada Regular,Xl
V000190,1,2024-09-04,C00109,P0007,T004,1,59000.0,0.1,Tarjeta Crédito,Tienda Física,Temporada Regular,L
V002256,2,2023-07-10,C01028,P0002,T041,2,155000.0,0.0,Transferencia,Tienda Física,Vacaciones,Xl
V000828,1,2023-11-22,C02617,P0003,T014,1,177000.0,0.0,Tarjeta Débito,Tienda Física,Regreso A Clases,32
V002790,1,2025-09-01,C02771,P0013,T026,3,54000.0,0.05,Efectivo,Tienda Física,Temporada De Diciembre,Xl
V001179,1,2023-04-22,C01581,P0011,T022,1,134000.0,0.2,Transferencia,Tienda Física,Temporada Regular,L
V002349,2,2023-07-23,C00443,P0016,T041,1,141000.0,0.0,Tarjeta Débito,Tienda Física,Temporada De Diciembre,40
V000003,1,2025-08-02,C01596,P0026,T037,1,132000.0,0.0,Tarjeta Débito,Tienda Física,Temporada De Diciembre,L
V002327,1,2024-11-27,C00094,P0005,T004,1,117000.0,0.3,Tarjeta Crédito,Tienda Física,Temporada Regular,M
V003224,1,2023-04-20,C00514,P0010,T031,1,92000.0,0.0,Tarjeta Crédito,Tienda Física,Vacaciones,36
V002314,2,2024-12-31,C00313,P0019,T028,1,74000.0,0.0,Tarjeta Débito,Tienda Física,Temporada De Diciembre,M
V001629,1,2025-07-05,C01853,P0018,T004,1,77000.0,0.0,Tarjeta Débito,Tienda Física,Temporada Regular,Xs
V000603,3,2023-09-26,C00804,P0024,T009,1,210000.0,0.1,Tarjeta Crédito,Tienda Física,Temporada Regular,Xs
V003437,2,2023-06-16,C00057,P0025,T033,1,143000.0,0.0,Tarjeta Débito,Tienda Física,Black Friday,L
V001100,2,2025-03-28,C01634,P0002,T018,3,161000.0,0.0,Efectivo,Online,Temporada Regular,Xxl
V000951,1,2025-02-16,C00473,P0019,T004,1,69000.0,0.0,Efectivo,Tienda Física,Temporada De Diciembre,Xl
V003423,1,2024-11-08,C00346,P0014,T032,1,141000.0,0.0,Tarjeta Débito,Tienda Física,Temporada Regular,30
V003046,1,2023-10-17,C01485,P0004,T015,1,174000.0,0.3,Efectivo,Tienda Física,Temporada Regular,28
V000504,1,2024-06-28,C02107,P0019,T021,1,69000.0,0.0,Tarjeta Débito,Tienda Física,Temporada Regular,Xl
V003302,1,2023-12-10,C01671,P0012,T036,2,111000.0,0.15,Efectivo,Online,Temporada De Diciembre,M
V003066,2,2024-03-23,C00533,P0015,T005,1,182000.0,0.0,Tarjeta Crédito,Tienda Física,Temporada Regular,36
V000894,1,2023-04-28,C00245,P0010,T030,3,97000.0,0.0,Efectivo,Tienda Física,Temporada De Diciembre,40
V000464,1,2023-03-25,C00280,P0005,T033,3,110000.0,0.05,Efectivo,Tienda Física,Temporada Regular,Xxl
V000736,1,2024-12-18,C00552,P0021,T040,1,126000.0,0.0,Tarjeta Débito,Tienda Física,Temporada Regular,L
V001412,1,2025-05-28,C02402,P0002,T031,4,161000.0,0.1,Transferencia,Tienda Física,Vacaciones,M
V001928,1,2024-10-19,C00636,P0019,T001,1,71000.0,0.0,Tarjeta Crédito,Tienda Física,Temporada Regular,M
V003357,2,2024-11-30,C02348,P0003,T029,1,179000.0,0.0,Tarjeta Débito,Tienda Física,Temporada De Diciembre,28
V000070,1,2025-10-14,C02453,P0021,T018,4,122000.0,0.3,Tarjeta Débito,Tienda Física,Temporada Regular,Xxl
V001976,1,2025-04-28,C01257,P0016,T004,2,136000.0,0.0,Tarjeta Crédito,Online,Regreso A Clases,28
V002873,1,2024-05-31,C02783,P0012,T015,1,114000.0,0.0,Tarjeta Crédito,Online,Regreso A Clases,Xl
V000097,1,2023-06-10,C01551,P0001,T009,3,139000.0,0.2,Tarjeta Débito,Tienda Física,Temporada Regular,30
V000381,1,2024-11-22,C00710,P0008,T015,3,226000.0,0.1,Tarjeta Débito,Tienda Física,Temporada Regular,Xs
V001550,1,2025-09-07,C02338,P0004,T003,2,165000.0,0.0,Tarjeta Débito,Tienda Física,Temporada Regular,30
V000040,3,2025-02-04,C02540,P0014,T001,2,136000.0,0.3,Tarjeta Débito,Tienda Física,Día Del Padre,30
V002135,1,2024-05-13,C02643,P0017,T011,2,150000.0,0.05,Tarjeta Crédito,Tienda Física,Temporada Regular,Xs
V002798,3,2024-07-09,C01852,P0023,T032,1,82000.0,0.1,Tarjeta Débito,Tienda Física,Temporada Regular,S
V003397,1,2024-10-13,C01204,P0023,T021,1,80000.0,0.05,Tarjeta Débito,Tienda Física,Temporada Regular,L
V001984,1,2025-06-05,C01546,P0025,T004,1,138000.0,0.0,Tarjeta Débito,Tienda Física,Temporada Regular,L
V001692,3,2024-02-07,C02002,P0008,T006,3,216000.0,0.0,Tarjeta Crédito,Tienda Física,Temporada Regular,Xxl
V003507,1,2024-08-08,C02250,P0006,T027,1,54000.0,0.0,Tarjeta Débito,Tienda Física,Día De La Madre,Xl
V003598,1,2023-07-06,C00349,P0001,T009,1,145000.0,0.0,Tarjeta Crédito,Tienda Física,Black Friday,34
V001805,2,2023-02-18,C00700,P0010,T029,3,93000.0,0.05,Transferencia,Tienda Física,Temporada Regular,32
V002470,1,2025-04-04,C02492,P0014,T004,2,144000.0,0.3,Tarjeta Débito,Online,Temporada De Diciembre,34
V002701,1,2023-12-04,C02342,P0012,T038,2,105000.0,0.0,Efectivo,Tienda Física,Temporada Regular,L
V003576,3,2024-10-11,C01264,P0023,T004,3,78000.0,0.0,Tarjeta Crédito,Tienda Física,Temporada Regular,Xs
V002837,2,2024-03-08,C01271,P0020,T028,4,76000.0,0.0,Tarjeta Crédito,Tienda Física,Vacaciones,Xxl
V001664,2,2023-08-28,C00868,P0003,T007,2,180000.0,0.15,Tarjeta Crédito,Tienda Física,Temporada Regular,30
V002046,1,2023-06-17,C01564,P0010,T018,1,95000.0,0.0,Tarjeta Crédito,Tienda Física,Temporada Regular,40
V003126,1,2025-05-03,C00098,P0025,T009,2,147000.0,0.1,Tarjeta Débito,Tienda Física,Temporada Regular,Xs
V003179,1,2023-11-02,C01644,P0013,T034,1,60000.0,0.3,Transferencia,Tienda Física,Temporada Regular,Xs
V001373,1,2024-12-30,C01074,P0018,T034,2,76000.0,0.15,Tarjeta Débito,Tienda Física,Temporada Regular,Xs
V001912,1,2023-10-05,C02456,P0004,T017,2,164000.0,0.15,Efectivo,Tienda Física,Black Friday,40
V000819,2,2024-04-11,C01177,P0018,T025,2,79000.0,0.0,Tarjeta Débito,Tienda Física,Vacaciones,Xxl
V001407,1,2024-01-29,C01203,P0021,T002,2,115000.0,0.0,Tarjeta Débito,Tienda Física,Temporada Regular,Xl
V003269,1,2025-05-02,C02620,P0012,T004,1,111000.0,0.0,Tarjeta Crédito,Tienda Física,Temporada Regular,S
V001199,2,2023-02-27,C00577,P0008,T004,3,215000.0,0.05,Efectivo,Tienda Física,Temporada Regular,M
V001804,1,2024-08-25,C01385,P0023,T021,1,74000.0,0.0,Efectivo,Tienda Física,Temporada De Diciembre,Xl
V003744,1,2024-11-15,C01590,P0012,T011,3,109000.0,0.0,Tarjeta Crédito,Tienda Física,Temporada Regular,M
V002543,1,2025-08-02,C00285,P0022,T017,2,194000.0,0.0,Transferencia,Tienda Física,Temporada Regular,Xs
V000844,1,2024-12-03,C00345,P0015,T027,3,179000.0,0.1,Efectivo,Tienda Física,Temporada Regular,34
V002070,1,2024-06-15,C01824,P0017,T011,4,151000.0,0.0,Tarjeta Débito,Online,Temporada De Diciembre,S
V002518,3,2025-01-06,C02488,P0018,T007,2,77000.0,0.15,Tarjeta Débito,Tienda Física,Temporada Regular,L
V001231,1,2023-12-23,C02246,P0026,T041,1,139000.0,0.0,Efectivo,Tienda Física,Temporada De Diciembre,S
V002945,1,2023-02-03,C01419,P0016,T016,2,133000.0,0.3,Tarjeta Crédito,Tienda Física,Temporada Regular,30
V002770,1,2024-11-16,C01188,P0007,T014,1,62000.0,0.0,Tarjeta Débito,Tienda Física,Temporada Regular,M
V000475,1,2025-02-23,C00433,P0024,T032,1,218000.0,0.0,Tarjeta Crédito,Tienda Física,Black Friday,S
V001650,1,2024-08-24,C01626,P0022,T004,2,204000.0,0.0,Tarjeta Crédito,Tienda Física,Temporada Regular,Xl
V003278,2,2023-05-09,C01237,P0007,T043,2,63000.0,0.4,Tarjeta Crédito,Tienda Física,Vacaciones,L
V001128,2,2024-06-19,C02467,P0010,T004,4,95000.0,0.0,Tarjeta Crédito,Tienda Física,Temporada De Diciembre,32
V002527,1,2025-07-20,C00121,P0017,T040,1,140000.0,0.1,Tarjeta Débito,Tienda Física,Temporada Regular,Xxl
V000285,2,2024-04-12,C01340,P0002,T014,1,160000.0,0.05,Tarjeta Crédito,Online,Temporada Regular,L
V000799,2,2024-08-08,C01780,P0011,T014,3,135000.0,0.0,Tarjeta Crédito,Tienda Física,Temporada Regular,M
V000752,1,2025-08-01,C00781,P0012,T042,2,108000.0,0.15,Tarjeta Crédito,Tienda Física,Regreso A Clases,Xs
V002529,1,2024-07-22,C00139,P0001,T008,3,148000.0,0.05,Tarjeta Crédito,Tienda Física,Temporada Regular,30
V000031,1,2025-04-13,C00147,P0003,T005,1,181000.0,0.4,Transferencia,Tienda Física,Temporada Regular,38
V001714,3,2025-08-07,C01389,P0024,T022,3,209000.0,0.15,Tarjeta Crédito,Tienda Física,Temporada Regular,Xs
V000349,1,2024-05-16,C01397,P0023,T013,1,80000.0,0.0,Tarjeta Crédito,Tienda Física,Temporada De Diciembre,L
V002318,1,2025-05-19,C02297,P0001,T032,1,143000.0,0.0,Tarjeta Crédito,Tienda Física,Temporada Regular,34
V003227,1,2025-10-09,C01050,P0025,T009,4,135000.0,0.0,Tarjeta Crédito,Tienda Física,Temporada De Diciembre,Xxl
V002086,1,2023-09-06,C00423,P0008,T011,1,217000.0,0.0,Tarjeta Crédito,Tienda Física,Temporada Regular,Xxl
V003549,2,2025-06-29,C02277,P0004,T031,2,168000.0,0.0,Tarjeta Débito,Tienda Física,Temporada De Diciembre,36
V003005,1,2023-02-12,C02688,P0018,T019,4,76000.0,0.3,Tarjeta Débito,Tienda Física,Temporada Regular,Xs
V001045,1,2025-12-07,C00671,P0026,T003,3,135000.0,0.0,Tarjeta Débito,Tienda Física,Temporada Regular,L
V003155,1,2025-07-15,C01341,P0019,T034,3,70000.0,0.0,Tarjeta Crédito,Tienda Física,Temporada De Diciembre,S
V003762,3,2025-11-27,C01155,P0010,T015,2,97000.0,0.0,Tarjeta Débito,Tienda Física,Temporada De Diciembre,38
V000143,1,2023-04-15,C02146,P0017,T004,1,146000.0,0.0,Efectivo,Tienda Física,Vacaciones,Xs
V001715,3,2024-03-16,C00854,P0008,T015,3,217000.0,0.05,Tarjeta Débito,Tienda Física,Temporada Regular,Xs
V003696,1,2024-02-18,C01683,P0002,T013,1,154000.0,0.0,Transferencia,Tienda Física,Temporada Regular,Xxl
V003276,1,2025-04-11,C01989,P0019,T040,1,74000.0,0.0,Transferencia,Tienda Física,Temporada Regular,M
V000256,1,2025-07-26,C01752,P0023,T015,1,77000.0,0.2,Tarjeta Débito,Tienda Física,Temporada Regular,Xl
V000403,1,2025-06-01,C00799,P0017,T017,1,142000.0,0.05,Tarjeta Crédito,Online,Temporada De Diciembre,Xl
V003132,1,2023-07-04,C01585,P0005,T029,1,116000.0,0.4,Tarjeta Débito,Tienda Física,Vacaciones,M
V002817,1,2023-08-17,C00877,P0020,T004,2,76000.0,0.0,Transferencia,Tienda Física,Temporada Regular,S
V001441,1,2023-05-01,C01634,P0010,T040,1,95000.0,0.0,Tarjeta Débito,Tienda Física,Temporada De Diciembre,38
V000875,1,2025-11-30,C02160,P0020,T041,1,75000.0,0.3,Efectivo,Tienda Física,Temporada Regular,M
V003366,1,2024-03-13,C01886,P0002,T015,2,152000.0,0.0,Tarjeta Crédito,Tienda Física,Temporada Regular,Xs
V001747,1,2023-09-30,C01726,P0021,T027,1,119000.0,0.2,Tarjeta Crédito,Online,Temporada De Diciembre,L
V002668,1,2023-09-25,C00564,P0021,T010,2,122000.0,0.4,Tarjeta Débito,Tienda Física,Temporada Regular,Xl
V001142,1,2024-11-28,C00692,P0025,T011,3,135000.0,0.3,Tarjeta Débito,Tienda Física,Temporada Regular,Xs
V002391,1,2024-06-23,C01015,P0003,T004,1,176000.0,0.4,Tarjeta Crédito,Online,Temporada Regular,30
V000620,1,2024-12-25,C02620,P0008,T035,1,214000.0,0.0,Tarjeta Débito,Tienda Física,Temporada Regular,S
V000217,1,2025-03-26,C00178,P0010,T019,1,97000.0,0.15,Tarjeta Débito,Tienda Física,Temporada Regular,38
V002908,1,2023-10-30,C00423,P0012,T031,1,109000.0,0.0,Tarjeta Crédito,Tienda Física,Temporada Regular,Xs
V002076,2,2023-12-13,C00782,P0001,T009,3,143000.0,0.0,Tarjeta Crédito,Tienda Física,Temporada Regular,30
V003642,1,2023-04-24,C01659,P0011,T038,1,129000.0,0.0,Tarjeta Crédito,Tienda Física,Temporada Regular,L
V001762,1,2024-12-05,C01734,P0011,T032,2,131000.0,0.0,Tarjeta Crédito,Tienda Física,Temporada Regular,L
V000396,1,2024-08-07,C02568,P0007,T006,3,60000.0,0.0,Tarjeta Débito,Tienda Física,Temporada Regular,Xxl
V002357,1,2024-04-09,C01735,P0023,T002,3,74000.0,0.05,Tarjeta Débito,Tienda Física,Temporada Regular,M
V001660,3,2023-12-12,C01506,P0005,T012,2,112000.0,0.0,Tarjeta Débito,Tienda Física,Temporada Regular,S
V001903,1,2025-04-06,C02153,P0017,T001,1,147000.0,0.15,Tarjeta Crédito,Tienda Física,Black Friday,S
V001843,1,2025-11-26,C00863,P0022,T006,4,204000.0,0.0,Transferencia,Tienda Física,Día Del Padre,Xl
V002986,1,2023-08-04,C01240,P0019,T022,1,70000.0,0.0,Tarjeta Débito,Tienda Física,Temporada De Diciembre,L
V003208,1,2024-05-20,C00485,P0005,T043,2,110000.0,0.0,Tarjeta Débito,Tienda Física,Temporada Regular,M
V003407,3,2023-04-04,C00842,P0001,T017,4,138000.0,0.0,Tarjeta Crédito,Tienda Física,Temporada Regular,34
V001015,2,2024-04-18,C02361,P0024,T018,4,226000.0,0.4,Tarjeta Crédito,Tienda Física,Temporada Regular,Xs
V000362,1,2024-11-24,C02571,P0016,T004,1,145000.0,0.1,Tarjeta Crédito,Online,Temporada Regular,34
V000566,1,2024-11-15,C01826,P0011,T023,2,132000.0,0.3,Tarjeta Débito,Online,Temporada Regular,Xs
V002937,1,2025-03-23,C01572,P0001,T006,3,145000.0,0.0,Transferencia,Online,Día Del Padre,32
V001568,1,2023-12-17,C00845,P0023,T026,3,76000.0,0.15,Tarjeta Crédito,Tienda Física,Temporada Regular,S
V000796,1,2025-08-27,C02682,P0023,T020,1,75000.0,0.2,Tarjeta Crédito,Tienda Física,Temporada Regular,L
V003611,1,2025-01-08,C02531,P0012,T018,2,108000.0,0.0,Efectivo,Tienda Física,Día De La Madre,L
V003607,1,2023-05-29,C01657,P0013,T031,1,58000.0,0.3,Tarjeta Crédito,Tienda Física,Temporada Regular,Xxl
V000917,1,2023-04-09,C01846,P0022,T021,1,193000.0,0.1,Tarjeta Débito,Tienda Física,Temporada Regular,L
V003356,2,2023-10-13,C00098,P0010,T001,1,94000.0,0.0,Tarjeta Débito,Tienda Física,Temporada Regular,30
V000803,1,2024-06-22,C01448,P0004,T004,1,171000.0,0.1,Transferencia,Tienda Física,Temporada Regular,38
V001512,1,2024-11-15,C02626,P0017,T015,1,141000.0,0.3,Tarjeta Débito,Tienda Física,Black Friday,M
V001337,1,2023-04-24,C02652,P0014,T004,3,133000.0,0.0,Tarjeta Débito,Tienda Física,Temporada Regular,34
V000600,1,2024-01-16,C02449,P0013,T024,2,56000.0,0.0,Efectivo,Tienda Física,Vacaciones,S
V003415,1,2025-01-04,C02540,P0002,T034,4,155000.0,0.0,Tarjeta Crédito,Tienda Física,Black Friday,S
V001743,1,2023-09-14,C00939,P0026,T023,1,131000.0,0.05,Tarjeta Crédito,Tienda Física,Vacaciones,Xxl
V000388,1,2023-06-05,C00862,P0011,T004,2,136000.0,0.2,Tarjeta Crédito,Tienda Física,Temporada Regular,S
V002427,1,2023-04-27,C01762,P0018,T005,1,74000.0,0.1,Efectivo,Tienda Física,Temporada Regular,Xs
V003608,1,2023-11-25,C00369,P0025,T001,3,139000.0,0.4,Transferencia,Tienda Física,Temporada De Diciembre,S
V000240,1,2025-01-06,C01069,P0003,T001,1,184000.0,0.0,Tarjeta Débito,Online,Temporada Regular,30
V001879,2,2023-04-10,C01785,P0009,T030,1,130000.0,0.2,Efectivo,Tienda Física,Regreso A Clases,Xs
V000892,1,2023-02-11,C02371,P0019,T020,4,73000.0,0.0,Tarjeta Crédito,Tienda Física,Temporada Regular,Xs
V002490,2,2025-11-13,C00305,P0013,T022,2,54000.0,0.0,Tarjeta Débito,Tienda Física,Temporada De Diciembre,M
V000136,1,2025-06-08,C02403,P0026,T009,1,129000.0,0.0,Tarjeta Crédito,Tienda Física,Temporada Regular,M
V003566,1,2024-06-04,C02315,P0002,T040,3,158000.0,0.3,Efectivo,Tienda Física,Temporada De Diciembre,S
V000381,3,2024-11-22,C00710,P0021,T015,4,120000.0,0.05,Tarjeta Débito,Tienda Física,Temporada Regular,Xs
V002409,2,2025-04-29,C02597,P0015,T017,2,167000.0,0.3,Tarjeta Crédito,Tienda Física,Temporada De Diciembre,38
V000584,2,2024-06-25,C02597,P0022,T004,1,197000.0,0.3,Tarjeta Crédito,Tienda Física,Temporada Regular,L
V002287,1,2024-09-14,C02637,P0003,T004,1,182000.0,0.0,Tarjeta Débito,Tienda Física,Regreso A Clases,30
V001757,1,2025-06-29,C00114,P0010,T004,1,96000.0,0.2,Tarjeta Crédito,Tienda Física,Día De La Madre,34
V001077,1,2025-08-11,C02724,P0007,T004,4,57000.0,0.0,Tarjeta Débito,Tienda Física,Temporada Regular,L
V001416,1,2023-08-01,C01258,P0013,T020,3,57000.0,0.0,Tarjeta Débito,Tienda Física,Temporada Regular,Xs
V003638,1,2023-03-03,C01226,P0015,T027,1,184000.0,0.0,Tarjeta Débito,Tienda Física,Temporada Regular,38
V001905,2,2023-06-07,C01763,P0017,T018,2,144000.0,0.2,Transferencia,Tienda Física,Temporada Regular,Xl
V000341,1,2023-05-24,C02702,P0011,T011,2,137000.0,0.15,Tarjeta Crédito,Tienda Física,Día De La Madre,Xxl
V002472,1,2025-05-26,C01192,P0009,T012,2,123000.0,0.0,Tarjeta Débito,Tienda Física,Black Friday,Xl
V000271,1,2024-02-08,C02287,P0024,T040,2,212000.0,0.0,Efectivo,Tienda Física,Temporada De Diciembre,S
V003770,2,2024-11-04,C02496,P0011,T005,2,130000.0,0.0,Tarjeta Débito,Tienda Física,Black Friday,Xs
V002575,1,2023-01-10,C02051,P0024,T005,1,219000.0,0.15,Tarjeta Débito,Tienda Física,Temporada De Diciembre,M
V001448,1,2023-07-22,C01947,P0014,T009,2,143000.0,0.1,Tarjeta Débito,Online,Temporada Regular,36
V000058,1,2023-01-24,C02695,P0023,T033,2,80000.0,0.0,Tarjeta Débito,Tienda Física,Temporada Regular,Xs
V002263,1,2023-01-05,C00714,P0009,T005,3,128000.0,0.0,Tarjeta Débito,Online,Día Del Padre,M
V002593,1,2024-02-04,C00764,P0025,T009,1,134000.0,0.3,Tarjeta Crédito,Tienda Física,Temporada Regular,Xxl
V003498,1,2024-04-13,C01801,P0026,T001,1,130000.0,0.0,Tarjeta Débito,Tienda Física,Temporada Regular,Xl
V001562,1,2024-03-25,C02641,P0004,T014,2,176000.0,0.0,Efectivo,Tienda Física,Temporada De Diciembre,40
V001935,2,2023-04-30,C01381,P0023,T027,2,79000.0,0.0,Efectivo,Online,Temporada Regular,M
V002013,2,2023-06-28,C00177,P0006,T014,2,57000.0,0.05,Tarjeta Débito,Tienda Física,Temporada De Diciembre,Xs
V002772,2,2025-04-10,C00897,P0004,T001,1,173000.0,0.4,Tarjeta Débito,Tienda Física,Temporada Regular,32
V001001,1,2025-05-23,C01160,P0006,T012,2,54000.0,0.0,Efectivo,Tienda Física,Día De La Madre,S
V002763,1,2025-04-02,C02003,P0008,T039,2,214000.0,0.0,Efectivo,Tienda Física,Temporada De Diciembre,M
V002083,2,2025-04-22,C00462,P0014,T012,1,135000.0,0.0,Efectivo,Tienda Física,Temporada De Diciembre,28
V003379,1,2024-10-28,C00104,P0013,T029,2,58000.0,0.3,Tarjeta Crédito,Tienda Física,Regreso A Clases,Xl
V002377,1,2025-09-23,C00397,P0022,T030,2,191000.0,0.0,Tarjeta Crédito,Tienda Física,Temporada Regular,Xs
V001896,1,2024-10-09,C00995,P0021,T027,3,122000.0,0.05,Efectivo,Tienda Física,Temporada Regular,S
V000709,2,2024-02-22,C00690,P0004,T025,1,165000.0,0.0,Transferencia,Tienda Física,Temporada Regular,36
V003057,2,2024-12-03,C01381,P0021,T031,1,122000.0,0.15,Tarjeta Débito,Tienda Física,Temporada Regular,L
V000636,1,2023-12-06,C01520,P0023,T004,3,80000.0,0.0,Tarjeta Crédito,Tienda Física,Temporada De Diciembre,L
V002742,2,2025-11-10,C02238,P0002,T031,3,160000.0,0.1,Efectivo,Tienda Física,Temporada Regular,L
V000727,1,2025-08-07,C00315,P0025,T032,1,138000.0,0.1,Efectivo,Tienda Física,Temporada Regular,Xs
V002774,2,2025-08-30,C00974,P0004,T013,1,169000.0,0.15,Tarjeta Débito,Tienda Física,Temporada Regular,38
V003613,2,2023-01-09,C02443,P0015,T002,3,174000.0,0.0,Tarjeta Débito,Tienda Física,Regreso A Clases,30
V001093,1,2025-02-27,C01224,P0025,T002,4,141000.0,0.0,Tarjeta Débito,Online,Regreso A Clases,Xl
V001139,1,2023-07-12,C01264,P0022,T009,1,209000.0,0.2,Transferencia,Tienda Física,Temporada Regular,S
V002697,1,2025-01-27,C01864,P0020,T004,1,81000.0,0.0,Tarjeta Débito,Tienda Física,Temporada Regular,M
V003736,1,2023-05-14,C01445,P0005,T018,2,114000.0,0.0,Tarjeta Débito,Online,Black Friday,Xxl
V003450,1,2024-04-20,C00160,P0018,T035,2,79000.0,0.0,Tarjeta Crédito,Tienda Física,Temporada Regular,S
V000706,2,2025-08-24,C00539,P0004,T009,4,172000.0,0.0,Efectivo,Tienda Física,Temporada Regular,40
V001475,1,2023-08-26,C01780,P0005,T033,3,113000.0,0.0,Efectivo,Tienda Física,Temporada De Diciembre,S
V001298,2,2024-12-09,C02495,P0001,T013,2,144000.0,0.0,Tarjeta Débito,Tienda Física,Temporada Regular,28
V000064,1,2024-06-03,C01170,P0020,T017,2,77000.0,0.0,Tarjeta Débito,Tienda Física,Temporada Regular,L
V002800,2,2024-07-19,C00632,P0009,T043,4,130000.0,0.0,Efectivo,Online,Vacaciones,Xxl
V003692,1,2024-01-05,C02406,P0016,T008,4,135000.0,0.0,Tarjeta Débito,Tienda Física,Temporada Regular,38
V003094,2,2025-06-20,C01121,P0023,T003,3,80000.0,0.0,Efectivo,Tienda Física,Temporada Regular,M
V000219,1,2023-10-12,C02466,P0006,T019,1,54000.0,0.1,Transferencia,Tienda Física,Día Del Padre,L
V003754,2,2023-11-07,C00851,P0001,T023,1,140000.0,0.0,Transferencia,Tienda Física,Temporada Regular,40
V001703,2,2025-04-08,C00920,P0020,T009,3,80000.0,0.0,Transferencia,Tienda Física,Día Del Padre,Xxl
V000682,1,2024-03-24,C02541,P0015,T009,1,168000.0,0.0,Tarjeta Crédito,Tienda Física,Vacaciones,40
V002829,1,2024-12-05,C00961,P0008,T004,2,221000.0,0.0,Tarjeta Crédito,Tienda Física,Vacaciones,Xl
V002875,1,2023-05-11,C02611,P0004,T016,2,178000.0,0.15,Transferencia,Tienda Física,Temporada De Diciembre,28
V002693,1,2024-11-01,C02149,P0023,T019,3,77000.0,0.15,Tarjeta Crédito,Tienda Física,Temporada Regular,Xl
V003552,1,2024-07-23,C00007,P0025,T025,2,136000.0,0.0,Efectivo,Tienda Física,Temporada Regular,Xs
V003538,1,2023-01-14,C00940,P0022,T028,1,198000.0,0.0,Tarjeta Crédito,Tienda Física,Temporada Regular,M
V001309,2,2023-06-27,C02325,P0020,T027,4,78000.0,0.0,Tarjeta Crédito,Tienda Física,Temporada Regular,Xs
V002375,1,2024-12-11,C02489,P0013,T015,1,58000.0,0.1,Tarjeta Crédito,Tienda Física,Día De La Madre,Xxl
V002551,3,2025-04-15,C01299,P0004,T017,4,172000.0,0.0,Tarjeta Crédito,Tienda Física,Temporada Regular,28
V001670,3,2023-09-17,C00047,P0018,T005,1,74000.0,0.15,Efectivo,Tienda Física,Temporada Regular,Xxl
V002003,1,2024-11-03,C01445,P0016,T035,4,134000.0,0.0,Tarjeta Crédito,Tienda Física,Temporada Regular,40
V002570,1,2025-01-10,C01294,P0013,T032,2,56000.0,0.0,Tarjeta Crédito,Tienda Física,Black Friday,M
V002750,1,2025-02-28,C01817,P0004,T039,2,168000.0,0.0,Tarjeta Débito,Tienda Física,Temporada Regular,38
V001522,2,2023-02-28,C02796,P0014,T021,2,139000.0,0.0,Tarjeta Crédito,Tienda Física,Temporada Regular,36
V002358,1,2024-02-04,C02508,P0016,T013,2,145000.0,0.1,Tarjeta Crédito,Tienda Física,Regreso A Clases,40
V002615,1,2024-02-18,C01266,P0022,T023,1,207000.0,0.0,Efectivo,Tienda Física,Temporada Regular,Xs
V001564,2,2025-05-24,C01937,P0023,T031,1,80000.0,0.0,Tarjeta Débito,Tienda Física,Black Friday,Xxl
V002271,2,2023-11-22,C01591,P0007,T023,3,60000.0,0.1,Tarjeta Débito,Tienda Física,Temporada Regular,S
V002370,3,2025-01-03,C02589,P0003,T009,1,174000.0,0.0,Efectivo,Tienda Física,Regreso A Clases,36
V002950,3,2024-03-02,C01831,P0007,T004,1,59000.0,0.0,Tarjeta Crédito,Tienda Física,Temporada Regular,Xxl
V000900,2,2024-05-04,C02104,P0023,T013,2,77000.0,0.0,Tarjeta Crédito,Tienda Física,Temporada Regular,Xs
V003503,1,2024-04-19,C00285,P0015,T036,2,178000.0,0.0,Tarjeta Crédito,Tienda Física,Temporada Regular,40
V000604,1,2025-08-24,C01847,P0016,T030,3,144000.0,0.1,Tarjeta Crédito,Tienda Física,Temporada Regular,30
V001412,2,2025-05-28,C02402,P0008,T031,4,209000.0,0.0,Transferencia,Tienda Física,Vacaciones,L
V003614,2,2024-11-16,C00433,P0010,T031,1,95000.0,0.05,Tarjeta Crédito,Tienda Física,Temporada Regular,32
V000802,1,2025-01-10,C02029,P0007,T035,3,58000.0,0.0,Tarjeta Crédito,Tienda Física,Temporada Regular,L
V002728,2,2025-12-27,C02743,P0020,T012,1,77000.0,0.0,Efectivo,Tienda Física,Temporada Regular,L
V003666,2,2023-06-20,C00462,P0003,T007,1,174000.0,0.0,Transferencia,Tienda Física,Temporada Regular,40
V001575,1,2024-01-15,C01405,P0017,T042,1,153000.0,0.0,Efectivo,Tienda Física,Temporada Regular,M
V001309,1,2023-06-27,C02325,P0024,T027,2,211000.0,0.0,Tarjeta Crédito,Tienda Física,Temporada Regular,Xl
V003667,2,2023-02-26,C01746,P0023,T008,2,74000.0,0.3,Tarjeta Crédito,Tienda Física,Temporada Regular,Xl
V000998,1,2023-10-07,C01960,P0002,T037,1,153000.0,0.0,Efectivo,Tienda Física,Temporada De Diciembre,Xs
V003734,1,2023-06-06,C02244,P0009,T008,2,131000.0,0.0,Tarjeta Débito,Tienda Física,Temporada Regular,L
V002631,1,2023-05-06,C00199,P0015,T041,1,171000.0,0.0,Tarjeta Débito,Tienda Física,Día De La Madre,36
V001940,2,2023-05-13,C01911,P0021,T035,2,126000.0,0.0,Tarjeta Débito,Tienda Física,Regreso A Clases,S
V001687,2,2025-07-27,C00397,P0024,T004,2,216000.0,0.0,Efectivo,Online,Temporada Regular,S
V001187,1,2024-03-18,C01511,P0021,T038,2,120000.0,0.0,Tarjeta Crédito,Tienda Física,Temporada Regular,L
V001927,1,2023-06-02,C00649,P0017,T029,2,144000.0,0.05,Tarjeta Débito,Tienda Física,Temporada Regular,Xxl
V003283,2,2024-09-22,C01845,P0011,T002,4,139000.0,0.0,Efectivo,Tienda Física,Temporada De Diciembre,Xs
V000359,1,2025-10-28,C00448,P0021,T023,1,121000.0,0.0,Tarjeta Débito,Tienda Física,Black Friday,S
V003223,2,2025-08-08,C02252,P0010,T019,1,92000.0,0.2,Tarjeta Débito,Tienda Física,Temporada Regular,38
V001304,3,2025-10-03,C02522,P0009,T004,1,128000.0,0.2,Tarjeta Crédito,Tienda Física,Temporada Regular,L
V000334,1,2025-03-11,C01214,P0019,T007,4,72000.0,0.0,Tarjeta Crédito,Tienda Física,Temporada Regular,Xs
V000506,2,2025-06-19,C00391,P0001,T022,1,146000.0,0.1,Efectivo,Tienda Física,Temporada Regular,30
V002786,1,2025-09-27,C01517,P0019,T038,1,69000.0,0.1,Efectivo,Tienda Física,Temporada Regular,Xs
V003616,1,2023-11-02,C02686,P0013,T009,2,56000.0,0.1,Tarjeta Crédito,Tienda Física,Vacaciones,M
V001491,2,2025-09-10,C02176,P0019,T013,1,72000.0,0.0,Tarjeta Crédito,Tienda Física,Temporada Regular,L
V003381,1,2025-08-03,C00477,P0007,T037,1,63000.0,0.0,Tarjeta Débito,Online,Temporada Regular,L
V000612,3,2024-07-25,C00425,P0013,T019,1,54000.0,0.0,Tarjeta Crédito,Tienda Física,Temporada Regular,L
V002214,1,2025-11-03,C00310,P0021,T009,2,116000.0,0.0,Tarjeta Crédito,Tienda Física,Black Friday,S
V003785,1,2023-04-13,C00367,P0001,T005,1,138000.0,0.0,Tarjeta Débito,Tienda Física,Temporada De Diciembre,40
V003137,1,2025-06-17,C01686,P0026,T013,4,141000.0,0.3,Tarjeta Débito,Online,Temporada De Diciembre,M
V001821,2,2024-06-18,C01076,P0013,T004,1,58000.0,0.3,Tarjeta Crédito,Tienda Física,Temporada Regular,M
V000413,1,2023-05-16,C01708,P0023,T043,3,75000.0,0.05,Transferencia,Online,Temporada Regular,Xs
V003682,1,2023-07-11,C01713,P0012,T039,1,109000.0,0.2,Tarjeta Débito,Tienda Física,Vacaciones,Xl
V001048,1,2023-01-11,C02032,P0003,T022,1,182000.0,0.0,Tarjeta Crédito,Tienda Física,Black Friday,36
V000910,1,2025-05-14,C01314,P0018,T006,1,74000.0,0.05,Efectivo,Tienda Física,Vacaciones,L
V003130,1,2025-04-17,C01459,P0012,T018,3,112000.0,0.0,Tarjeta Crédito,Online,Día De La Madre,Xl
V001000,1,2024-11-10,C01335,P0003,T036,3,183000.0,0.0,Tarjeta Débito,Online,Temporada Regular,40
V002201,1,2023-07-12,C02352,P0004,T011,1,171000.0,0.1,Efectivo,Online,Vacaciones,40
V003626,2,2023-10-04,C01456,P0001,T039,2,146000.0,0.0,Tarjeta Débito,Tienda Física,Temporada Regular,32
V000960,2,2024-08-17,C02181,P0008,T004,2,222000.0,0.0,Tarjeta Débito,Online,Día Del Padre,L
V001655,2,2023-04-24,C01634,P0022,T038,1,206000.0,0.0,Tarjeta Crédito,Tienda Física,Temporada De Diciembre,Xxl
V001152,2,2025-10-08,C00409,P0006,T025,4,58000.0,0.0,Transferencia,Tienda Física,Temporada De Diciembre,S
V001411,1,2023-01-20,C00395,P0012,T018,1,110000.0,0.0,Tarjeta Débito,Tienda Física,Regreso A Clases,Xl
V001893,1,2024-07-08,C02425,P0021,T032,2,123000.0,0.0,Transferencia,Tienda Física,Temporada De Diciembre,Xl
V003057,1,2024-12-03,C01381,P0009,T031,1,133000.0,0.0,Tarjeta Débito,Tienda Física,Temporada Regular,Xs
V003241,1,2025-01-21,C02306,P0013,T009,3,55000.0,0.0,Tarjeta Débito,Tienda Física,Temporada Regular,Xs
V001160,3,2024-09-13,C02175,P0022,T004,1,201000.0,0.0,Tarjeta Crédito,Online,Temporada Regular,S
V002480,1,2023-11-09,C00089,P0023,T020,4,75000.0,0.2,Efectivo,Tienda Física,Vacaciones,Xl
V000812,2,2023-03-15,C02665,P0019,T032,1,75000.0,0.0,Transferencia,Tienda Física,Temporada Regular,Xs
V002072,1,2025-12-12,C01426,P0002,T035,2,154000.0,0.0,Efectivo,Tienda Física,Temporada Regular,M
V002619,1,2023-02-05,C00108,P0006,T021,2,57000.0,0.05,Tarjeta Débito,Tienda Física,Temporada Regular,Xl
V000988,1,2023-12-03,C02466,P0011,T036,1,128000.0,0.1,Transferencia,Tienda Física,Temporada Regular,S
V003501,2,2024-02-13,C02045,P0018,T007,2,78000.0,0.0,Transferencia,Tienda Física,Black Friday,M
V001458,1,2024-01-27,C00035,P0001,T004,1,141000.0,0.0,Tarjeta Crédito,Tienda Física,Temporada Regular,36
V000868,2,2023-10-18,C02097,P0003,T042,3,171000.0,0.0,Efectivo,Tienda Física,Temporada Regular,28
V002610,3,2024-07-25,C01481,P0025,T008,1,139000.0,0.0,Tarjeta Débito,Tienda Física,Temporada Regular,L
V000885,2,2024-10-04,C01602,P0010,T004,2,92000.0,0.0,Transferencia,Tienda Física,Temporada Regular,40
V000384,1,2025-06-19,C02335,P0012,T011,1,105000.0,0.0,Tarjeta Débito,Tienda Física,Black Friday,Xl
V003151,1,2024-01-11,C02200,P0008,T042,1,216000.0,0.0,Tarjeta Crédito,Tienda Física,Vacaciones,S
V000735,1,2024-09-27,C02308,P0015,T039,3,176000.0,0.15,Efectivo,Tienda Física,Día De La Madre,32
V000781,1,2025-04-23,C00466,P0018,T004,2,78000.0,0.0,Tarjeta Débito,Tienda Física,Regreso A Clases,Xxl
V002027,1,2023-08-07,C01042,P0005,T038,1,118000.0,0.0,Tarjeta Crédito,Tienda Física,Temporada Regular,Xl
V002050,3,2023-10-30,C01309,P0015,T023,2,184000.0,0.2,Efectivo,Online,Black Friday,34
V000178,1,2023-03-17,C00405,P0021,T006,2,118000.0,0.0,Tarjeta Crédito,Tienda Física,Black Friday,M
V000137,2,2025-11-23,C01181,P0002,T004,1,159000.0,0.1,Tarjeta Crédito,Online,Temporada Regular,M
V000531,1,2024-08-31,C01396,P0016,T001,4,145000.0,0.0,Tarjeta Crédito,Tienda Física,Temporada Regular,40
V000792,1,2023-05-07,C01843,P0008,T031,3,208000.0,0.2,Tarjeta Débito,Tienda Física,Temporada Regular,M
V000068,1,2025-04-27,C01479,P0026,T004,2,133000.0,0.0,Tarjeta Débito,Online,Temporada Regular,M
V003251,1,2024-05-09,C01769,P0018,T024,2,73000.0,0.0,Efectivo,Tienda Física,Temporada Regular,M
V002669,2,2025-10-22,C02635,P0007,T007,1,60000.0,0.0,Tarjeta Crédito,Online,Temporada Regular,Xxl
V001538,2,2025-05-23,C00195,P0001,T004,1,148000.0,0.0,Efectivo,Online,Temporada Regular,36
V003189,2,2025-03-05,C01941,P0006,T031,1,54000.0,0.0,Efectivo,Tienda Física,Temporada Regular,S
V001777,2,2025-03-08,C00932,P0012,T009,1,108000.0,0.0,Tarjeta Crédito,Tienda Física,Black Friday,S
V000133,2,2024-09-01,C01169,P0010,T004,2,91000.0,0.1,Tarjeta Débito,Tienda Física,Black Friday,38
V002971,2,2025-02-23,C00793,P0004,T004,1,174000.0,0.0,Tarjeta Crédito,Tienda Física,Temporada Regular,36
V002932,1,2023-01-18,C01122,P0024,T035,1,214000.0,0.0,Tarjeta Débito,Online,Temporada Regular,Xxl
V001929,1,2025-12-31,C01290,P0003,T004,1,176000.0,0.0,Transferencia,Tienda Física,Temporada Regular,38
V000291,1,2024-04-04,C01132,P0019,T009,2,74000.0,0.0,Efectivo,Tienda Física,Black Friday,Xs
V003460,1,2024-01-10,C01988,P0013,T009,4,57000.0,0.0,Tarjeta Crédito,Tienda Física,Vacaciones,S
V002730,1,2025-01-07,C02056,P0019,T021,3,75000.0,0.2,Tarjeta Débito,Online,Temporada Regular,Xs
V001839,1,2024-06-10,C00533,P0022,T031,4,209000.0,0.0,Tarjeta Débito,Tienda Física,Temporada Regular,S
V003326,1,2024-12-08,C01168,P0026,T004,2,130000.0,0.0,Transferencia,Tienda Física,Día Del Padre,L
V001257,1,2024-02-19,C00457,P0006,T039,2,56000.0,0.15,Efectivo,Tienda Física,Regreso A Clases,Xxl
V002059,1,2023-12-12,C02751,P0014,T024,1,137000.0,0.0,Tarjeta Crédito,Tienda Física,Black Friday,34
V002811,2,2024-09-10,C02283,P0025,T026,3,137000.0,0.4,Tarjeta Débito,Tienda Física,Temporada Regular,M
V002746,1,2024-10-03,C01128,P0001,T022,1,149000.0,0.2,Tarjeta Crédito,Tienda Física,Día De La Madre,32
V001136,2,2024-04-29,C00409,P0018,T016,1,72000.0,0.0,Efectivo,Online,Temporada Regular,Xl
V000875,3,2025-11-30,C02160,P0019,T041,2,75000.0,0.0,Efectivo,Tienda Física,Temporada Regular,M
V001818,2,2024-08-14,C01498,P0013,T041,1,55000.0,0.0,Transferencia,Tienda Física,Temporada Regular,L
V001107,1,2024-02-14,C02101,P0004,T004,2,174000.0,0.0,Tarjeta Crédito,Tienda Física,Temporada Regular,30
V002740,2,2024-12-21,C02239,P0026,T004,3,131000.0,0.0,Tarjeta Crédito,Tienda Física,Temporada De Diciembre,L
V003199,3,2025-03-25,C01058,P0025,T004,3,136000.0,0.0,Tarjeta Crédito,Tienda Física,Temporada Regular,S
V001111,1,2025-07-17,C00966,P0012,T013,1,107000.0,0.0,Tarjeta Crédito,Online,Temporada Regular,L
V001181,1,2025-09-15,C02117,P0015,T004,2,179000.0,0.2,Efectivo,Tienda Física,Temporada Regular,38
V001024,1,2024-05-31,C02344,P0006,T009,1,58000.0,0.0,Tarjeta Débito,Online,Temporada Regular,Xxl
V001376,1,2023-02-26,C01537,P0020,T004,1,76000.0,0.0,Efectivo,Tienda Física,Temporada Regular,S
V003564,1,2025-07-09,C00949,P0015,T043,1,176000.0,0.0,Tarjeta Débito,Tienda Física,Temporada Regular,38
V003584,2,2025-06-04,C01577,P0007,T016,1,61000.0,0.0,Tarjeta Débito,Tienda Física,Temporada Regular,Xs
V003363,3,2025-05-13,C02756,P0005,T026,2,113000.0,0.1,Tarjeta Débito,Tienda Física,Temporada De Diciembre,S
V002550,1,2023-01-12,C01507,P0021,T040,1,122000.0,0.0,Tarjeta Crédito,Tienda Física,Temporada Regular,M
V000826,1,2024-09-18,C02558,P0019,T004,1,72000.0,0.0,Efectivo,Tienda Física,Temporada Regular,L
V000055,1,2025-08-10,C01901,P0022,T030,1,196000.0,0.05,Tarjeta Crédito,Tienda Física,Temporada Regular,M
V001133,1,2025-08-26,C01555,P0009,T043,1,133000.0,0.0,Tarjeta Crédito,Tienda Física,Regreso A Clases,L
V002518,2,2025-01-06,C02488,P0019,T007,3,69000.0,0.0,Tarjeta Débito,Tienda Física,Temporada Regular,M
V002066,1,2025-10-03,C01789,P0005,T010,1,114000.0,0.0,Tarjeta Débito,Tienda Física,Temporada Regular,Xl
V003200,1,2023-09-12,C02128,P0002,T014,1,161000.0,0.0,Tarjeta Crédito,Tienda Física,Vacaciones,L
V002304,2,2023-03-09,C01749,P0021,T026,2,123000.0,0.1,Transferencia,Tienda Física,Temporada Regular,S
V000592,1,2024-08-07,C00285,P0015,T030,2,169000.0,0.1,Tarjeta Crédito,Tienda Física,Temporada Regular,28
V001348,2,2024-08-24,C00198,P0006,T004,1,56000.0,0.05,Transferencia,Tienda Física,Temporada Regular,M
V002504,1,2025-05-05,C00227,P0007,T009,1,59000.0,0.0,Tarjeta Débito,Tienda Física,Temporada Regular,S
V002016,1,2025-03-15,C02336,P0017,T013,2,139000.0,0.0,Tarjeta Débito,Tienda Física,Temporada Regular,L
V001927,2,2023-06-02,C00649,P0015,T029,1,182000.0,0.0,Tarjeta Débito,Tienda Física,Temporada Regular,36
V000032,1,2024-10-15,C01204,P0008,T007,1,218000.0,0.0,Tarjeta Crédito,Tienda Física,Temporada Regular,Xl
V000416,2,2023-03-31,C00822,P0023,T004,3,76000.0,0.0,Efectivo,Tienda Física,Vacaciones,Xxl
V002643,1,2023-06-22,C00462,P0009,T004,4,130000.0,0.2,Tarjeta Débito,Tienda Física,Temporada Regular,L
V003496,3,2023-03-17,C01412,P0022,T004,2,205000.0,0.1,Tarjeta Crédito,Tienda Física,Temporada Regular,Xxl
V000852,1,2023-04-29,C01590,P0026,T038,3,138000.0,0.0,Tarjeta Crédito,Tienda Física,Temporada Regular,Xl
V001864,1,2025-06-26,C02555,P0026,T020,3,135000.0,0.05,Tarjeta Crédito,Tienda Física,Temporada Regular,M
V001062,1,2023-01-12,C00352,P0022,T013,1,198000.0,0.4,Transferencia,Tienda Física,Vacaciones,L
V002031,1,2023-04-23,C00564,P0026,T006,1,141000.0,0.0,Tarjeta Débito,Tienda Física,Día Del Padre,L
V001631,1,2024-11-07,C01971,P0002,T011,1,161000.0,0.0,Tarjeta Crédito,Tienda Física,Temporada De Diciembre,Xs
V002212,2,2024-04-27,C00090,P0019,T037,2,70000.0,0.1,Tarjeta Crédito,Online,Temporada Regular,S
V000443,1,2024-07-14,C01589,P0015,T020,1,181000.0,0.0,Tarjeta Crédito,Tienda Física,Temporada Regular,34
V003474,3,2025-05-23,C01533,P0008,T014,1,224000.0,0.0,Transferencia,Tienda Física,Temporada Regular,Xs
V003285,2,2025-03-04,C00013,P0009,T023,2,129000.0,0.0,Efectivo,Online,Vacaciones,Xs
V001360,1,2024-07-16,C02026,P0001,T022,1,142000.0,0.0,Tarjeta Débito,Tienda Física,Temporada Regular,34
V002022,1,2024-08-20,C02029,P0004,T038,1,177000.0,0.0,Tarjeta Crédito,Tienda Física,Temporada Regular,30
V003758,2,2024-05-23,C02424,P0003,T043,1,172000.0,0.3,Efectivo,Tienda Física,Regreso A Clases,36
V002000,2,2024-01-03,C00309,P0020,T004,1,76000.0,0.0,Tarjeta Crédito,Tienda Física,Temporada Regular,Xl
V003649,1,2025-01-05,C01758,P0008,T018,1,210000.0,0.0,Transferencia,Tienda Física,Temporada Regular,S
V003078,2,2025-08-06,C01899,P0001,T022,1,146000.0,0.0,Efectivo,Tienda Física,Temporada Regular,34
V003227,2,2025-10-09,C01050,P0018,T009,2,77000.0,0.05,Tarjeta Crédito,Tienda Física,Temporada De Diciembre,L
V003635,2,2024-02-28,C02592,P0007,T004,2,60000.0,0.0,Efectivo,Tienda Física,Vacaciones,M
V000511,1,2024-02-22,C02390,P0011,T001,2,139000.0,0.0,Efectivo,Tienda Física,Temporada Regular,M
V000281,3,2025-03-07,C01027,P0025,T018,4,144000.0,0.3,Transferencia,Tienda Física,Temporada Regular,Xs
V002550,3,2023-01-12,C01507,P0022,T040,3,195000.0,0.0,Tarjeta Crédito,Tienda Física,Temporada Regular,Xxl
V002137,1,2025-10-04,C00973,P0022,T035,2,193000.0,0.0,Efectivo,Tienda Física,Temporada Regular,L
V002154,1,2024-11-08,C01485,P0004,T032,1,165000.0,0.4,Tarjeta Débito,Tienda Física,Temporada Regular,32
V000354,2,2024-07-12,C01574,P0014,T001,2,141000.0,0.0,Efectivo,Tienda Física,Temporada Regular,30
V003675,1,2023-10-24,C01427,P0014,T037,1,141000.0,0.0,Tarjeta Crédito,Tienda Física,Black Friday,36
V000340,1,2024-10-24,C00325,P0025,T009,3,144000.0,0.0,Tarjeta Crédito,Tienda Física,Temporada Regular,M
V001335,1,2023-02-19,C00273,P0006,T038,1,58000.0,0.0,Tarjeta Crédito,Tienda Física,Temporada Regular,Xl
V001883,2,2024-10-12,C01290,P0026,T027,2,134000.0,0.0,Tarjeta Débito,Tienda Física,Temporada Regular,L
V002872,1,2024-09-24,C01670,P0019,T020,2,75000.0,0.0,Efectivo,Tienda Física,Temporada Regular,Xxl
V002175,2,2025-04-10,C01064,P0020,T017,2,78000.0,0.0,Tarjeta Crédito,Online,Black Friday,Xl
V000906,1,2024-05-30,C00068,P0006,T036,2,55000.0,0.0,Efectivo,Tienda Física,Black Friday,Xs
V000706,1,2025-08-24,C00539,P0002,T009,2,149000.0,0.1,Efectivo,Tienda Física,Temporada Regular,Xl
V001114,1,2025-03-24,C01156,P0021,T001,1,124000.0,0.0,Tarjeta Débito,Tienda Física,Temporada Regular,Xs
V002012,1,2023-12-09,C01378,P0022,T003,1,197000.0,0.0,Tarjeta Crédito,Tienda Física,Temporada Regular,Xxl
V000298,2,2025-12-06,C00638,P0009,T041,1,131000.0,0.05,Tarjeta Crédito,Online,Temporada Regular,L
V003210,1,2025-09-30,C00943,P0007,T004,1,61000.0,0.0,Efectivo,Tienda Física,Día De La Madre,Xs
V003535,1,2023-06-07,C01037,P0022,T004,4,206000.0,0.05,Tarjeta Crédito,Tienda Física,Black Friday,Xxl
V000195,1,2024-09-09,C00455,P0005,T042,1,118000.0,0.0,Tarjeta Crédito,Tienda Física,Temporada Regular,S
V002259,1,2023-03-27,C01507,P0017,T004,1,147000.0,0.0,Tarjeta Débito,Tienda Física,Temporada Regular,Xl
V000336,2,2023-07-18,C00437,P0023,T024,3,77000.0,0.0,Tarjeta Crédito,Tienda Física,Temporada Regular,S
V001392,1,2024-08-22,C01987,P0009,T002,2,123000.0,0.0,Efectivo,Online,Temporada De Diciembre,Xxl
V001021,1,2025-05-30,C01304,P0023,T022,1,81000.0,0.0,Tarjeta Crédito,Tienda Física,Temporada Regular,S
V000210,1,2023-09-08,C01861,P0015,T010,4,180000.0,0.0,Tarjeta Crédito,Online,Temporada Regular,30
V002839,2,2025-04-11,C00942,P0021,T007,1,122000.0,0.0,Tarjeta Débito,Tienda Física,Temporada De Diciembre,Xl
V001344,3,2025-01-11,C02707,P0019,T004,2,76000.0,0.0,Tarjeta Débito,Tienda Física,Temporada Regular,M
V001560,1,2025-07-19,C00095,P0012,T012,4,106000.0,0.15,Efectivo,Tienda Física,Día De La Madre,Xl
V002649,1,2025-07-12,C00113,P0021,T004,1,119000.0,0.05,Tarjeta Crédito,Tienda Física,Black Friday,Xxl
V002282,1,2025-03-26,C01101,P0017,T010,2,142000.0,0.0,Tarjeta Débito,Tienda Física,Temporada Regular,L
V003779,1,2025-12-04,C02317,P0019,T027,1,71000.0,0.0,Tarjeta Débito,Tienda Física,Día De La Madre,S
V001112,2,2024-12-11,C02586,P0001,T021,2,140000.0,0.15,Transferencia,Tienda Física,Temporada Regular,34
V001792,1,2023-12-02,C01561,P0014,T004,1,140000.0,0.0,Transferencia,Tienda Física,Temporada Regular,28
V002785,1,2023-08-03,C00154,P0014,T013,4,138000.0,0.2,Tarjeta Crédito,Tienda Física,Temporada Regular,32
V001506,3,2025-04-30,C00304,P0026,T037,2,136000.0,0.0,Tarjeta Crédito,Tienda Física,Temporada Regular,Xxl
V003048,1,2024-01-24,C01023,P0024,T004,1,222000.0,0.1,Efectivo,Online,Temporada Regular,M
V001398,2,2024-10-03,C01171,P0026,T012,3,135000.0,0.0,Tarjeta Crédito,Tienda Física,Vacaciones,M
V002657,1,2024-04-13,C02793,P0026,T011,1,141000.0,0.2,Tarjeta Débito,Tienda Física,Vacaciones,Xs
V000350,1,2023-02-02,C02155,P0003,T034,1,171000.0,0.1,Tarjeta Crédito,Tienda Física,Vacaciones,30
V002652,1,2025-07-18,C02073,P0025,T017,1,139000.0,0.0,Tarjeta Débito,Tienda Física,Black Friday,M
V000969,1,2024-03-23,C02423,P0018,T027,4,74000.0,0.0,Tarjeta Crédito,Tienda Física,Día Del Padre,Xs
V000947,2,2025-07-15,C02680,P0017,T013,2,141000.0,0.0,Efectivo,Tienda Física,Temporada Regular,M
V003776,1,2023-09-15,C00922,P0001,T039,2,138000.0,0.0,Tarjeta Débito,Tienda Física,Temporada Regular,28
V001408,1,2025-08-14,C01856,P0024,T035,4,212000.0,0.15,Transferencia,Tienda Física,Temporada Regular,Xxl
V003026,1,2024-08-31,C01628,P0014,T016,3,143000.0,0.2,Tarjeta Débito,Tienda Física,Temporada Regular,30
V002389,1,2024-07-26,C02386,P0021,T043,4,125000.0,0.0,Efectivo,Tienda Física,Vacaciones,S
V000812,1,2023-03-15,C02665,P0024,T032,2,220000.0,0.15,Transferencia,Tienda Física,Temporada Regular,L
V002799,1,2023-05-10,C02369,P0009,T004,4,122000.0,0.2,Tarjeta Débito,Tienda Física,Temporada Regular,S
V001884,1,2025-09-02,C01372,P0005,T002,2,116000.0,0.3,Efectivo,Tienda Física,Temporada Regular,Xxl
V001140,1,2025-08-17,C01757,P0025,T041,1,135000.0,0.0,Tarjeta Crédito,Tienda Física,Temporada Regular,S
V003474,1,2025-05-23,C01533,P0006,T014,4,54000.0,0.05,Transferencia,Tienda Física,Temporada Regular,Xl
V003353,2,2023-11-13,C00104,P0022,T013,1,196000.0,0.0,Transferencia,Online,Temporada De Diciembre,Xs
V002277,3,2025-12-04,C02228,P0007,T019,1,59000.0,0.0,Tarjeta Crédito,Tienda Física,Temporada De Diciembre,L
V000065,1,2023-11-09,C01660,P0001,T033,1,148000.0,0.0,Efectivo,Tienda Física,Temporada Regular,34
V002625,2,2023-11-23,C02402,P0010,T016,1,94000.0,0.4,Transferencia,Tienda Física,Vacaciones,38
V002171,2,2023-04-30,C01152,P0007,T032,4,61000.0,0.0,Efectivo,Online,Vacaciones,Xl
V003339,1,2023-04-05,C01582,P0002,T037,4,157000.0,0.05,Tarjeta Crédito,Tienda Física,Temporada Regular,Xs
V000502,1,2023-08-15,C00047,P0007,T021,1,62000.0,0.0,Tarjeta Crédito,Tienda Física,Temporada Regular,M
V002533,1,2024-07-24,C01501,P0014,T028,2,137000.0,0.0,Tarjeta Débito,Tienda Física,Black Friday,34
V002964,1,2024-03-23,C00854,P0013,T031,1,54000.0,0.0,Tarjeta Débito,Tienda Física,Día De La Madre,L
V000669,1,2025-09-25,C00452,P0016,T016,1,144000.0,0.0,Tarjeta Crédito,Tienda Física,Temporada Regular,34
V000057,2,2024-08-07,C02111,P0026,T039,4,132000.0,0.0,Tarjeta Débito,Tienda Física,Temporada Regular,S
V001078,1,2024-03-09,C02319,P0014,T023,2,135000.0,0.0,Tarjeta Crédito,Tienda Física,Vacaciones,32
V003171,1,2024-05-25,C01539,P0008,T042,1,214000.0,0.0,Efectivo,Tienda Física,Temporada Regular,Xl
V002973,2,2025-05-16,C02399,P0006,T021,1,57000.0,0.0,Tarjeta Crédito,Tienda Física,Temporada Regular,Xxl
V002951,1,2025-06-12,C01217,P0011,T018,1,140000.0,0.0,Tarjeta Crédito,Tienda Física,Temporada Regular,M
V003581,1,2025-03-09,C02221,P0023,T001,1,80000.0,0.0,Tarjeta Crédito,Online,Temporada Regular,S
V003741,1,2025-09-20,C00678,P0017,T023,3,141000.0,0.05,Efectivo,Tienda Física,Temporada Regular,L
V001082,1,2025-05-14,C02742,P0019,T028,4,70000.0,0.0,Efectivo,Tienda Física,Temporada De Diciembre,M
V002142,2,2025-04-26,C01019,P0011,T019,1,139000.0,0.0,Transferencia,Tienda Física,Temporada Regular,Xl
V000313,2,2023-04-25,C00706,P0021,T012,1,122000.0,0.1,Tarjeta Crédito,Tienda Física,Temporada Regular,Xxl
V002997,1,2023-02-10,C02493,P0014,T009,2,137000.0,0.0,Transferencia,Tienda Física,Temporada Regular,38
V001467,1,2024-10-27,C01204,P0017,T035,3,144000.0,0.3,Transferencia,Tienda Física,Vacaciones,Xs
V003190,2,2024-06-19,C02733,P0004,T006,1,177000.0,0.3,Tarjeta Crédito,Tienda Física,Temporada Regular,34
V001161,1,2024-05-07,C02082,P0005,T018,3,111000.0,0.0,Efectivo,Tienda Física,Black Friday,Xl
V003229,1,2024-03-20,C02444,P0020,T043,2,73000.0,0.0,Tarjeta Crédito,Tienda Física,Black Friday,L
V000597,1,2025-08-26,C01338,P0002,T013,2,153000.0,0.0,Transferencia,Tienda Física,Temporada Regular,Xxl
V000048,1,2025-08-23,C01978,P0020,T025,4,79000.0,0.0,Efectivo,Online,Temporada De Diciembre,M
V003229,2,2024-03-20,C02444,P0002,T043,1,149000.0,0.15,Tarjeta Crédito,Tienda Física,Black Friday,M
V003591,1,2023-01-04,C00110,P0003,T003,2,173000.0,0.15,Tarjeta Crédito,Tienda Física,Black Friday,34
V001522,1,2023-02-28,C02796,P0020,T021,1,79000.0,0.0,Tarjeta Crédito,Tienda Física,Temporada Regular,M
V003703,3,2025-11-02,C00543,P0019,T003,1,73000.0,0.0,Efectivo,Tienda Física,Black Friday,L
V001320,3,2023-01-02,C02627,P0015,T030,1,184000.0,0.0,Tarjeta Crédito,Tienda Física,Temporada Regular,30
V002662,1,2024-05-15,C02126,P0012,T039,1,107000.0,0.4,Tarjeta Débito,Tienda Física,Temporada Regular,Xl
V000960,1,2024-08-17,C02181,P0026,T004,1,130000.0,0.0,Tarjeta Débito,Online,Día Del Padre,M
V000232,1,2023-05-16,C02303,P0022,T039,2,206000.0,0.05,Tarjeta Crédito,Tienda Física,Día De La Madre,L
V002461,2,2024-09-21,C01138,P0013,T004,1,57000.0,0.0,Tarjeta Débito,Tienda Física,Temporada Regular,M
V001531,2,2025-12-20,C01464,P0004,T004,1,166000.0,0.0,Tarjeta Débito,Tienda Física,Temporada Regular,32
V002941,1,2023-02-23,C00896,P0018,T004,3,79000.0,0.1,Efectivo,Tienda Física,Temporada Regular,Xs
V000766,1,2024-06-25,C00654,P0019,T039,1,73000.0,0.0,Tarjeta Crédito,Tienda Física,Día Del Padre,Xs
V001281,2,2023-06-27,C01778,P0003,T018,4,175000.0,0.15,Efectivo,Tienda Física,Regreso A Clases,38
V001285,1,2025-08-25,C00716,P0022,T014,4,204000.0,0.0,Tarjeta Débito,Tienda Física,Temporada Regular,Xs
V000769,1,2024-12-02,C01631,P0008,T020,2,224000.0,0.0,Tarjeta Crédito,Tienda Física,Temporada Regular,Xs
V002249,1,2025-10-09,C00417,P0015,T004,1,182000.0,0.0,Tarjeta Crédito,Tienda Física,Día Del Padre,32
V000903,2,2024-03-05,C00731,P0014,T023,1,143000.0,0.0,Transferencia,Tienda Física,Día Del Padre,34
V000311,1,2024-12-09,C00139,P0017,T027,1,149000.0,0.0,Tarjeta Crédito,Tienda Física,Día De La Madre,M
V000886,2,2024-12-23,C02444,P0012,T022,1,106000.0,0.15,Tarjeta Crédito,Tienda Física,Temporada De Diciembre,L
V001498,2,2024-01-11,C01762,P0016,T017,1,145000.0,0.0,Tarjeta Crédito,Online,Temporada Regular,32
V001634,1,2024-07-20,C01452,P0009,T042,4,133000.0,0.15,Tarjeta Débito,Tienda Física,Regreso A Clases,Xxl
V003133,2,2023-07-14,C00609,P0024,T021,3,206000.0,0.0,Tarjeta Débito,Tienda Física,Vacaciones,Xs
V002926,3,2023-10-28,C01289,P0002,T016,4,152000.0,0.0,Efectivo,Tienda Física,Temporada De Diciembre,L
V001574,1,2025-01-13,C02491,P0009,T015,2,124000.0,0.0,Transferencia,Tienda Física,Temporada Regular,Xxl
V002871,1,2025-02-04,C01458,P0024,T003,4,208000.0,0.0,Tarjeta Débito,Tienda Física,Temporada Regular,Xl
V003548,1,2024-10-03,C00682,P0021,T004,4,125000.0,0.1,Tarjeta Débito,Tienda Física,Vacaciones,Xs
V002241,1,2025-01-20,C02672,P0018,T011,3,73000.0,0.0,Tarjeta Débito,Online,Temporada Regular,L
V000393,1,2024-10-14,C02646,P0023,T009,2,75000.0,0.1,Tarjeta Crédito,Tienda Física,Vacaciones,M
V003418,1,2024-03-16,C00580,P0004,T004,1,172000.0,0.05,Tarjeta Débito,Tienda Física,Temporada Regular,34
V003088,1,2023-04-19,C00297,P0006,T013,1,58000.0,0.15,Tarjeta Crédito,Tienda Física,Temporada Regular,Xxl
V002811,1,2024-09-10,C02283,P0024,T026,2,216000.0,0.0,Tarjeta Débito,Tienda Física,Temporada Regular,M
V001036,1,2025-02-09,C02740,P0022,T004,1,200000.0,0.2,Tarjeta Débito,Tienda Física,Temporada Regular,S
V002509,1,2024-11-20,C01605,P0026,T007,2,138000.0,0.0,Efectivo,Tienda Física,Vacaciones,Xxl
V000847,2,2023-09-01,C02238,P0022,T003,2,201000.0,0.0,Tarjeta Débito,Tienda Física,Temporada Regular,Xxl
V001307,2,2025-07-18,C02353,P0023,T029,4,77000.0,0.0,Tarjeta Crédito,Online,Temporada Regular,Xl
V002559,2,2024-02-25,C00216,P0016,T040,2,137000.0,0.0,Tarjeta Crédito,Tienda Física,Vacaciones,36
V001572,1,2023-12-29,C00645,P0011,T009,1,130000.0,0.0,Efectivo,Tienda Física,Temporada Regular,Xl
V000136,3,2025-06-08,C02403,P0010,T009,2,99000.0,0.1,Tarjeta Crédito,Tienda Física,Temporada Regular,28
V003455,1,2023-11-21,C00134,P0009,T004,1,125000.0,0.0,Tarjeta Débito,Tienda Física,Temporada Regular,S
V003357,1,2024-11-30,C02348,P0011,T029,1,129000.0,0.0,Tarjeta Débito,Tienda Física,Temporada De Diciembre,Xl
V001717,3,2024-03-16,C00355,P0014,T032,2,143000.0,0.0,Tarjeta Crédito,Tienda Física,Día Del Padre,36
V002708,3,2025-01-27,C01455,P0017,T001,1,152000.0,0.0,Efectivo,Online,Día De La Madre,Xs
V002523,1,2024-11-07,C02255,P0009,T009,1,132000.0,0.15,Tarjeta Crédito,Tienda Física,Vacaciones,Xs
V000343,1,2023-03-15,C00920,P0009,T015,1,124000.0,0.0,Efectivo,Online,Día Del Padre,M
V000172,1,2023-02-23,C01321,P0014,T034,1,145000.0,0.0,Efectivo,Tienda Física,Temporada Regular,30
V002822,2,2024-04-16,C00870,P0001,T029,1,140000.0,0.0,Tarjeta Crédito,Online,Temporada De Diciembre,40
V000053,2,2024-10-12,C00972,P0005,T026,4,113000.0,0.0,Tarjeta Débito,Tienda Física,Temporada Regular,Xxl
V002879,1,2024-07-13,C00622,P0006,T009,1,57000.0,0.0,Tarjeta Crédito,Online,Black Friday,Xl
V000137,1,2025-11-23,C01181,P0015,T004,1,183000.0,0.0,Tarjeta Crédito,Online,Temporada Regular,32
V002127,1,2024-09-01,C02781,P0006,T032,1,58000.0,0.05,Tarjeta Crédito,Tienda Física,Regreso A Clases,S
V003384,2,2024-11-10,C00870,P0015,T004,1,167000.0,0.0,Efectivo,Tienda Física,Black Friday,34
V003333,2,2023-04-15,C00739,P0001,T013,2,139000.0,0.0,Efectivo,Tienda Física,Vacaciones,40
V003015,1,2025-12-20,C02743,P0010,T031,3,90000.0,0.0,Efectivo,Tienda Física,Temporada Regular,38
V000880,2,2025-08-31,C00350,P0026,T017,2,138000.0,0.0,Transferencia,Tienda Física,Regreso A Clases,L
V000785,1,2025-12-11,C02504,P0016,T011,1,139000.0,0.0,Tarjeta Crédito,Tienda Física,Regreso A Clases,40
V000756,3,2023-06-05,C02583,P0019,T003,1,73000.0,0.0,Tarjeta Crédito,Tienda Física,Temporada Regular,M
V001816,2,2024-07-16,C01320,P0018,T015,2,76000.0,0.0,Transferencia,Tienda Física,Temporada Regular,Xxl
V003329,1,2023-05-25,C00797,P0006,T005,1,56000.0,0.05,Efectivo,Tienda Física,Temporada Regular,Xl
V002208,2,2024-11-24,C01877,P0018,T024,1,79000.0,0.0,Transferencia,Tienda Física,Temporada Regular,Xl
V001250,1,2023-03-31,C00646,P0007,T020,4,59000.0,0.0,Transferencia,Tienda Física,Temporada Regular,M
V001132,1,2023-08-15,C00983,P0001,T008,2,140000.0,0.0,Tarjeta Crédito,Tienda Física,Black Friday,36
V003509,2,2025-04-04,C00934,P0006,T007,1,55000.0,0.0,Tarjeta Crédito,Tienda Física,Regreso A Clases,L
V002612,1,2024-10-12,C01481,P0022,T022,1,200000.0,0.0,Tarjeta Crédito,Tienda Física,Temporada Regular,Xl
V002119,1,2025-03-19,C01330,P0011,T015,2,132000.0,0.4,Tarjeta Crédito,Tienda Física,Día De La Madre,Xxl
V003728,1,2025-08-04,C01385,P0013,T004,1,55000.0,0.0,Tarjeta Crédito,Tienda Física,Temporada Regular,Xl
V003627,1,2024-07-01,C00372,P0005,T033,1,112000.0,0.0,Efectivo,Tienda Física,Temporada Regular,M
V002618,1,2024-01-02,C01342,P0018,T009,2,77000.0,0.0,Tarjeta Débito,Tienda Física,Temporada Regular,Xl
V003281,1,2023-12-01,C01404,P0012,T042,1,111000.0,0.05,Efectivo,Online,Black Friday,M
V003383,1,2024-09-26,C00042,P0010,T043,2,94000.0,0.0,Tarjeta Débito,Tienda Física,Temporada Regular,30
V003452,1,2024-04-22,C01247,P0003,T007,1,184000.0,0.0,Tarjeta Crédito,Tienda Física,Vacaciones,30
V003495,1,2024-10-29,C00913,P0008,T004,4,207000.0,0.0,Transferencia,Tienda Física,Black Friday,Xl
V001514,1,2024-09-04,C02128,P0007,T004,3,63000.0,0.4,Efectivo,Tienda Física,Temporada De Diciembre,Xl
V000116,1,2023-07-22,C00024,P0019,T018,1,69000.0,0.15,Transferencia,Tienda Física,Black Friday,Xxl
V001988,2,2024-10-12,C00296,P0008,T027,3,222000.0,0.0,Tarjeta Débito,Tienda Física,Temporada Regular,L
V002210,1,2025-03-04,C01951,P0006,T027,1,56000.0,0.05,Tarjeta Débito,Tienda Física,Día De La Madre,M
V001540,1,2024-05-30,C02794,P0024,T004,4,222000.0,0.15,Efectivo,Online,Temporada Regular,L
V001533,3,2023-04-28,C02414,P0013,T004,1,60000.0,0.0,Tarjeta Crédito,Tienda Física,Regreso A Clases,M
V000236,2,2023-07-15,C02279,P0004,T004,3,169000.0,0.0,Tarjeta Crédito,Tienda Física,Temporada De Diciembre,40
V003358,2,2023-12-20,C01715,P0007,T022,1,62000.0,0.0,Tarjeta Débito,Tienda Física,Temporada Regular,S
V003376,1,2025-11-23,C00550,P0005,T003,1,116000.0,0.4,Efectivo,Tienda Física,Temporada De Diciembre,M
V001265,1,2024-04-24,C02165,P0008,T040,1,207000.0,0.0,Tarjeta Crédito,Tienda Física,Temporada Regular,Xs
V000005,1,2024-02-03,C00968,P0019,T017,2,75000.0,0.0,Tarjeta Crédito,Tienda Física,Temporada Regular,Xs
V003156,1,2024-10-21,C00088,P0001,T026,1,144000.0,0.1,Tarjeta Débito,Tienda Física,Temporada Regular,38
V002858,1,2025-05-04,C01048,P0008,T012,4,208000.0,0.0,Tarjeta Débito,Tienda Física,Black Friday,S
V003512,1,2025-04-18,C01607,P0015,T020,3,183000.0,0.0,Tarjeta Crédito,Tienda Física,Temporada Regular,34
V000347,1,2024-06-10,C02760,P0022,T028,2,207000.0,0.0,Tarjeta Crédito,Tienda Física,Día De La Madre,S
V003166,2,2025-06-13,C02301,P0023,T029,2,82000.0,0.0,Tarjeta Crédito,Tienda Física,Temporada Regular,Xxl
V003714,1,2025-07-12,C02573,P0014,T004,2,138000.0,0.3,Tarjeta Débito,Tienda Física,Día De La Madre,28
V002475,1,2023-09-02,C01066,P0016,T026,2,133000.0,0.0,Tarjeta Crédito,Tienda Física,Temporada Regular,34
V003063,1,2025-08-19,C02402,P0008,T009,1,221000.0,0.0,Transferencia,Online,Regreso A Clases,S
V000153,2,2025-07-23,C00547,P0026,T039,2,138000.0,0.15,Tarjeta Crédito,Tienda Física,Temporada Regular,M
V001742,1,2025-08-08,C01042,P0003,T002,1,170000.0,0.0,Tarjeta Débito,Tienda Física,Temporada Regular,38
V002932,3,2023-01-18,C01122,P0020,T035,3,75000.0,0.0,Tarjeta Débito,Online,Temporada Regular,Xl
V002632,1,2025-04-01,C01445,P0024,T011,1,225000.0,0.0,Tarjeta Crédito,Tienda Física,Temporada Regular,Xs
V000166,1,2024-05-09,C02241,P0025,T009,2,134000.0,0.0,Efectivo,Tienda Física,Vacaciones,L
V002315,2,2023-02-24,C00238,P0022,T031,1,209000.0,0.0,Transferencia,Tienda Física,Temporada Regular,S
V002789,1,2025-11-09,C00985,P0019,T016,1,70000.0,0.05,Efectivo,Tienda Física,Temporada Regular,L
V002819,1,2025-05-05,C00382,P0007,T038,1,59000.0,0.2,Tarjeta Crédito,Tienda Física,Temporada Regular,Xxl
V001974,1,2024-08-15,C01792,P0024,T041,4,215000.0,0.05,Tarjeta Débito,Online,Black Friday,Xs
V000492,2,2024-12-20,C00118,P0007,T032,1,59000.0,0.0,Tarjeta Débito,Tienda Física,Temporada Regular,Xxl
V002187,2,2024-01-29,C02529,P0013,T004,4,57000.0,0.0,Tarjeta Crédito,Tienda Física,Temporada Regular,S
V003723,1,2023-03-27,C02490,P0008,T015,1,216000.0,0.2,Tarjeta Débito,Tienda Física,Temporada Regular,S
V000673,1,2025-09-23,C00448,P0006,T017,4,56000.0,0.0,Tarjeta Débito,Tienda Física,Vacaciones,Xxl
V002295,1,2025-04-06,C00088,P0009,T024,1,132000.0,0.0,Tarjeta Débito,Tienda Física,Día Del Padre,S
V003207,1,2025-12-11,C00512,P0003,T039,3,183000.0,0.2,Tarjeta Débito,Tienda Física,Temporada Regular,36
V003115,2,2025-07-28,C02727,P0021,T024,1,117000.0,0.0,Tarjeta Débito,Online,Temporada De Diciembre,L
V002844,1,2024-10-22,C00405,P0015,T009,2,171000.0,0.0,Efectivo,Tienda Física,Vacaciones,32
V000672,1,2025-01-07,C01114,P0001,T022,1,144000.0,0.0,Tarjeta Crédito,Tienda Física,Temporada Regular,30
V002591,2,2023-08-04,C00671,P0005,T011,1,115000.0,0.0,Tarjeta Débito,Tienda Física,Temporada Regular,M
V000294,3,2025-01-16,C01464,P0008,T039,2,223000.0,0.0,Tarjeta Débito,Tienda Física,Vacaciones,M
V001189,1,2025-03-01,C00482,P0013,T001,1,56000.0,0.05,Transferencia,Tienda Física,Temporada De Diciembre,L
V001640,1,2024-09-25,C01375,P0018,T001,1,72000.0,0.0,Tarjeta Débito,Tienda Física,Temporada De Diciembre,S
V001836,1,2023-10-05,C01952,P0001,T015,1,141000.0,0.2,Tarjeta Débito,Tienda Física,Vacaciones,40
V002475,3,2023-09-02,C01066,P0017,T026,1,145000.0,0.0,Tarjeta Crédito,Tienda Física,Temporada Regular,Xl
V000482,1,2024-11-25,C02653,P0017,T005,1,150000.0,0.0,Tarjeta Débito,Tienda Física,Temporada Regular,Xxl
V001615,1,2025-03-08,C01157,P0005,T018,1,116000.0,0.0,Efectivo,Tienda Física,Día De La Madre,S
V001356,2,2023-05-14,C00883,P0024,T036,3,221000.0,0.15,Tarjeta Crédito,Online,Temporada Regular,Xl
V000096,1,2023-10-17,C01126,P0011,T022,1,135000.0,0.0,Efectivo,Tienda Física,Temporada Regular,Xl
V002232,2,2024-01-25,C00024,P0013,T038,1,55000.0,0.2,Tarjeta Crédito,Tienda Física,Regreso A Clases,L
V001075,1,2024-05-13,C01631,P0003,T041,2,184000.0,0.0,Efectivo,Tienda Física,Día Del Padre,28
V002621,1,2024-08-27,C01574,P0003,T040,1,182000.0,0.1,Tarjeta Débito,Tienda Física,Temporada Regular,28
V001258,1,2025-10-18,C01086,P0022,T013,1,205000.0,0.2,Efectivo,Tienda Física,Temporada Regular,Xl
V000069,1,2024-07-20,C02678,P0019,T035,1,73000.0,0.0,Efectivo,Tienda Física,Temporada Regular,Xxl
V000646,1,2024-09-11,C00854,P0009,T034,2,131000.0,0.2,Tarjeta Débito,Tienda Física,Temporada Regular,M
V003541,2,2024-02-12,C02601,P0008,T011,1,210000.0,0.0,Tarjeta Débito,Tienda Física,Temporada De Diciembre,M
V001315,1,2024-03-02,C02105,P0012,T025,2,107000.0,0.05,Tarjeta Débito,Tienda Física,Temporada Regular,S
V002222,2,2023-10-11,C01838,P0011,T010,1,133000.0,0.0,Efectivo,Tienda Física,Temporada De Diciembre,Xxl
V000202,3,2025-12-02,C00844,P0004,T016,3,175000.0,0.0,Tarjeta Crédito,Tienda Física,Temporada Regular,38
V000107,1,2024-01-30,C00809,P0021,T006,1,120000.0,0.3,Tarjeta Débito,Tienda Física,Temporada Regular,Xs
V000004,1,2023-08-15,C00343,P0009,T026,4,132000.0,0.0,Tarjeta Débito,Tienda Física,Temporada Regular,L
V000528,1,2025-09-28,C02453,P0020,T038,2,74000.0,0.0,Efectivo,Tienda Física,Temporada Regular,S
V000824,1,2024-07-07,C02027,P0015,T009,2,179000.0,0.0,Tarjeta Crédito,Tienda Física,Temporada Regular,40
V002736,3,2023-01-05,C02188,P0004,T038,1,176000.0,0.0,Tarjeta Crédito,Tienda Física,Temporada Regular,30
V000479,1,2024-01-03,C01848,P0015,T004,2,173000.0,0.0,Efectivo,Online,Temporada Regular,30
V003800,2,2024-05-04,C02751,P0021,T004,3,122000.0,0.0,Transferencia,Tienda Física,Temporada Regular,L
V002100,1,2024-05-07,C01247,P0007,T011,3,60000.0,0.0,Efectivo,Tienda Física,Temporada Regular,M
V000985,1,2025-12-10,C02064,P0023,T020,3,76000.0,0.05,Tarjeta Crédito,Tienda Física,Temporada De Diciembre,M
V002681,1,2023-01-19,C01814,P0013,T004,1,55000.0,0.05,Tarjeta Débito,Online,Día De La Madre,L
V000211,2,2024-02-08,C01630,P0011,T026,2,137000.0,0.0,Efectivo,Tienda Física,Temporada Regular,M
V000160,1,2024-03-28,C02227,P0011,T016,2,129000.0,0.0,Tarjeta Crédito,Tienda Física,Temporada Regular,Xl
V001372,1,2024-03-02,C01777,P0014,T037,4,138000.0,0.0,Efectivo,Tienda Física,Black Friday,38
V003699,1,2023-11-10,C00545,P0011,T017,1,136000.0,0.1,Efectivo,Online,Temporada Regular,Xl
V000021,1,2025-11-15,C02369,P0023,T027,2,75000.0,0.0,Tarjeta Crédito,Tienda Física,Temporada De Diciembre,Xl
V002701,2,2023-12-04,C02342,P0005,T038,4,111000.0,0.05,Efectivo,Tienda Física,Temporada Regular,Xs
V002036,1,2025-10-28,C01771,P0001,T003,4,138000.0,0.05,Tarjeta Débito,Online,Día Del Padre,38
V003181,1,2025-03-23,C01441,P0026,T016,1,135000.0,0.2,Tarjeta Débito,Tienda Física,Temporada De Diciembre,M
V003652,2,2025-03-22,C02113,P0023,T007,2,79000.0,0.0,Tarjeta Débito,Tienda Física,Vacaciones,Xxl
V002474,1,2024-10-10,C00953,P0009,T002,2,128000.0,0.1,Tarjeta Débito,Tienda Física,Temporada De Diciembre,Xs
V001471,1,2024-05-02,C01171,P0024,T025,1,211000.0,0.15,Transferencia,Tienda Física,Temporada Regular,Xl
V000545,2,2023-11-05,C00716,P0018,T037,2,74000.0,0.0,Tarjeta Crédito,Tienda Física,Temporada Regular,Xs
V001741,1,2024-03-27,C01482,P0001,T026,1,142000.0,0.0,Tarjeta Débito,Online,Temporada Regular,34
V000236,1,2023-07-15,C02279,P0022,T004,1,193000.0,0.05,Tarjeta Crédito,Tienda Física,Temporada De Diciembre,Xl
V003045,2,2025-06-19,C02327,P0023,T022,2,79000.0,0.0,Efectivo,Tienda Física,Temporada Regular,S
V001833,1,2024-07-28,C00502,P0003,T015,2,170000.0,0.0,Tarjeta Débito,Tienda Física,Black Friday,40
V000103,2,2024-05-04,C00840,P0004,T006,2,163000.0,0.0,Tarjeta Débito,Tienda Física,Black Friday,28
V001411,2,2023-01-20,C00395,P0024,T018,1,215000.0,0.0,Tarjeta Débito,Tienda Física,Regreso A Clases,Xl
V000896,3,2023-02-05,C00219,P0014,T015,1,146000.0,0.4,Tarjeta Débito,Tienda Física,Temporada Regular,32
V000996,2,2024-02-17,C02186,P0026,T028,1,130000.0,0.0,Tarjeta Crédito,Online,Vacaciones,Xxl
V003660,2,2023-06-08,C00712,P0001,T009,1,142000.0,0.0,Tarjeta Débito,Tienda Física,Temporada Regular,30
V003107,1,2025-07-29,C00161,P0016,T006,3,146000.0,0.0,Tarjeta Crédito,Tienda Física,Temporada De Diciembre,38
V002060,1,2024-10-20,C00719,P0017,T004,1,154000.0,0.0,Tarjeta Débito,Tienda Física,Temporada Regular,Xs
V002582,1,2024-10-25,C01456,P0022,T020,1,206000.0,0.3,Tarjeta Débito,Tienda Física,Temporada Regular,Xs
V003104,1,2024-10-19,C01458,P0017,T005,2,149000.0,0.0,Efectivo,Tienda Física,Temporada Regular,M
V003456,1,2023-06-14,C01607,P0021,T028,1,124000.0,0.05,Transferencia,Tienda Física,Temporada De Diciembre,Xxl
V000603,1,2023-09-26,C00804,P0021,T009,1,119000.0,0.0,Tarjeta Crédito,Tienda Física,Temporada Regular,Xl
V003769,2,2025-03-01,C01044,P0009,T024,4,121000.0,0.15,Tarjeta Débito,Tienda Física,Temporada Regular,L
V001635,1,2025-05-28,C00799,P0017,T016,1,149000.0,0.15,Tarjeta Crédito,Tienda Física,Black Friday,Xxl
V002451,1,2023-05-17,C02720,P0013,T004,2,54000.0,0.0,Tarjeta Crédito,Tienda Física,Temporada Regular,S
V003089,2,2024-10-07,C01123,P0022,T005,1,195000.0,0.1,Efectivo,Tienda Física,Black Friday,M
V002923,1,2023-01-31,C02368,P0011,T032,2,139000.0,0.4,Tarjeta Débito,Tienda Física,Temporada Regular,Xs
V002689,1,2024-08-02,C00825,P0024,T015,4,220000.0,0.0,Tarjeta Débito,Online,Temporada Regular,M
V002164,1,2024-10-27,C01253,P0020,T007,1,77000.0,0.0,Efectivo,Tienda Física,Temporada De Diciembre,M
V002925,1,2023-04-10,C01028,P0008,T006,2,219000.0,0.0,Tarjeta Crédito,Tienda Física,Día Del Padre,S
V003484,1,2023-12-13,C01020,P0018,T031,1,76000.0,0.1,Tarjeta Crédito,Tienda Física,Temporada De Diciembre,S
V001348,1,2024-08-24,C00198,P0026,T004,3,142000.0,0.0,Transferencia,Tienda Física,Temporada Regular,M
V003377,3,2025-03-06,C02470,P0006,T039,2,57000.0,0.0,Tarjeta Débito,Tienda Física,Temporada Regular,Xs
V002348,1,2024-06-30,C01012,P0022,T026,1,204000.0,0.0,Tarjeta Crédito,Tienda Física,Temporada Regular,Xxl
V003147,1,2024-11-06,C02027,P0009,T006,1,121000.0,0.0,Tarjeta Crédito,Tienda Física,Temporada Regular,M
V002410,1,2024-05-08,C02719,P0008,T004,3,209000.0,0.0,Tarjeta Débito,Tienda Física,Día Del Padre,S
V001801,2,2025-06-16,C02497,P0015,T042,1,179000.0,0.0,Tarjeta Débito,Tienda Física,Temporada Regular,40
V001233,1,2025-08-11,C00334,P0025,T041,1,145000.0,0.0,Tarjeta Crédito,Tienda Física,Día De La Madre,Xl
V003476,2,2024-11-19,C00849,P0014,T005,2,132000.0,0.0,Tarjeta Crédito,Tienda Física,Temporada Regular,36
V002498,3,2024-09-23,C02053,P0011,T041,2,127000.0,0.0,Tarjeta Crédito,Tienda Física,Día De La Madre,M
V003435,2,2025-05-20,C00087,P0016,T009,1,146000.0,0.0,Tarjeta Crédito,Tienda Física,Día Del Padre,34
V000627,2,2025-09-14,C00223,P0025,T043,1,146000.0,0.0,Tarjeta Débito,Tienda Física,Temporada Regular,L
V003756,2,2024-09-02,C01843,P0008,T004,2,220000.0,0.1,Tarjeta Débito,Tienda Física,Regreso A Clases,Xl
V001361,2,2024-05-27,C01669,P0009,T036,4,121000.0,0.0,Tarjeta Crédito,Tienda Física,Black Friday,L
V001009,1,2025-09-09,C01493,P0008,T037,1,220000.0,0.3,Tarjeta Crédito,Tienda Física,Temporada Regular,L
V001890,1,2023-12-12,C01044,P0010,T026,4,92000.0,0.1,Tarjeta Crédito,Tienda Física,Temporada Regular,32
V002787,1,2024-05-30,C01416,P0023,T020,4,78000.0,0.0,Tarjeta Crédito,Tienda Física,Día De La Madre,Xs
V000278,1,2024-01-05,C01201,P0019,T017,3,71000.0,0.0,Tarjeta Débito,Tienda Física,Temporada De Diciembre,Xs
V002851,1,2024-07-07,C02729,P0026,T033,1,142000.0,0.0,Efectivo,Tienda Física,Temporada Regular,Xxl
V000789,2,2025-01-08,C00971,P0013,T004,2,54000.0,0.0,Tarjeta Crédito,Tienda Física,Temporada De Diciembre,S
V000215,2,2025-05-23,C01167,P0020,T021,2,78000.0,0.2,Efectivo,Online,Día De La Madre,Xxl
V002634,1,2023-06-07,C00275,P0006,T013,1,56000.0,0.0,Efectivo,Tienda Física,Día Del Padre,L
V001670,2,2023-09-17,C00047,P0005,T005,2,115000.0,0.0,Efectivo,Tienda Física,Temporada Regular,Xs
V001990,2,2025-03-25,C01269,P0010,T040,1,91000.0,0.0,Tarjeta Crédito,Tienda Física,Temporada Regular,36
V001643,1,2024-11-13,C00891,P0004,T004,1,164000.0,0.0,Tarjeta Crédito,Tienda Física,Temporada Regular,40
V000227,1,2024-09-03,C00679,P0012,T021,4,106000.0,0.2,Tarjeta Crédito,Tienda Física,Temporada Regular,Xs
V001053,2,2025-11-23,C00964,P0016,T032,1,143000.0,0.4,Tarjeta Débito,Tienda Física,Temporada Regular,28
V000838,1,2023-04-15,C01670,P0023,T014,1,75000.0,0.4,Tarjeta Débito,Tienda Física,Temporada Regular,Xxl
V001300,1,2024-10-17,C01306,P0019,T022,1,69000.0,0.2,Tarjeta Crédito,Tienda Física,Vacaciones,L
V002506,1,2024-11-07,C00819,P0003,T007,1,180000.0,0.0,Transferencia,Tienda Física,Temporada Regular,34
V002644,1,2023-03-28,C00502,P0009,T027,3,121000.0,0.0,Tarjeta Débito,Tienda Física,Temporada Regular,Xl
V003617,3,2024-09-12,C01529,P0008,T037,2,225000.0,0.15,Tarjeta Crédito,Tienda Física,Día De La Madre,L
V000106,1,2025-09-26,C01429,P0011,T004,2,136000.0,0.0,Tarjeta Débito,Online,Temporada Regular,Xs
V003773,2,2024-12-22,C01783,P0010,T029,1,92000.0,0.3,Transferencia,Online,Temporada Regular,28
V003642,2,2023-04-24,C01659,P0003,T038,4,170000.0,0.0,Tarjeta Crédito,Tienda Física,Temporada Regular,28
V000165,1,2025-04-29,C01202,P0004,T016,1,179000.0,0.0,Efectivo,Tienda Física,Temporada Regular,40
V003274,3,2025-06-22,C02781,P0011,T040,2,127000.0,0.1,Tarjeta Débito,Tienda Física,Temporada Regular,Xs
V001114,2,2025-03-24,C01156,P0008,T001,4,217000.0,0.0,Tarjeta Débito,Tienda Física,Temporada Regular,M
V003472,1,2023-02-07,C01399,P0022,T002,1,208000.0,0.0,Tarjeta Crédito,Tienda Física,Vacaciones,S
V001394,3,2023-12-16,C02782,P0010,T012,1,92000.0,0.0,Tarjeta Débito,Tienda Física,Temporada Regular,32
V001316,1,2025-12-07,C02258,P0005,T004,4,108000.0,0.0,Transferencia,Tienda Física,Temporada Regular,Xxl
V000093,1,2023-10-14,C01234,P0020,T025,1,79000.0,0.0,Efectivo,Online,Temporada Regular,S
V003406,1,2024-06-22,C00098,P0002,T004,2,152000.0,0.1,Tarjeta Débito,Tienda Física,Temporada Regular,M
V002629,1,2024-12-24,C00590,P0009,T032,1,127000.0,0.1,Tarjeta Crédito,Tienda Física,Día Del Padre,Xl
V001596,1,2025-04-27,C02293,P0009,T022,1,124000.0,0.0,Efectivo,Tienda Física,Black Friday,Xs
V000425,1,2025-08-10,C01554,P0003,T036,2,185000.0,0.0,Tarjeta Débito,Online,Temporada Regular,28
V002288,1,2023-03-28,C01184,P0004,T006,2,176000.0,0.2,Efectivo,Online,Temporada Regular,28
V003529,2,2023-11-07,C00740,P0001,T018,2,148000.0,0.3,Tarjeta Débito,Tienda Física,Black Friday,40
V000230,1,2025-07-10,C00174,P0016,T032,4,135000.0,0.05,Efectivo,Online,Temporada Regular,32
V001739,1,2023-02-13,C01062,P0002,T007,2,163000.0,0.0,Tarjeta Crédito,Tienda Física,Temporada De Diciembre,L
V003700,1,2025-11-19,C00134,P0015,T008,3,182000.0,0.0,Tarjeta Crédito,Online,Temporada Regular,34
V003001,1,2025-02-15,C01300,P0020,T037,1,75000.0,0.2,Efectivo,Tienda Física,Temporada Regular,M
V001277,1,2023-05-14,C00472,P0025,T009,1,142000.0,0.0,Tarjeta Crédito,Tienda Física,Temporada Regular,Xl
V001804,2,2024-08-25,C01385,P0019,T021,3,72000.0,0.05,Efectivo,Tienda Física,Temporada De Diciembre,Xs
V002101,2,2025-06-11,C00750,P0013,T019,1,58000.0,0.0,Efectivo,Tienda Física,Temporada Regular,S
V003098,1,2025-07-12,C02614,P0008,T005,2,217000.0,0.1,Tarjeta Crédito,Tienda Física,Día De La Madre,Xs
V000611,1,2025-10-18,C02345,P0008,T003,1,221000.0,0.0,Tarjeta Débito,Tienda Física,Temporada Regular,Xxl
V001986,2,2023-11-02,C02041,P0012,T005,4,109000.0,0.0,Tarjeta Crédito,Tienda Física,Temporada Regular,L
V001624,1,2025-06-09,C02669,P0022,T018,3,208000.0,0.0,Tarjeta Crédito,Tienda Física,Temporada Regular,M
V000292,2,2025-01-06,C02477,P0017,T016,1,151000.0,0.2,Tarjeta Débito,Tienda Física,Black Friday,S
V000637,2,2024-05-04,C02511,P0006,T009,1,59000.0,0.0,Tarjeta Crédito,Tienda Física,Temporada Regular,M
V003443,2,2025-12-08,C01398,P0006,T014,4,58000.0,0.0,Efectivo,Tienda Física,Regreso A Clases,Xl
V000891,2,2023-03-28,C00608,P0013,T026,2,56000.0,0.0,Tarjeta Crédito,Tienda Física,Temporada Regular,S
V001929,3,2025-12-31,C01290,P0025,T004,1,145000.0,0.2,Transferencia,Tienda Física,Temporada Regular,M
V003569,1,2023-06-20,C01579,P0011,T019,2,134000.0,0.0,Tarjeta Crédito,Tienda Física,Temporada Regular,Xl
V002019,1,2024-02-18,C02724,P0024,T027,1,212000.0,0.0,Tarjeta Débito,Online,Temporada Regular,Xl
V001604,1,2025-12-11,C01726,P0016,T010,1,145000.0,0.0,Tarjeta Débito,Online,Temporada Regular,32
V000083,2,2025-07-11,C02440,P0001,T031,2,150000.0,0.1,Tarjeta Débito,Tienda Física,Día Del Padre,38
V000399,1,2024-01-31,C00563,P0008,T027,1,208000.0,0.0,Transferencia,Tienda Física,Temporada Regular,M
V003712,2,2025-09-26,C02685,P0023,T029,1,77000.0,0.3,Tarjeta Crédito,Online,Temporada Regular,L
V003729,1,2024-03-09,C01293,P0006,T009,1,58000.0,0.0,Efectivo,Tienda Física,Temporada De Diciembre,S
V002564,2,2025-07-30,C00999,P0008,T004,1,219000.0,0.15,Efectivo,Tienda Física,Día Del Padre,M
V002453,1,2025-05-03,C00968,P0015,T018,1,170000.0,0.0,Tarjeta Crédito,Tienda Física,Temporada Regular,40
V001436,1,2024-09-11,C01715,P0002,T015,1,150000.0,0.0,Tarjeta Crédito,Tienda Física,Temporada De Diciembre,M
V001932,1,2025-04-23,C01895,P0009,T037,3,122000.0,0.05,Tarjeta Crédito,Tienda Física,Regreso A Clases,Xxl
V003015,2,2025-12-20,C02743,P0026,T031,3,143000.0,0.0,Efectivo,Tienda Física,Temporada Regular,Xxl
V000417,3,2025-03-01,C00385,P0001,T026,1,143000.0,0.0,Tarjeta Débito,Tienda Física,Temporada De Diciembre,38
V000633,2,2025-08-04,C00379,P0026,T009,1,139000.0,0.0,Tarjeta Crédito,Tienda Física,Temporada Regular,Xs
V003401,2,2025-07-14,C02343,P0015,T041,2,172000.0,0.0,Efectivo,Tienda Física,Temporada Regular,38
V003673,1,2025-07-21,C00230,P0006,T042,2,58000.0,0.05,Efectivo,Tienda Física,Temporada Regular,Xl
V003704,1,2023-05-17,C02761,P0025,T004,2,143000.0,0.0,Tarjeta Crédito,Tienda Física,Día Del Padre,Xs
V000363,1,2024-04-18,C01412,P0023,T012,2,78000.0,0.0,Tarjeta Crédito,Tienda Física,Vacaciones,L
V001330,1,2023-10-06,C01657,P0005,T024,2,115000.0,0.0,Efectivo,Tienda Física,Día Del Padre,Xl
V000932,3,2023-12-31,C00741,P0020,T016,1,79000.0,0.4,Tarjeta Crédito,Tienda Física,Temporada Regular,S
V003362,1,2025-02-27,C00055,P0020,T004,1,75000.0,0.1,Tarjeta Crédito,Online,Temporada Regular,M
V000874,1,2025-02-15,C02340,P0008,T030,2,205000.0,0.0,Tarjeta Débito,Tienda Física,Temporada Regular,Xl
V003486,1,2025-08-30,C00106,P0005,T032,2,116000.0,0.0,Tarjeta Débito,Tienda Física,Temporada Regular,M
V001212,1,2023-01-31,C02360,P0022,T038,1,193000.0,0.15,Efectivo,Tienda Física,Temporada Regular,Xs
V001344,1,2025-01-11,C02707,P0022,T004,1,199000.0,0.0,Tarjeta Débito,Tienda Física,Temporada Regular,Xs
V000112,2,2024-07-30,C00739,P0012,T018,2,111000.0,0.0,Tarjeta Crédito,Tienda Física,Temporada Regular,S
V002262,3,2023-01-18,C02216,P0002,T004,2,158000.0,0.2,Efectivo,Tienda Física,Temporada Regular,Xs
V000480,2,2023-10-07,C00888,P0014,T031,1,144000.0,0.0,Transferencia,Tienda Física,Temporada Regular,38
V000699,1,2025-02-05,C01209,P0022,T014,1,193000.0,0.0,Efectivo,Tienda Física,Temporada Regular,Xl
V003364,1,2024-05-11,C01111,P0004,T018,1,170000.0,0.15,Tarjeta Débito,Tienda Física,Temporada Regular,40
V000434,2,2024-09-13,C00372,P0026,T017,2,133000.0,0.0,Tarjeta Débito,Tienda Física,Temporada Regular,Xs
V002503,1,2024-02-02,C02439,P0011,T017,2,130000.0,0.15,Tarjeta Débito,Tienda Física,Temporada Regular,L
V001163,1,2023-02-26,C00107,P0021,T022,3,118000.0,0.0,Tarjeta Débito,Tienda Física,Temporada Regular,Xs
V002483,2,2023-08-14,C02227,P0011,T041,1,129000.0,0.05,Tarjeta Débito,Tienda Física,Temporada De Diciembre,Xxl
V002809,1,2024-08-16,C01171,P0022,T001,1,195000.0,0.2,Tarjeta Crédito,Tienda Física,Temporada Regular,Xs
V002268,1,2023-05-18,C00421,P0014,T004,3,140000.0,0.3,Efectivo,Tienda Física,Temporada Regular,40
V002827,1,2024-06-15,C02731,P0019,T004,1,69000.0,0.0,Efectivo,Tienda Física,Temporada Regular,L
V002572,1,2025-05-23,C00524,P0005,T007,1,112000.0,0.1,Tarjeta Crédito,Tienda Física,Temporada Regular,Xs
V001303,2,2025-12-15,C02784,P0011,T027,4,138000.0,0.05,Tarjeta Débito,Online,Temporada Regular,M
V002342,1,2024-04-12,C02275,P0010,T018,3,93000.0,0.0,Efectivo,Online,Temporada Regular,32
V002468,2,2024-04-07,C02580,P0024,T040,1,225000.0,0.0,Tarjeta Débito,Tienda Física,Temporada De Diciembre,L
V000198,1,2023-09-16,C02451,P0017,T035,3,149000.0,0.1,Tarjeta Crédito,Online,Regreso A Clases,Xs
V002942,1,2023-12-16,C00232,P0016,T003,3,136000.0,0.0,Tarjeta Crédito,Tienda Física,Temporada Regular,34
V003047,1,2025-03-06,C01691,P0024,T031,2,224000.0,0.05,Tarjeta Crédito,Tienda Física,Temporada Regular,M
V001773,1,2025-05-04,C02588,P0013,T030,1,56000.0,0.0,Efectivo,Tienda Física,Temporada Regular,M
V002134,1,2023-12-17,C00756,P0010,T004,1,92000.0,0.0,Efectivo,Tienda Física,Día De La Madre,32
V001323,1,2023-03-12,C02598,P0021,T012,1,123000.0,0.1,Tarjeta Débito,Tienda Física,Temporada Regular,Xl
V002922,1,2025-10-11,C01835,P0002,T015,1,150000.0,0.1,Transferencia,Tienda Física,Temporada Regular,Xs
V001115,2,2024-07-23,C00077,P0013,T004,2,55000.0,0.0,Efectivo,Tienda Física,Regreso A Clases,Xs
V002032,1,2025-02-14,C02567,P0004,T004,4,168000.0,0.1,Tarjeta Crédito,Tienda Física,Temporada Regular,32
V000360,1,2023-01-25,C01179,P0014,T004,2,142000.0,0.0,Tarjeta Crédito,Tienda Física,Temporada Regular,30
V001041,2,2025-12-28,C02467,P0025,T010,1,135000.0,0.1,Tarjeta Débito,Tienda Física,Temporada Regular,Xl
V002573,1,2025-10-26,C00976,P0024,T013,4,219000.0,0.0,Efectivo,Tienda Física,Temporada Regular,M
V002696,2,2023-09-23,C02444,P0011,T019,1,131000.0,0.0,Tarjeta Débito,Online,Temporada Regular,M
V003195,1,2024-11-15,C01078,P0009,T034,3,129000.0,0.0,Tarjeta Débito,Tienda Física,Temporada De Diciembre,Xs
V001011,1,2025-01-17,C01281,P0018,T001,2,73000.0,0.0,Tarjeta Débito,Tienda Física,Temporada Regular,M
V002279,1,2024-08-07,C02361,P0016,T039,1,132000.0,0.0,Tarjeta Débito,Tienda Física,Vacaciones,32
V003545,1,2025-07-23,C02448,P0016,T008,2,139000.0,0.0,Tarjeta Débito,Tienda Física,Temporada Regular,32
V001944,1,2024-11-30,C00819,P0009,T022,1,122000.0,0.0,Tarjeta Crédito,Tienda Física,Temporada Regular,Xl
V001545,1,2024-06-24,C00165,P0001,T036,2,149000.0,0.0,Efectivo,Tienda Física,Regreso A Clases,36
V000920,2,2023-01-18,C00457,P0008,T022,1,215000.0,0.0,Tarjeta Débito,Online,Vacaciones,M
V000525,2,2023-04-13,C01348,P0015,T016,1,184000.0,0.0,Tarjeta Crédito,Tienda Física,Día De La Madre,36
V001164,1,2025-06-22,C00335,P0015,T009,2,174000.0,0.0,Tarjeta Crédito,Tienda Física,Temporada Regular,32
V003599,1,2024-09-30,C00569,P0006,T035,1,58000.0,0.0,Efectivo,Online,Temporada De Diciembre,S
V000836,1,2024-02-07,C01672,P0025,T043,4,135000.0,0.0,Tarjeta Crédito,Tienda Física,Vacaciones,Xxl
V000648,1,2024-08-16,C00884,P0009,T041,2,126000.0,0.0,Tarjeta Débito,Tienda Física,Regreso A Clases,L
V001667,1,2023-02-12,C02067,P0005,T004,2,112000.0,0.0,Tarjeta Crédito,Tienda Física,Temporada Regular,Xs
V000872,3,2024-11-06,C02723,P0012,T017,1,108000.0,0.4,Tarjeta Crédito,Tienda Física,Temporada Regular,L
V001749,1,2025-02-02,C00245,P0005,T032,1,110000.0,0.0,Tarjeta Débito,Tienda Física,Regreso A Clases,Xxl
V000274,2,2023-10-22,C00290,P0022,T016,1,198000.0,0.0,Tarjeta Crédito,Tienda Física,Temporada De Diciembre,M
V002088,1,2023-11-15,C01550,P0016,T014,1,138000.0,0.0,Transferencia,Online,Temporada Regular,36
V001855,1,2024-07-02,C00556,P0010,T041,1,93000.0,0.0,Tarjeta Crédito,Tienda Física,Temporada Regular,32
V000750,1,2025-06-27,C01271,P0015,T025,1,180000.0,0.0,Tarjeta Crédito,Tienda Física,Black Friday,36
V003546,1,2025-07-25,C02580,P0014,T009,1,136000.0,0.0,Tarjeta Débito,Tienda Física,Temporada Regular,34
V002063,1,2025-05-18,C02055,P0003,T037,2,174000.0,0.0,Efectivo,Tienda Física,Temporada Regular,28
V003073,2,2025-08-22,C00197,P0012,T024,1,114000.0,0.0,Tarjeta Débito,Tienda Física,Vacaciones,Xl
V002458,1,2023-02-15,C02581,P0010,T036,1,99000.0,0.0,Efectivo,Tienda Física,Black Friday,32
V001719,1,2024-01-16,C01669,P0026,T023,1,136000.0,0.1,Tarjeta Débito,Online,Día Del Padre,M
V000948,1,2023-04-24,C00420,P0010,T032,2,98000.0,0.15,Efectivo,Tienda Física,Temporada Regular,36
V002133,1,2024-04-27,C02231,P0015,T010,2,178000.0,0.4,Efectivo,Tienda Física,Temporada De Diciembre,40
V001676,1,2025-04-13,C01073,P0015,T015,3,168000.0,0.0,Transferencia,Tienda Física,Temporada De Diciembre,32
V000197,1,2024-10-19,C01539,P0004,T016,4,169000.0,0.0,Tarjeta Crédito,Tienda Física,Temporada Regular,38
V003186,2,2023-10-02,C00425,P0013,T010,1,59000.0,0.0,Tarjeta Crédito,Tienda Física,Temporada Regular,Xl
V002860,2,2024-01-23,C02598,P0018,T039,4,78000.0,0.0,Efectivo,Online,Vacaciones,Xs
V002390,2,2024-06-25,C00453,P0007,T019,1,59000.0,0.0,Tarjeta Crédito,Tienda Física,Día Del Padre,M
V003676,2,2023-05-14,C00551,P0022,T040,1,209000.0,0.2,Efectivo,Tienda Física,Temporada De Diciembre,Xs
V000774,1,2025-03-23,C00963,P0006,T034,3,54000.0,0.0,Tarjeta Débito,Tienda Física,Temporada Regular,Xxl
V002620,1,2025-06-16,C00199,P0020,T006,3,74000.0,0.0,Tarjeta Crédito,Tienda Física,Temporada Regular,S
V002854,1,2025-12-01,C01705,P0002,T034,4,162000.0,0.1,Efectivo,Tienda Física,Día De La Madre,M
V001213,1,2023-12-04,C01881,P0020,T010,1,74000.0,0.0,Tarjeta Débito,Tienda Física,Temporada Regular,M
V000439,1,2023-12-19,C01666,P0026,T006,4,139000.0,0.0,Tarjeta Crédito,Online,Temporada De Diciembre,L
V000241,1,2025-04-21,C01541,P0025,T032,4,138000.0,0.0,Tarjeta Crédito,Tienda Física,Temporada Regular,S
V000587,1,2025-06-28,C01840,P0020,T037,3,81000.0,0.15,Efectivo,Tienda Física,Temporada De Diciembre,M
V002915,3,2025-04-17,C00969,P0024,T001,2,212000.0,0.0,Efectivo,Tienda Física,Temporada Regular,Xl
V001847,2,2024-05-19,C01578,P0022,T009,4,210000.0,0.15,Efectivo,Tienda Física,Temporada Regular,L
V001911,1,2024-05-27,C00429,P0009,T003,1,124000.0,0.0,Efectivo,Tienda Física,Temporada Regular,L
V000800,2,2023-05-26,C01395,P0019,T002,1,73000.0,0.0,Tarjeta Crédito,Tienda Física,Temporada Regular,Xs
V000061,1,2024-04-13,C01727,P0005,T011,1,113000.0,0.0,Tarjeta Crédito,Tienda Física,Temporada Regular,M
V002496,1,2025-05-08,C01816,P0019,T028,3,71000.0,0.0,Tarjeta Débito,Tienda Física,Temporada Regular,Xxl
V000451,1,2025-05-04,C00354,P0023,T043,2,80000.0,0.4,Tarjeta Crédito,Online,Temporada Regular,M
V000704,1,2024-05-14,C01989,P0002,T010,1,156000.0,0.0,Efectivo,Tienda Física,Temporada Regular,Xl
V002302,1,2023-07-14,C01565,P0013,T029,1,54000.0,0.3,Efectivo,Tienda Física,Temporada De Diciembre,Xs
V000793,1,2024-01-27,C01673,P0007,T029,1,60000.0,0.0,Transferencia,Tienda Física,Regreso A Clases,S
V000543,1,2023-11-23,C00035,P0004,T013,2,168000.0,0.05,Efectivo,Tienda Física,Temporada Regular,28
V002514,2,2023-05-01,C00024,P0002,T030,1,153000.0,0.1,Tarjeta Débito,Tienda Física,Temporada Regular,L
V001125,1,2025-09-01,C02644,P0009,T004,3,131000.0,0.15,Tarjeta Crédito,Tienda Física,Día Del Padre,L
V001734,1,2024-12-14,C00415,P0016,T009,2,137000.0,0.0,Tarjeta Crédito,Tienda Física,Regreso A Clases,40
V002345,1,2024-04-05,C02377,P0023,T023,3,81000.0,0.0,Tarjeta Débito,Tienda Física,Temporada De Diciembre,Xs
V000997,2,2025-05-13,C00168,P0015,T020,1,168000.0,0.2,Tarjeta Débito,Tienda Física,Temporada Regular,36
V003337,2,2025-10-28,C01721,P0012,T008,1,114000.0,0.0,Tarjeta Crédito,Tienda Física,Black Friday,Xxl
V000380,1,2023-01-16,C02769,P0008,T009,1,216000.0,0.0,Efectivo,Tienda Física,Temporada Regular,Xs
V001680,1,2023-02-19,C02663,P0007,T036,4,59000.0,0.2,Tarjeta Débito,Tienda Física,Temporada Regular,Xxl
V003741,2,2025-09-20,C00678,P0002,T023,3,154000.0,0.05,Efectivo,Tienda Física,Temporada Regular,S
V000036,1,2024-06-01,C01914,P0003,T021,1,171000.0,0.15,Efectivo,Tienda Física,Vacaciones,28
V001284,1,2025-06-16,C02618,P0017,T032,1,149000.0,0.0,Tarjeta Débito,Tienda Física,Día De La Madre,S
V001165,2,2023-09-20,C01035,P0026,T032,4,135000.0,0.0,Efectivo,Tienda Física,Regreso A Clases,Xl
V001025,1,2023-07-03,C00561,P0006,T016,4,55000.0,0.0,Tarjeta Débito,Tienda Física,Día De La Madre,L
V001296,1,2024-07-11,C01055,P0015,T006,4,178000.0,0.0,Efectivo,Online,Temporada Regular,34
V001072,1,2025-05-11,C02307,P0006,T009,1,59000.0,0.0,Tarjeta Débito,Tienda Física,Temporada Regular,L
V002714,1,2023-04-30,C01645,P0006,T008,3,58000.0,0.15,Tarjeta Débito,Tienda Física,Vacaciones,L
V000839,1,2023-08-15,C02090,P0003,T004,1,174000.0,0.4,Tarjeta Débito,Tienda Física,Temporada Regular,30
V002000,3,2024-01-03,C00309,P0023,T004,4,77000.0,0.0,Tarjeta Crédito,Tienda Física,Temporada Regular,Xs
V002882,1,2023-03-21,C02086,P0006,T022,1,53000.0,0.0,Efectivo,Tienda Física,Temporada De Diciembre,Xs
V000965,2,2025-11-21,C00684,P0011,T004,1,130000.0,0.3,Tarjeta Crédito,Tienda Física,Temporada Regular,Xl
V002770,2,2024-11-16,C01188,P0026,T014,1,131000.0,0.0,Tarjeta Débito,Tienda Física,Temporada Regular,M
V000202,1,2025-12-02,C00844,P0019,T016,2,71000.0,0.3,Tarjeta Crédito,Tienda Física,Temporada Regular,Xl
V002299,2,2024-12-03,C01229,P0004,T015,1,172000.0,0.0,Efectivo,Tienda Física,Vacaciones,28
V002237,1,2025-03-21,C00248,P0024,T022,2,222000.0,0.0,Tarjeta Débito,Tienda Física,Temporada Regular,S
V003586,1,2025-12-07,C00960,P0017,T034,1,146000.0,0.0,Tarjeta Crédito,Tienda Física,Vacaciones,Xs
V003348,1,2025-07-29,C01870,P0014,T004,4,142000.0,0.0,Efectivo,Tienda Física,Día Del Padre,28
V003051,1,2024-08-20,C00063,P0001,T027,2,149000.0,0.0,Transferencia,Tienda Física,Temporada Regular,30
V001694,2,2023-12-02,C02566,P0002,T026,1,162000.0,0.0,Tarjeta Crédito,Tienda Física,Temporada Regular,M
V001191,1,2023-04-12,C00531,P0010,T004,1,97000.0,0.0,Tarjeta Crédito,Tienda Física,Temporada Regular,30
V000647,1,2023-12-30,C01398,P0011,T007,4,134000.0,0.4,Efectivo,Online,Vacaciones,Xs
V003062,2,2024-12-19,C02398,P0005,T005,1,114000.0,0.4,Efectivo,Online,Temporada Regular,Xl
V002992,1,2023-07-13,C02400,P0025,T019,1,134000.0,0.0,Tarjeta Crédito,Tienda Física,Regreso A Clases,M
V003636,2,2025-09-29,C02610,P0012,T002,1,110000.0,0.0,Efectivo,Tienda Física,Temporada Regular,Xl
V000200,1,2025-08-30,C01402,P0001,T024,3,142000.0,0.0,Tarjeta Débito,Tienda Física,Temporada De Diciembre,30
V000242,1,2024-09-28,C02633,P0001,T038,2,144000.0,0.15,Efectivo,Tienda Física,Black Friday,40
V003099,1,2023-02-05,C00178,P0004,T003,1,177000.0,0.0,Tarjeta Crédito,Tienda Física,Día De La Madre,38
V001447,2,2025-10-16,C01657,P0024,T020,1,214000.0,0.15,Tarjeta Débito,Tienda Física,Temporada Regular,Xs
V001541,1,2024-09-22,C02629,P0006,T004,2,56000.0,0.15,Efectivo,Online,Black Friday,S
V002014,1,2025-05-30,C01048,P0001,T009,1,147000.0,0.05,Tarjeta Crédito,Tienda Física,Día Del Padre,36
V003544,1,2025-08-02,C00836,P0019,T026,1,73000.0,0.0,Tarjeta Débito,Tienda Física,Black Friday,L
V000251,2,2025-02-19,C01074,P0002,T031,1,161000.0,0.0,Efectivo,Online,Temporada Regular,Xs
V002447,1,2024-08-22,C01949,P0010,T021,3,95000.0,0.0,Tarjeta Crédito,Tienda Física,Temporada Regular,32
V002532,1,2024-12-02,C01220,P0017,T011,1,143000.0,0.15,Tarjeta Crédito,Tienda Física,Temporada De Diciembre,L
V002617,1,2024-02-21,C01011,P0023,T037,3,77000.0,0.2,Efectivo,Tienda Física,Día De La Madre,L
V000022,2,2023-03-09,C01622,P0020,T039,3,74000.0,0.0,Tarjeta Crédito,Tienda Física,Día De La Madre,M
V002853,1,2024-05-01,C01133,P0007,T040,2,62000.0,0.2,Tarjeta Crédito,Tienda Física,Temporada Regular,S
V001758,1,2024-01-28,C01079,P0023,T029,2,81000.0,0.0,Tarjeta Crédito,Tienda Física,Temporada Regular,L
V001095,2,2024-02-13,C00566,P0021,T018,1,120000.0,0.15,Transferencia,Tienda Física,Temporada Regular,Xxl
V003183,1,2023-03-21,C00964,P0018,T033,1,79000.0,0.0,Efectivo,Tienda Física,Día Del Padre,Xs
V001684,1,2023-08-28,C01162,P0010,T015,1,100000.0,0.0,Tarjeta Crédito,Tienda Física,Temporada Regular,34
V002495,3,2025-02-26,C00759,P0022,T037,1,197000.0,0.05,Transferencia,Tienda Física,Temporada Regular,Xs
V003788,1,2024-11-02,C01994,P0008,T009,4,227000.0,0.4,Tarjeta Débito,Tienda Física,Temporada Regular,Xxl
V003055,3,2025-03-07,C02322,P0019,T041,1,70000.0,0.0,Efectivo,Tienda Física,Temporada Regular,M
V000358,1,2025-03-21,C02032,P0017,T004,1,146000.0,0.0,Efectivo,Tienda Física,Temporada Regular,Xxl
V002739,2,2024-03-03,C01623,P0001,T007,3,148000.0,0.0,Efectivo,Tienda Física,Temporada Regular,36
V003055,2,2025-03-07,C02322,P0001,T041,1,144000.0,0.0,Efectivo,Tienda Física,Temporada Regular,40
V000390,1,2024-10-06,C01476,P0017,T028,2,144000.0,0.0,Tarjeta Crédito,Tienda Física,Temporada Regular,M
V003355,2,2024-10-27,C01396,P0022,T012,4,203000.0,0.0,Tarjeta Crédito,Tienda Física,Temporada Regular,Xs
V003342,1,2025-04-16,C00789,P0012,T017,1,105000.0,0.2,Tarjeta Crédito,Online,Temporada De Diciembre,M
V002116,1,2025-08-26,C01112,P0006,T015,2,54000.0,0.0,Tarjeta Débito,Tienda Física,Vacaciones,Xs
V002635,2,2023-09-03,C02435,P0012,T029,4,114000.0,0.0,Tarjeta Débito,Tienda Física,Temporada Regular,Xl
V002056,1,2024-02-14,C01952,P0009,T039,2,132000.0,0.0,Tarjeta Crédito,Tienda Física,Black Friday,L
V002757,1,2024-03-04,C01194,P0001,T010,1,149000.0,0.0,Tarjeta Débito,Tienda Física,Temporada Regular,40
V001506,2,2025-04-30,C00304,P0012,T037,2,111000.0,0.0,Tarjeta Crédito,Tienda Física,Temporada Regular,Xs
V001110,1,2025-03-10,C00204,P0016,T004,1,139000.0,0.0,Transferencia,Tienda Física,Temporada Regular,30
V000693,1,2025-12-15,C01177,P0026,T014,1,132000.0,0.0,Tarjeta Débito,Tienda Física,Temporada Regular,M
V002954,1,2024-03-08,C00481,P0008,T037,2,213000.0,0.05,Tarjeta Crédito,Tienda Física,Temporada De Diciembre,Xxl
V001883,1,2024-10-12,C01290,P0014,T027,4,139000.0,0.05,Tarjeta Débito,Tienda Física,Temporada Regular,34
V000250,1,2023-11-13,C00970,P0009,T014,2,130000.0,0.0,Tarjeta Crédito,Tienda Física,Temporada De Diciembre,S
V000431,3,2023-05-29,C00107,P0021,T019,2,117000.0,0.0,Efectivo,Tienda Física,Día De La Madre,Xxl
V001595,1,2023-12-18,C01948,P0014,T018,4,144000.0,0.0,Tarjeta Débito,Tienda Física,Temporada De Diciembre,36
V002921,1,2025-03-28,C02085,P0004,T004,1,169000.0,0.0,Tarjeta Débito,Tienda Física,Temporada Regular,28
V002993,1,2023-11-08,C01492,P0021,T024,1,123000.0,0.0,Tarjeta Crédito,Tienda Física,Temporada Regular,S
V001872,2,2024-06-21,C00695,P0018,T004,2,79000.0,0.0,Tarjeta Débito,Tienda Física,Regreso A Clases,L
V001180,1,2024-05-27,C01868,P0023,T011,2,80000.0,0.1,Tarjeta Crédito,Tienda Física,Temporada Regular,Xs
V003245,1,2025-04-23,C02637,P0004,T017,1,167000.0,0.0,Efectivo,Tienda Física,Temporada Regular,30
V002001,1,2024-07-21,C00608,P0023,T005,4,78000.0,0.0,Tarjeta Crédito,Tienda Física,Temporada Regular,S
V003022,2,2024-05-07,C01151,P0025,T004,4,143000.0,0.0,Tarjeta Crédito,Tienda Física,Temporada Regular,S
V000767,2,2025-04-15,C01854,P0017,T009,2,153000.0,0.0,Tarjeta Crédito,Tienda Física,Temporada Regular,S
V001367,3,2024-11-14,C02306,P0006,T035,3,56000.0,0.0,Tarjeta Débito,Tienda Física,Regreso A Clases,S
V002376,3,2023-03-19,C01934,P0026,T027,2,130000.0,0.15,Tarjeta Crédito,Tienda Física,Temporada Regular,Xl
V001217,1,2024-06-21,C02125,P0013,T043,4,59000.0,0.1,Efectivo,Tienda Física,Black Friday,Xl
V001622,2,2025-08-27,C00451,P0002,T011,2,159000.0,0.0,Transferencia,Tienda Física,Temporada De Diciembre,M
V002370,2,2025-01-03,C02589,P0017,T009,2,143000.0,0.05,Efectivo,Tienda Física,Regreso A Clases,S
V003220,1,2023-12-12,C01243,P0021,T004,3,127000.0,0.0,Tarjeta Crédito,Tienda Física,Temporada Regular,M
V001182,3,2024-05-18,C01131,P0005,T004,2,110000.0,0.0,Transferencia,Tienda Física,Temporada Regular,Xl
V003004,1,2024-04-01,C00935,P0010,T005,3,92000.0,0.0,Tarjeta Crédito,Tienda Física,Temporada Regular,32
V000944,3,2024-09-16,C01200,P0010,T041,2,98000.0,0.0,Tarjeta Crédito,Tienda Física,Black Friday,38
V003255,1,2024-01-01,C02307,P0022,T004,1,209000.0,0.0,Tarjeta Débito,Online,Temporada De Diciembre,Xxl
V002869,2,2023-06-13,C02624,P0017,T018,1,145000.0,0.0,Efectivo,Tienda Física,Temporada Regular,M
V001813,1,2023-02-20,C00446,P0020,T027,1,80000.0,0.2,Transferencia,Tienda Física,Black Friday,Xxl
V003354,1,2023-04-23,C00900,P0024,T025,1,209000.0,0.1,Tarjeta Débito,Tienda Física,Temporada Regular,Xs
V001658,1,2024-09-09,C01749,P0009,T002,3,133000.0,0.0,Efectivo,Tienda Física,Temporada Regular,Xs
V001334,3,2024-05-26,C00717,P0024,T037,1,210000.0,0.15,Efectivo,Tienda Física,Temporada Regular,L
V000563,1,2024-01-01,C02123,P0005,T040,1,112000.0,0.2,Tarjeta Débito,Online,Temporada De Diciembre,Xxl
V000498,1,2023-09-30,C02734,P0025,T009,1,136000.0,0.0,Tarjeta Débito,Online,Temporada Regular,L
V000748,1,2024-07-12,C00322,P0020,T023,2,79000.0,0.0,Tarjeta Débito,Tienda Física,Black Friday,Xxl
V003294,1,2024-03-05,C02641,P0006,T018,1,57000.0,0.0,Tarjeta Débito,Tienda Física,Temporada De Diciembre,Xs
V001603,2,2025-01-29,C00924,P0022,T043,2,201000.0,0.2,Tarjeta Crédito,Tienda Física,Temporada Regular,Xl
V002606,2,2024-09-20,C01739,P0015,T039,1,168000.0,0.0,Efectivo,Tienda Física,Temporada Regular,28
V001801,3,2025-06-16,C02497,P0007,T042,4,62000.0,0.0,Tarjeta Débito,Tienda Física,Temporada Regular,Xl
V003331,3,2023-02-21,C00957,P0008,T004,1,211000.0,0.3,Tarjeta Débito,Tienda Física,Vacaciones,Xxl
V003438,1,2025-01-22,C00960,P0022,T018,1,194000.0,0.1,Tarjeta Crédito,Online,Regreso A Clases,Xxl
V002023,1,2025-01-20,C02537,P0017,T003,1,142000.0,0.0,Efectivo,Tienda Física,Black Friday,L
V000650,1,2023-12-07,C01393,P0022,T042,1,206000.0,0.0,Tarjeta Débito,Tienda Física,Temporada Regular,Xxl
V001166,1,2024-01-04,C02759,P0021,T001,1,122000.0,0.0,Efectivo,Tienda Física,Temporada Regular,Xs
V003077,1,2023-01-16,C02106,P0013,T040,2,57000.0,0.0,Tarjeta Crédito,Tienda Física,Temporada Regular,S
V000477,2,2024-09-29,C00867,P0016,T037,1,143000.0,0.1,Efectivo,Tienda Física,Temporada Regular,28
V001827,1,2023-12-19,C01103,P0026,T028,1,132000.0,0.0,Tarjeta Crédito,Tienda Física,Temporada De Diciembre,L
V001435,1,2025-12-21,C01705,P0022,T038,1,200000.0,0.05,Tarjeta Débito,Tienda Física,Temporada Regular,Xxl
V000085,2,2024-01-25,C00389,P0017,T004,1,144000.0,0.0,Tarjeta Débito,Tienda Física,Temporada Regular,Xl
V001321,1,2023-12-18,C01376,P0011,T004,4,127000.0,0.0,Tarjeta Débito,Tienda Física,Vacaciones,Xs
V001643,2,2024-11-13,C00891,P0009,T004,2,123000.0,0.0,Tarjeta Crédito,Tienda Física,Temporada Regular,S
V000957,2,2025-07-29,C00047,P0020,T036,2,74000.0,0.0,Tarjeta Débito,Tienda Física,Temporada De Diciembre,S
V002816,1,2023-06-23,C00506,P0021,T038,1,123000.0,0.05,Tarjeta Crédito,Tienda Física,Temporada De Diciembre,Xxl
V000810,2,2023-11-16,C02554,P0006,T004,1,57000.0,0.3,Tarjeta Débito,Tienda Física,Vacaciones,S
V001285,2,2025-08-25,C00716,P0004,T014,1,167000.0,0.0,Tarjeta Débito,Tienda Física,Temporada Regular,36
V002125,2,2025-01-22,C02475,P0021,T041,3,117000.0,0.1,Tarjeta Débito,Tienda Física,Día De La Madre,S
V002798,1,2024-07-09,C01852,P0017,T032,3,148000.0,0.1,Tarjeta Débito,Tienda Física,Temporada Regular,Xxl
V001900,1,2024-12-19,C01829,P0018,T016,1,77000.0,0.0,Transferencia,Tienda Física,Vacaciones,Xl
V000187,1,2024-04-04,C01877,P0011,T012,2,136000.0,0.1,Transferencia,Online,Temporada Regular,S
V002637,1,2025-08-25,C01100,P0016,T040,1,145000.0,0.0,Tarjeta Crédito,Tienda Física,Temporada Regular,30
V000430,1,2024-03-09,C00366,P0022,T021,2,196000.0,0.0,Tarjeta Débito,Tienda Física,Temporada Regular,Xl
V001148,1,2025-05-19,C00866,P0020,T009,1,78000.0,0.3,Tarjeta Crédito,Tienda Física,Temporada Regular,Xxl
V003029,1,2023-10-22,C02123,P0014,T004,3,136000.0,0.0,Tarjeta Débito,Tienda Física,Temporada Regular,30
V001491,1,2025-09-10,C02176,P0001,T013,1,150000.0,0.0,Tarjeta Crédito,Tienda Física,Temporada Regular,30
V000316,3,2023-09-26,C02243,P0025,T018,4,137000.0,0.0,Tarjeta Débito,Online,Temporada Regular,M
V000239,2,2023-10-18,C00184,P0004,T016,1,165000.0,0.05,Tarjeta Débito,Tienda Física,Temporada Regular,32
V003428,2,2023-04-22,C02361,P0015,T004,1,175000.0,0.0,Transferencia,Tienda Física,Temporada Regular,36
V003631,1,2023-03-08,C01626,P0011,T026,2,130000.0,0.0,Efectivo,Tienda Física,Regreso A Clases,Xxl
V003527,1,2025-12-01,C00867,P0001,T029,1,143000.0,0.2,Efectivo,Tienda Física,Temporada Regular,38
V001824,1,2023-10-07,C02232,P0005,T035,1,116000.0,0.0,Tarjeta Débito,Tienda Física,Vacaciones,Xxl
V000099,1,2023-06-19,C01378,P0003,T007,4,187000.0,0.1,Efectivo,Tienda Física,Temporada Regular,36
V003267,1,2023-02-03,C01392,P0003,T022,4,187000.0,0.1,Tarjeta Crédito,Tienda Física,Temporada Regular,36
V003273,1,2025-11-13,C01437,P0019,T034,1,73000.0,0.0,Tarjeta Crédito,Tienda Física,Vacaciones,M
V002442,1,2025-10-16,C02442,P0006,T030,1,58000.0,0.0,Tarjeta Débito,Tienda Física,Temporada Regular,Xxl
V002389,3,2024-07-26,C02386,P0010,T043,1,99000.0,0.3,Efectivo,Tienda Física,Vacaciones,38
V000822,1,2025-02-02,C01345,P0008,T004,3,223000.0,0.1,Tarjeta Débito,Tienda Física,Temporada Regular,Xl
V001081,1,2023-01-30,C00514,P0001,T008,1,136000.0,0.0,Efectivo,Tienda Física,Día Del Padre,36
V001706,1,2023-04-22,C00178,P0014,T009,1,142000.0,0.4,Tarjeta Crédito,Tienda Física,Temporada Regular,30
V003109,1,2025-12-31,C02548,P0009,T004,1,132000.0,0.0,Tarjeta Débito,Tienda Física,Temporada Regular,L
V000307,1,2024-01-30,C00825,P0007,T019,1,60000.0,0.0,Transferencia,Tienda Física,Temporada Regular,Xl
V002671,1,2025-01-16,C01225,P0026,T004,1,140000.0,0.0,Tarjeta Crédito,Tienda Física,Día Del Padre,M
V000970,1,2024-10-26,C00704,P0004,T004,1,175000.0,0.0,Tarjeta Crédito,Tienda Física,Temporada Regular,38
V002550,2,2023-01-12,C01507,P0013,T040,1,56000.0,0.0,Tarjeta Crédito,Tienda Física,Temporada Regular,S
V001361,1,2024-05-27,C01669,P0003,T036,1,172000.0,0.0,Tarjeta Crédito,Tienda Física,Black Friday,30
V003719,2,2023-09-25,C00315,P0018,T009,1,78000.0,0.05,Transferencia,Tienda Física,Día Del Padre,S
V000609,1,2023-08-06,C00289,P0026,T043,1,136000.0,0.3,Tarjeta Débito,Tienda Física,Temporada Regular,Xxl
V000419,3,2025-05-17,C00816,P0011,T034,2,135000.0,0.2,Tarjeta Débito,Tienda Física,Vacaciones,Xs
V003084,1,2023-04-27,C01029,P0001,T036,3,142000.0,0.0,Tarjeta Débito,Tienda Física,Temporada Regular,28
V002883,2,2025-11-23,C00213,P0010,T029,1,98000.0,0.2,Tarjeta Crédito,Online,Vacaciones,36
V002752,1,2025-12-05,C01860,P0012,T004,3,106000.0,0.4,Tarjeta Débito,Tienda Física,Día De La Madre,M
V001354,1,2023-11-04,C00165,P0017,T028,2,142000.0,0.0,Transferencia,Tienda Física,Regreso A Clases,Xl
V002977,1,2023-01-26,C00852,P0024,T009,1,206000.0,0.2,Tarjeta Crédito,Tienda Física,Temporada Regular,M
V001150,2,2025-03-21,C02658,P0024,T024,1,223000.0,0.1,Tarjeta Crédito,Tienda Física,Regreso A Clases,M
V000925,2,2023-07-04,C01326,P0023,T005,2,79000.0,0.15,Tarjeta Crédito,Online,Temporada Regular,L
V003739,3,2023-01-10,C01336,P0023,T024,2,75000.0,0.0,Tarjeta Débito,Tienda Física,Temporada Regular,M
V002030,2,2025-08-15,C00565,P0018,T038,2,76000.0,0.0,Efectivo,Tienda Física,Regreso A Clases,S
V003645,1,2023-06-30,C01710,P0009,T034,1,127000.0,0.0,Efectivo,Tienda Física,Temporada Regular,Xxl
V003684,1,2023-04-10,C02657,P0018,T037,3,73000.0,0.15,Tarjeta Débito,Tienda Física,Vacaciones,S
V000027,1,2025-07-28,C01043,P0005,T014,1,118000.0,0.0,Tarjeta Débito,Tienda Física,Temporada Regular,M
V000377,1,2025-04-17,C00212,P0011,T017,2,134000.0,0.2,Tarjeta Crédito,Tienda Física,Temporada Regular,Xxl
V001069,1,2023-12-12,C01864,P0014,T004,1,139000.0,0.3,Tarjeta Débito,Tienda Física,Temporada Regular,30
V002055,1,2024-01-28,C00501,P0026,T031,2,131000.0,0.0,Transferencia,Tienda Física,Temporada Regular,M
V003413,1,2023-03-06,C01841,P0016,T012,1,144000.0,0.15,Efectivo,Tienda Física,Temporada Regular,38
V003787,1,2024-05-29,C01606,P0007,T035,1,58000.0,0.05,Tarjeta Crédito,Tienda Física,Temporada Regular,S
V003639,1,2023-02-26,C00584,P0017,T009,2,141000.0,0.15,Transferencia,Tienda Física,Temporada Regular,L
V001554,1,2023-09-06,C02283,P0008,T004,1,218000.0,0.0,Tarjeta Crédito,Tienda Física,Temporada Regular,Xs
V001396,2,2023-08-15,C01756,P0020,T004,2,74000.0,0.05,Tarjeta Crédito,Tienda Física,Temporada Regular,M
V003769,1,2025-03-01,C01044,P0005,T024,4,111000.0,0.0,Tarjeta Débito,Tienda Física,Temporada Regular,Xs
V003050,2,2023-04-12,C00237,P0020,T014,4,75000.0,0.0,Tarjeta Débito,Tienda Física,Temporada Regular,L
V003191,2,2024-01-05,C01693,P0008,T023,1,212000.0,0.0,Tarjeta Crédito,Tienda Física,Temporada De Diciembre,Xxl
V000165,2,2025-04-29,C01202,P0006,T016,1,56000.0,0.0,Efectivo,Tienda Física,Temporada Regular,L
V002319,1,2023-04-03,C00987,P0003,T009,4,172000.0,0.0,Transferencia,Tienda Física,Día Del Padre,38
V000654,2,2024-01-03,C01191,P0021,T028,1,117000.0,0.0,Tarjeta Débito,Tienda Física,Temporada Regular,Xxl
V002992,2,2023-07-13,C02400,P0020,T019,1,75000.0,0.0,Tarjeta Crédito,Tienda Física,Regreso A Clases,S
V001924,1,2023-03-07,C01765,P0023,T004,2,75000.0,0.0,Tarjeta Débito,Tienda Física,Temporada Regular,Xl
V002206,1,2023-04-10,C01751,P0014,T014,3,134000.0,0.0,Tarjeta Débito,Tienda Física,Temporada Regular,28
V000247,1,2024-07-15,C00308,P0011,T038,1,138000.0,0.1,Tarjeta Débito,Tienda Física,Temporada Regular,S
V001968,1,2025-09-30,C00620,P0019,T001,2,74000.0,0.0,Transferencia,Online,Temporada Regular,L
V002958,1,2024-10-27,C01354,P0019,T004,1,74000.0,0.3,Transferencia,Tienda Física,Temporada Regular,Xl
V003154,1,2025-03-02,C02746,P0007,T005,1,62000.0,0.0,Efectivo,Tienda Física,Temporada Regular,M
V002118,2,2023-04-18,C00493,P0003,T012,2,174000.0,0.15,Tarjeta Crédito,Tienda Física,Temporada Regular,40
V001785,3,2023-06-03,C02178,P0023,T036,1,79000.0,0.0,Tarjeta Crédito,Tienda Física,Temporada Regular,Xxl
V003006,1,2023-05-31,C00089,P0002,T030,1,157000.0,0.05,Transferencia,Tienda Física,Temporada Regular,L
V000263,2,2024-01-19,C00637,P0025,T014,2,144000.0,0.05,Efectivo,Tienda Física,Temporada Regular,S
V000893,1,2024-04-24,C00823,P0026,T037,1,140000.0,0.0,Tarjeta Crédito,Tienda Física,Temporada De Diciembre,Xl
V001642,1,2023-01-02,C02513,P0019,T021,2,72000.0,0.0,Tarjeta Débito,Tienda Física,Black Friday,M
V001188,1,2023-11-27,C01605,P0002,T004,2,163000.0,0.15,Transferencia,Tienda Física,Temporada Regular,Xl
V002852,1,2024-12-12,C00855,P0017,T009,3,140000.0,0.0,Efectivo,Tienda Física,Temporada Regular,Xs
V001591,1,2025-04-12,C02617,P0018,T026,1,76000.0,0.0,Efectivo,Tienda Física,Regreso A Clases,M
V003557,1,2025-08-26,C01083,P0017,T004,2,151000.0,0.4,Tarjeta Crédito,Tienda Física,Temporada Regular,Xl
V000797,2,2023-12-29,C02686,P0004,T028,3,172000.0,0.0,Efectivo,Tienda Física,Temporada Regular,34
V000299,1,2024-07-09,C00873,P0013,T040,2,59000.0,0.1,Tarjeta Débito,Tienda Física,Día Del Padre,Xl
V001397,1,2023-04-09,C00162,P0010,T004,2,93000.0,0.0,Tarjeta Débito,Tienda Física,Black Friday,32
V001221,2,2024-12-14,C02446,P0020,T022,1,80000.0,0.0,Tarjeta Crédito,Tienda Física,Regreso A Clases,Xl
V002913,1,2025-04-19,C02673,P0016,T010,1,142000.0,0.0,Efectivo,Tienda Física,Día Del Padre,36
V001537,2,2024-06-19,C00883,P0019,T037,1,75000.0,0.0,Tarjeta Crédito,Tienda Física,Regreso A Clases,Xl
V003363,2,2025-05-13,C02756,P0012,T026,4,105000.0,0.0,Tarjeta Débito,Tienda Física,Temporada De Diciembre,S
V003478,1,2025-01-10,C01207,P0006,T036,1,56000.0,0.0,Tarjeta Crédito,Tienda Física,Temporada De Diciembre,L
V000001,1,2023-02-11,C00548,P0021,T021,1,124000.0,0.0,Tarjeta Crédito,Tienda Física,Temporada Regular,Xxl
V003043,2,2023-12-30,C02189,P0016,T001,1,143000.0,0.15,Tarjeta Débito,Tienda Física,Regreso A Clases,28
V001488,1,2025-10-01,C00130,P0007,T004,2,62000.0,0.05,Tarjeta Débito,Tienda Física,Temporada Regular,Xs
V003451,1,2024-04-12,C01997,P0002,T016,1,151000.0,0.0,Tarjeta Crédito,Tienda Física,Temporada Regular,Xs
V000695,2,2023-01-09,C02084,P0016,T035,1,143000.0,0.0,Tarjeta Crédito,Tienda Física,Temporada Regular,40
V001040,1,2024-11-11,C02366,P0013,T034,1,58000.0,0.0,Tarjeta Crédito,Tienda Física,Temporada Regular,M
V001425,1,2025-05-10,C00975,P0009,T005,1,124000.0,0.0,Tarjeta Crédito,Tienda Física,Black Friday,L
V000946,2,2023-05-22,C02696,P0007,T019,1,61000.0,0.0,Tarjeta Débito,Tienda Física,Temporada Regular,M
V000102,2,2023-03-08,C00197,P0022,T004,1,199000.0,0.15,Efectivo,Tienda Física,Temporada Regular,S
V003242,1,2024-10-26,C00036,P0016,T035,1,135000.0,0.0,Tarjeta Crédito,Online,Temporada Regular,34
V000642,1,2024-12-13,C02297,P0017,T004,1,151000.0,0.0,Efectivo,Tienda Física,Temporada De Diciembre,L
V000865,2,2025-05-03,C00496,P0012,T030,1,114000.0,0.0,Tarjeta Crédito,Tienda Física,Black Friday,Xs
V001877,3,2023-08-06,C01432,P0019,T002,2,75000.0,0.0,Tarjeta Crédito,Tienda Física,Temporada Regular,Xs
V001557,2,2025-10-19,C01498,P0022,T018,1,191000.0,0.0,Tarjeta Crédito,Tienda Física,Temporada Regular,Xxl
V003664,1,2024-12-13,C00169,P0005,T030,3,118000.0,0.0,Tarjeta Crédito,Online,Temporada Regular,S
V001087,1,2023-08-12,C01981,P0005,T025,1,110000.0,0.1,Tarjeta Crédito,Tienda Física,Temporada Regular,S
V000780,2,2025-09-27,C01146,P0008,T004,3,212000.0,0.05,Efectivo,Tienda Física,Temporada Regular,M
V002351,2,2025-09-09,C02572,P0015,T005,4,168000.0,0.0,Tarjeta Débito,Tienda Física,Regreso A Clases,32
V002126,1,2024-04-17,C01166,P0023,T008,1,79000.0,0.0,Tarjeta Crédito,Online,Temporada Regular,L
V001674,1,2024-12-21,C00173,P0002,T007,1,156000.0,0.0,Tarjeta Crédito,Tienda Física,Black Friday,S
V000557,1,2024-03-14,C01258,P0016,T011,2,138000.0,0.3,Transferencia,Tienda Física,Temporada Regular,28
V002578,3,2025-08-08,C00826,P0013,T019,4,57000.0,0.1,Tarjeta Débito,Tienda Física,Temporada Regular,Xxl
V000206,2,2023-02-26,C01815,P0010,T016,3,94000.0,0.0,Tarjeta Crédito,Tienda Física,Día De La Madre,34
V001415,1,2025-01-19,C00203,P0024,T004,1,225000.0,0.1,Transferencia,Tienda Física,Temporada Regular,S
V003082,1,2024-07-10,C00217,P0011,T003,4,134000.0,0.15,Tarjeta Débito,Tienda Física,Black Friday,Xl
V000850,1,2023-02-27,C01052,P0004,T018,1,175000.0,0.0,Efectivo,Tienda Física,Temporada Regular,32
V001937,1,2024-01-14,C01183,P0015,T004,3,170000.0,0.0,Efectivo,Tienda Física,Temporada Regular,38
V000023,1,2024-05-09,C00344,P0010,T042,2,99000.0,0.3,Tarjeta Crédito,Tienda Física,Temporada Regular,34
V003127,1,2023-07-14,C02466,P0004,T017,4,175000.0,0.2,Efectivo,Tienda Física,Temporada Regular,34
V003605,1,2024-06-19,C01128,P0013,T026,3,57000.0,0.0,Efectivo,Tienda Física,Temporada Regular,L
V003120,1,2024-06-28,C00975,P0026,T033,1,129000.0,0.0,Efectivo,Tienda Física,Temporada De Diciembre,S
V003499,1,2024-04-26,C02352,P0008,T038,2,218000.0,0.05,Efectivo,Tienda Física,Temporada De Diciembre,Xl
V000705,1,2025-03-24,C01650,P0012,T037,1,107000.0,0.0,Tarjeta Débito,Tienda Física,Black Friday,S
V000625,1,2023-12-18,C02429,P0021,T025,1,116000.0,0.1,Tarjeta Crédito,Online,Temporada Regular,Xxl
V003506,1,2025-02-16,C00081,P0001,T036,2,143000.0,0.0,Tarjeta Débito,Tienda Física,Temporada Regular,40
V002367,2,2024-09-24,C01703,P0009,T015,4,127000.0,0.2,Tarjeta Crédito,Tienda Física,Temporada Regular,Xxl
V001211,1,2023-07-05,C01044,P0016,T040,1,141000.0,0.05,Tarjeta Crédito,Tienda Física,Temporada Regular,34
V002979,1,2023-04-02,C02183,P0016,T008,2,139000.0,0.2,Tarjeta Débito,Tienda Física,Temporada De Diciembre,28
V003403,1,2024-11-24,C01834,P0025,T021,1,135000.0,0.05,Tarjeta Débito,Tienda Física,Temporada Regular,M
V000606,1,2023-12-07,C00453,P0025,T030,1,143000.0,0.0,Tarjeta Crédito,Tienda Física,Vacaciones,Xl
V001167,3,2024-03-06,C00729,P0021,T006,1,122000.0,0.3,Tarjeta Crédito,Tienda Física,Temporada Regular,Xxl
V003250,1,2023-11-28,C02458,P0025,T028,1,135000.0,0.0,Tarjeta Crédito,Tienda Física,Vacaciones,Xs
V003031,2,2024-03-17,C01271,P0004,T015,1,169000.0,0.0,Tarjeta Débito,Tienda Física,Día De La Madre,40
V000506,1,2025-06-19,C00391,P0011,T022,2,133000.0,0.0,Efectivo,Tienda Física,Temporada Regular,S
V002420,1,2023-01-31,C00669,P0023,T022,1,76000.0,0.1,Tarjeta Crédito,Tienda Física,Temporada De Diciembre,Xs
V003108,3,2024-03-20,C02052,P0025,T004,1,143000.0,0.2,Tarjeta Débito,Tienda Física,Vacaciones,M
V003016,1,2025-09-25,C02406,P0021,T016,4,124000.0,0.0,Tarjeta Crédito,Tienda Física,Temporada Regular,S
V000002,2,2023-01-30,C00037,P0025,T024,3,143000.0,0.0,Tarjeta Débito,Tienda Física,Temporada Regular,Xxl
V003432,1,2023-12-11,C01761,P0014,T043,3,140000.0,0.1,Tarjeta Crédito,Tienda Física,Temporada Regular,28
V000501,2,2025-07-18,C00565,P0005,T024,1,108000.0,0.1,Tarjeta Crédito,Tienda Física,Día De La Madre,Xs
V000644,1,2023-03-28,C01710,P0007,T004,4,58000.0,0.4,Tarjeta Crédito,Tienda Física,Temporada Regular,M
V000418,3,2025-02-26,C02456,P0010,T040,3,95000.0,0.0,Tarjeta Débito,Tienda Física,Temporada Regular,34
V000074,1,2025-05-16,C00696,P0007,T010,2,60000.0,0.1,Tarjeta Débito,Tienda Física,Día De La Madre,Xl
V000131,1,2023-02-03,C01000,P0009,T014,1,132000.0,0.1,Tarjeta Crédito,Tienda Física,Regreso A Clases,L
V002217,1,2024-01-22,C02474,P0002,T009,2,159000.0,0.0,Tarjeta Crédito,Tienda Física,Regreso A Clases,Xs
V003798,1,2025-10-21,C02306,P0020,T004,1,80000.0,0.0,Tarjeta Débito,Tienda Física,Temporada Regular,Xxl
V001084,2,2025-06-30,C00021,P0001,T004,1,147000.0,0.05,Transferencia,Tienda Física,Temporada Regular,28
V002017,2,2023-02-05,C01582,P0012,T026,3,114000.0,0.0,Tarjeta Débito,Tienda Física,Temporada Regular,Xs
V001764,3,2025-01-11,C02056,P0006,T004,3,55000.0,0.2,Tarjeta Débito,Tienda Física,Temporada Regular,S
V002881,1,2023-01-29,C02102,P0015,T020,1,173000.0,0.0,Tarjeta Crédito,Tienda Física,Temporada Regular,32
V002945,2,2023-02-03,C01419,P0009,T016,2,131000.0,0.3,Tarjeta Crédito,Tienda Física,Temporada Regular,S
V002978,1,2023-12-29,C00904,P0003,T043,2,184000.0,0.0,Tarjeta Crédito,Tienda Física,Día De La Madre,30
V000249,1,2023-05-27,C00374,P0008,T026,1,207000.0,0.1,Efectivo,Tienda Física,Temporada De Diciembre,M
V000903,3,2024-03-05,C00731,P0007,T023,2,61000.0,0.3,Transferencia,Tienda Física,Día Del Padre,Xxl
V002250,1,2024-12-08,C00327,P0016,T016,2,133000.0,0.0,Tarjeta Débito,Tienda Física,Regreso A Clases,28
V002270,1,2023-04-04,C00744,P0018,T036,2,76000.0,0.0,Transferencia,Tienda Física,Temporada Regular,Xs
V003647,1,2024-03-15,C00338,P0022,T027,4,210000.0,0.0,Tarjeta Débito,Tienda Física,Vacaciones,Xs
V000635,1,2023-05-22,C02602,P0023,T007,1,81000.0,0.0,Tarjeta Débito,Tienda Física,Temporada De Diciembre,Xxl
V003517,2,2025-05-31,C00146,P0019,T008,1,75000.0,0.2,Tarjeta Débito,Tienda Física,Temporada Regular,M
V001695,1,2023-12-16,C02320,P0009,T037,2,125000.0,0.0,Tarjeta Débito,Tienda Física,Vacaciones,M
V002719,1,2023-04-12,C01631,P0012,T004,1,114000.0,0.0,Tarjeta Débito,Tienda Física,Día De La Madre,S
V002733,1,2025-08-25,C02666,P0022,T003,1,197000.0,0.0,Efectivo,Tienda Física,Temporada De Diciembre,L
V001429,2,2023-04-30,C01279,P0001,T023,1,144000.0,0.0,Tarjeta Crédito,Tienda Física,Temporada Regular,34
V000133,1,2024-09-01,C01169,P0023,T004,1,78000.0,0.0,Tarjeta Débito,Tienda Física,Black Friday,M
V001394,2,2023-12-16,C02782,P0015,T012,1,183000.0,0.0,Tarjeta Débito,Tienda Física,Temporada Regular,36
V003686,1,2023-10-23,C00622,P0022,T009,1,207000.0,0.0,Tarjeta Crédito,Online,Temporada Regular,M
V002841,3,2025-01-19,C00625,P0012,T005,2,106000.0,0.0,Tarjeta Crédito,Tienda Física,Temporada Regular,Xl
V000598,3,2023-10-30,C01818,P0020,T034,1,76000.0,0.0,Tarjeta Crédito,Tienda Física,Temporada Regular,M
V003244,1,2023-11-10,C02667,P0018,T004,1,73000.0,0.4,Tarjeta Débito,Tienda Física,Temporada Regular,Xl
V001978,2,2023-03-16,C01119,P0015,T038,4,184000.0,0.0,Efectivo,Tienda Física,Black Friday,30
V001539,1,2025-02-04,C00912,P0009,T020,1,125000.0,0.0,Efectivo,Tienda Física,Temporada Regular,Xs
V001473,1,2025-11-08,C02558,P0006,T032,2,57000.0,0.15,Tarjeta Crédito,Tienda Física,Black Friday,M
V002326,2,2024-09-16,C01601,P0013,T033,1,55000.0,0.3,Efectivo,Tienda Física,Temporada Regular,L
V002260,2,2023-12-27,C02547,P0021,T022,1,127000.0,0.0,Tarjeta Crédito,Tienda Física,Temporada Regular,S
V003222,1,2024-04-11,C00032,P0015,T016,4,178000.0,0.2,Tarjeta Débito,Tienda Física,Temporada Regular,32
V003194,2,2024-11-30,C00777,P0013,T022,2,56000.0,0.0,Tarjeta Débito,Online,Temporada Regular,L
V003036,1,2024-09-22,C01929,P0008,T025,4,220000.0,0.0,Tarjeta Crédito,Tienda Física,Temporada Regular,M
V001989,1,2023-09-24,C01713,P0003,T026,2,182000.0,0.0,Tarjeta Crédito,Tienda Física,Temporada Regular,40
V003002,1,2023-01-31,C02543,P0008,T018,4,222000.0,0.0,Tarjeta Débito,Tienda Física,Temporada Regular,Xl
V002638,2,2024-02-18,C02260,P0010,T005,2,98000.0,0.0,Efectivo,Tienda Física,Temporada Regular,40
V001276,2,2024-11-08,C01172,P0017,T006,1,144000.0,0.0,Transferencia,Tienda Física,Temporada Regular,M
V003555,1,2024-04-15,C00753,P0015,T022,2,173000.0,0.0,Tarjeta Débito,Online,Día De La Madre,28
V001020,2,2024-02-01,C02567,P0005,T004,2,108000.0,0.05,Transferencia,Tienda Física,Temporada Regular,Xl
V001584,1,2025-11-05,C01170,P0001,T030,2,141000.0,0.3,Tarjeta Crédito,Tienda Física,Temporada Regular,28
V002655,2,2024-01-09,C02549,P0015,T012,1,167000.0,0.0,Tarjeta Crédito,Tienda Física,Vacaciones,32
V003296,2,2024-12-02,C01935,P0006,T001,1,55000.0,0.0,Tarjeta Débito,Tienda Física,Vacaciones,S
V001986,1,2023-11-02,C02041,P0022,T005,1,192000.0,0.1,Tarjeta Crédito,Tienda Física,Temporada Regular,Xl
V000730,1,2024-12-04,C01877,P0004,T001,3,176000.0,0.3,Transferencia,Tienda Física,Temporada Regular,36
V002548,2,2025-12-21,C00996,P0003,T004,3,175000.0,0.0,Tarjeta Crédito,Online,Temporada Regular,28
V001070,1,2025-09-13,C00473,P0006,T022,1,56000.0,0.0,Tarjeta Crédito,Tienda Física,Temporada Regular,Xxl
V002162,1,2023-06-22,C01824,P0002,T018,1,161000.0,0.15,Efectivo,Tienda Física,Temporada Regular,Xs
V000436,1,2024-04-10,C02634,P0020,T037,3,79000.0,0.0,Tarjeta Crédito,Tienda Física,Regreso A Clases,S
V001208,1,2025-06-21,C00425,P0019,T017,3,72000.0,0.0,Efectivo,Tienda Física,Temporada Regular,Xs
V001241,1,2023-11-27,C01346,P0019,T039,1,74000.0,0.0,Tarjeta Débito,Tienda Física,Temporada De Diciembre,M
V002044,2,2025-10-18,C00154,P0011,T041,2,137000.0,0.3,Tarjeta Crédito,Tienda Física,Vacaciones,L
V002122,2,2023-01-22,C02313,P0026,T015,2,137000.0,0.15,Tarjeta Débito,Tienda Física,Temporada De Diciembre,S
V002385,1,2023-10-09,C00668,P0025,T010,2,142000.0,0.0,Tarjeta Débito,Tienda Física,Temporada Regular,Xs
V002402,2,2025-03-11,C00141,P0007,T027,1,61000.0,0.0,Tarjeta Crédito,Tienda Física,Día Del Padre,Xl
V003542,2,2025-03-23,C00427,P0022,T014,2,206000.0,0.0,Tarjeta Crédito,Tienda Física,Temporada Regular,S
V001852,1,2024-04-17,C01022,P0022,T022,3,199000.0,0.0,Tarjeta Crédito,Tienda Física,Vacaciones,S
V001542,2,2023-11-20,C00360,P0026,T038,3,141000.0,0.15,Tarjeta Crédito,Tienda Física,Temporada Regular,Xxl
V000486,2,2023-07-18,C00364,P0024,T038,2,219000.0,0.05,Tarjeta Débito,Tienda Física,Temporada Regular,Xs
V000589,1,2023-10-12,C01925,P0008,T041,1,209000.0,0.2,Tarjeta Débito,Tienda Física,Temporada Regular,M
V003633,2,2023-04-08,C02127,P0003,T040,2,171000.0,0.1,Efectivo,Online,Temporada Regular,32
V002610,2,2024-07-25,C01481,P0018,T008,1,74000.0,0.0,Tarjeta Débito,Tienda Física,Temporada Regular,Xl
V002706,1,2023-02-22,C00253,P0017,T024,3,145000.0,0.0,Tarjeta Crédito,Online,Temporada Regular,L
V003124,1,2023-12-15,C01664,P0012,T040,3,109000.0,0.0,Efectivo,Online,Temporada Regular,Xl
V000583,2,2024-01-09,C02063,P0019,T036,1,73000.0,0.2,Tarjeta Crédito,Tienda Física,Temporada Regular,L
V000973,1,2024-10-06,C00879,P0020,T004,2,78000.0,0.0,Tarjeta Crédito,Tienda Física,Temporada Regular,Xl
V000575,1,2024-01-21,C00243,P0024,T018,1,223000.0,0.4,Efectivo,Tienda Física,Temporada Regular,Xl
V003396,2,2024-11-06,C02219,P0012,T036,3,115000.0,0.05,Tarjeta Débito,Tienda Física,Temporada Regular,Xs
V001319,1,2024-08-21,C01192,P0009,T007,3,122000.0,0.0,Tarjeta Débito,Tienda Física,Día De La Madre,L
V001183,2,2024-12-23,C01956,P0018,T035,1,80000.0,0.05,Tarjeta Débito,Online,Temporada Regular,Xl
V003014,1,2023-12-10,C01228,P0025,T029,1,142000.0,0.15,Tarjeta Débito,Tienda Física,Temporada Regular,Xs
V002690,2,2025-01-26,C01895,P0013,T004,1,56000.0,0.15,Efectivo,Tienda Física,Temporada De Diciembre,Xl
V002110,2,2024-07-21,C00067,P0022,T005,4,205000.0,0.3,Tarjeta Crédito,Tienda Física,Vacaciones,L
V000915,1,2024-04-04,C00602,P0012,T036,4,106000.0,0.0,Tarjeta Crédito,Tienda Física,Temporada Regular,L
V001291,2,2023-08-03,C02787,P0010,T026,1,91000.0,0.05,Tarjeta Crédito,Tienda Física,Temporada Regular,28
V002341,1,2025-12-30,C00516,P0025,T035,1,142000.0,0.0,Efectivo,Tienda Física,Temporada Regular,Xs
V003471,1,2023-09-26,C01546,P0024,T032,1,217000.0,0.2,Tarjeta Débito,Tienda Física,Día De La Madre,S
V003234,1,2023-03-07,C02340,P0005,T015,3,114000.0,0.2,Tarjeta Crédito,Online,Temporada Regular,Xl
V003087,3,2025-02-23,C00864,P0003,T032,4,185000.0,0.05,Efectivo,Tienda Física,Temporada Regular,36
V003361,2,2024-12-21,C02317,P0007,T033,1,57000.0,0.0,Transferencia,Tienda Física,Temporada Regular,Xs
V000218,2,2024-12-10,C01143,P0007,T026,2,61000.0,0.0,Tarjeta Crédito,Tienda Física,Día Del Padre,Xs
V003635,1,2024-02-28,C02592,P0026,T004,3,139000.0,0.0,Efectivo,Tienda Física,Vacaciones,Xxl
V003270,1,2024-07-29,C01840,P0016,T011,1,141000.0,0.0,Efectivo,Tienda Física,Temporada De Diciembre,32
V000318,1,2024-07-03,C01372,P0002,T042,1,154000.0,0.05,Tarjeta Débito,Tienda Física,Temporada Regular,Xs
V001396,1,2023-08-15,C01756,P0005,T004,3,108000.0,0.0,Tarjeta Crédito,Tienda Física,Temporada Regular,Xxl
V001429,1,2023-04-30,C01279,P0007,T023,3,57000.0,0.0,Tarjeta Crédito,Tienda Física,Temporada Regular,M
V000474,1,2025-02-26,C02531,P0001,T035,1,146000.0,0.1,Tarjeta Crédito,Online,Temporada Regular,30
V001476,1,2023-05-13,C00040,P0026,T037,3,141000.0,0.1,Tarjeta Crédito,Tienda Física,Temporada Regular,L
V002758,1,2023-09-05,C00259,P0009,T008,1,123000.0,0.0,Tarjeta Débito,Tienda Física,Vacaciones,M
V002002,1,2023-03-19,C01657,P0023,T018,4,81000.0,0.4,Tarjeta Crédito,Tienda Física,Temporada Regular,M
V003272,2,2023-09-30,C01542,P0023,T034,1,75000.0,0.0,Tarjeta Débito,Online,Temporada De Diciembre,Xxl
V003291,3,2024-09-28,C02052,P0018,T022,2,79000.0,0.0,Efectivo,Tienda Física,Vacaciones,S
V002510,1,2025-10-26,C02712,P0007,T038,1,60000.0,0.0,Tarjeta Débito,Tienda Física,Regreso A Clases,S
V001602,1,2024-06-30,C00049,P0011,T041,4,127000.0,0.0,Tarjeta Crédito,Tienda Física,Black Friday,Xl
V000204,1,2025-10-02,C00385,P0012,T029,2,109000.0,0.0,Tarjeta Débito,Tienda Física,Temporada Regular,Xxl
V002181,1,2023-03-12,C02415,P0024,T004,2,219000.0,0.2,Tarjeta Crédito,Tienda Física,Temporada Regular,Xxl
V002417,1,2024-06-11,C00840,P0001,T034,1,137000.0,0.0,Transferencia,Tienda Física,Temporada Regular,38
V001702,1,2023-09-09,C01919,P0004,T028,1,166000.0,0.0,Tarjeta Crédito,Tienda Física,Temporada Regular,36
V001638,1,2024-01-19,C00349,P0023,T038,1,75000.0,0.15,Tarjeta Crédito,Tienda Física,Temporada Regular,M
V003226,1,2025-05-20,C00215,P0010,T026,2,94000.0,0.0,Tarjeta Débito,Tienda Física,Black Friday,38
V002136,1,2023-06-11,C00746,P0023,T029,3,75000.0,0.0,Tarjeta Crédito,Tienda Física,Vacaciones,S
V002231,1,2024-09-09,C00075,P0011,T028,3,133000.0,0.05,Tarjeta Débito,Tienda Física,Temporada Regular,L
V003644,1,2025-08-16,C00320,P0026,T020,1,143000.0,0.0,Tarjeta Crédito,Tienda Física,Temporada Regular,M
V000192,1,2024-05-29,C01383,P0025,T010,2,136000.0,0.0,Tarjeta Débito,Tienda Física,Regreso A Clases,S
V002835,2,2025-09-13,C00824,P0011,T030,1,132000.0,0.05,Tarjeta Débito,Online,Black Friday,Xl
V002521,1,2024-08-16,C01036,P0017,T002,3,145000.0,0.3,Tarjeta Débito,Online,Temporada Regular,Xs
V001885,2,2025-11-03,C00608,P0023,T018,2,79000.0,0.0,Tarjeta Crédito,Online,Temporada Regular,L
V001126,1,2023-06-15,C02388,P0009,T004,2,122000.0,0.05,Tarjeta Crédito,Tienda Física,Temporada Regular,Xl
V001257,2,2024-02-19,C00457,P0015,T039,1,178000.0,0.0,Sin dato,Tienda Física,Regreso A Clases,36
V000778,1,2025-06-02,C01987,P0013,T029,1,56000.0,0.05,Tarjeta Débito,Online,Temporada Regular,Xs
V001612,1,2024-03-01,C00462,P0023,T041,4,82000.0,0.0,Tarjeta Crédito,Tienda Física,Temporada Regular,M
V000394,2,2023-07-29,C00565,P0011,T004,1,128000.0,0.0,Tarjeta Crédito,Tienda Física,Temporada Regular,S
V002256,1,2023-07-10,C01028,P0007,T041,2,60000.0,0.0,Transferencia,Tienda Física,Vacaciones,Xl
V002446,2,2023-08-21,C00335,P0022,T026,4,202000.0,0.0,Tarjeta Débito,Tienda Física,Temporada De Diciembre,Xl
V002986,2,2023-08-04,C01240,P0006,T022,4,54000.0,0.0,Tarjeta Débito,Tienda Física,Temporada De Diciembre,Xl
V001270,1,2025-09-30,C00187,P0023,T009,2,81000.0,0.0,Tarjeta Crédito,Online,Temporada De Diciembre,Xs
V001508,1,2023-12-26,C00552,P0015,T015,3,180000.0,0.0,Tarjeta Débito,Tienda Física,Temporada Regular,34
V002650,1,2023-01-21,C00415,P0008,T007,3,209000.0,0.0,Efectivo,Tienda Física,Temporada Regular,S
V001766,1,2024-07-22,C01879,P0019,T020,1,70000.0,0.4,Tarjeta Crédito,Tienda Física,Temporada Regular,L
V000879,1,2023-05-25,C02109,P0012,T011,2,115000.0,0.3,Tarjeta Crédito,Online,Temporada Regular,Xxl
V002864,2,2025-06-08,C00501,P0004,T004,1,178000.0,0.05,Tarjeta Débito,Tienda Física,Temporada Regular,28
V000796,2,2025-08-27,C02682,P0011,T020,1,133000.0,0.0,Tarjeta Crédito,Tienda Física,Temporada Regular,Xs
V002037,1,2024-07-22,C00545,P0001,T042,4,145000.0,0.0,Tarjeta Débito,Online,Temporada Regular,32
V000613,1,2023-01-01,C02389,P0020,T019,1,77000.0,0.0,Tarjeta Crédito,Tienda Física,Temporada Regular,S
V002893,2,2023-06-28,C02185,P0021,T016,3,125000.0,0.2,Tarjeta Débito,Online,Temporada Regular,M
V002460,1,2025-02-07,C01827,P0018,T015,2,74000.0,0.0,Tarjeta Crédito,Tienda Física,Temporada Regular,L
V000823,2,2025-12-16,C02586,P0005,T016,1,118000.0,0.0,Tarjeta Crédito,Tienda Física,Temporada Regular,M
V002499,2,2024-01-14,C00669,P0013,T043,1,59000.0,0.0,Tarjeta Crédito,Tienda Física,Temporada De Diciembre,Xxl
V000080,1,2023-11-28,C00138,P0019,T006,2,74000.0,0.0,Tarjeta Crédito,Tienda Física,Temporada Regular,L
V002272,1,2025-04-01,C01097,P0014,T004,2,136000.0,0.05,Tarjeta Débito,Tienda Física,Temporada Regular,34
V000426,2,2025-09-21,C01864,P0014,T008,1,136000.0,0.0,Tarjeta Crédito,Tienda Física,Día De La Madre,30
V003187,1,2023-07-25,C00935,P0010,T004,2,99000.0,0.0,Tarjeta Débito,Tienda Física,Temporada Regular,30
V003136,1,2024-03-24,C00204,P0006,T016,3,59000.0,0.15,Tarjeta Débito,Tienda Física,Temporada Regular,L
V000457,2,2024-06-14,C01222,P0023,T015,1,80000.0,0.0,Tarjeta Crédito,Tienda Física,Temporada Regular,Xxl
V003473,2,2024-09-01,C00839,P0004,T013,1,166000.0,0.0,Tarjeta Crédito,Tienda Física,Temporada Regular,34
V002173,1,2024-03-29,C02596,P0013,T017,1,59000.0,0.0,Efectivo,Tienda Física,Temporada Regular,L
V002515,2,2024-01-18,C01746,P0023,T006,4,80000.0,0.0,Tarjeta Débito,Tienda Física,Día De La Madre,S
V000718,1,2023-02-18,C00124,P0001,T040,3,145000.0,0.0,Tarjeta Débito,Tienda Física,Black Friday,28
V000841,1,2023-01-10,C01630,P0015,T004,4,176000.0,0.0,Tarjeta Crédito,Tienda Física,Temporada Regular,38
V002969,2,2023-05-31,C02131,P0008,T004,2,221000.0,0.0,Tarjeta Crédito,Tienda Física,Día De La Madre,Xs
V000670,2,2023-12-19,C01636,P0018,T012,1,79000.0,0.0,Efectivo,Online,Vacaciones,Xs
V001385,2,2025-05-18,C02069,P0022,T040,4,196000.0,0.0,Efectivo,Tienda Física,Temporada Regular,Xxl
V002753,1,2024-10-20,C02289,P0009,T007,1,129000.0,0.0,Tarjeta Débito,Tienda Física,Día De La Madre,Xxl
V001869,1,2023-05-11,C01571,P0015,T001,1,171000.0,0.0,Efectivo,Tienda Física,Temporada Regular,30
V003462,2,2023-01-09,C02681,P0010,T002,1,98000.0,0.4,Efectivo,Tienda Física,Temporada Regular,40
V000805,1,2024-12-21,C00828,P0014,T004,2,134000.0,0.0,Tarjeta Crédito,Tienda Física,Temporada Regular,32
V000172,2,2023-02-23,C01321,P0011,T034,1,135000.0,0.0,Efectivo,Tienda Física,Temporada Regular,Xs
V001933,3,2023-01-21,C02627,P0020,T001,2,81000.0,0.0,Efectivo,Tienda Física,Temporada Regular,M
V002144,1,2023-08-11,C02673,P0023,T042,2,75000.0,0.0,Efectivo,Tienda Física,Temporada Regular,S
V002188,1,2025-09-30,C01802,P0003,T035,2,186000.0,0.0,Efectivo,Tienda Física,Regreso A Clases,34
V002166,1,2023-02-02,C00291,P0024,T036,2,220000.0,0.1,Tarjeta Crédito,Tienda Física,Temporada Regular,Xl
V002898,1,2023-08-27,C02072,P0025,T024,1,143000.0,0.3,Efectivo,Online,Vacaciones,Xl
V000255,3,2023-06-27,C01104,P0006,T011,4,57000.0,0.05,Transferencia,Tienda Física,Temporada Regular,M
V003280,2,2024-07-19,C01511,P0006,T007,1,54000.0,0.1,Tarjeta Crédito,Tienda Física,Temporada Regular,Xxl
V001835,2,2024-10-13,C01833,P0015,T010,1,182000.0,0.0,Transferencia,Tienda Física,Temporada Regular,32
V000366,2,2025-08-04,C02092,P0004,T011,2,168000.0,0.0,Tarjeta Crédito,Online,Temporada Regular,32
V002997,2,2023-02-10,C02493,P0023,T009,1,78000.0,0.1,Transferencia,Tienda Física,Temporada Regular,M
V001962,1,2023-06-15,C01896,P0004,T015,2,171000.0,0.2,Efectivo,Tienda Física,Black Friday,30
V000728,1,2024-10-16,C00609,P0015,T016,3,175000.0,0.0,Tarjeta Débito,Tienda Física,Temporada Regular,38
V003198,1,2023-09-28,C01181,P0009,T004,2,129000.0,0.2,Tarjeta Crédito,Online,Temporada De Diciembre,Xl
V002285,2,2024-10-24,C00929,P0024,T008,1,220000.0,0.3,Tarjeta Crédito,Tienda Física,Temporada Regular,Xs
V003090,1,2023-07-19,C02243,P0007,T039,2,61000.0,0.0,Tarjeta Crédito,Tienda Física,Día De La Madre,M
V002762,1,2025-12-23,C00286,P0005,T034,1,108000.0,0.05,Tarjeta Débito,Tienda Física,Temporada Regular,Xxl
V000789,1,2025-01-08,C00971,P0008,T004,2,209000.0,0.0,Tarjeta Crédito,Tienda Física,Temporada De Diciembre,M
V001065,2,2025-08-13,C00869,P0011,T034,1,137000.0,0.0,Tarjeta Crédito,Tienda Física,Temporada Regular,M
V002474,2,2024-10-10,C00953,P0014,T002,1,140000.0,0.15,Tarjeta Débito,Tienda Física,Temporada De Diciembre,38
V000684,1,2024-12-23,C00681,P0023,T034,1,77000.0,0.0,Tarjeta Débito,Online,Temporada Regular,S
V000845,1,2023-11-30,C01692,P0021,T003,4,126000.0,0.3,Tarjeta Crédito,Tienda Física,Temporada Regular,M
V003280,1,2024-07-19,C01511,P0007,T007,4,59000.0,0.0,Tarjeta Crédito,Tienda Física,Temporada Regular,L
V001167,1,2024-03-06,C00729,P0025,T006,1,139000.0,0.0,Tarjeta Crédito,Tienda Física,Temporada Regular,L
V000040,2,2025-02-04,C02540,P0005,T001,1,117000.0,0.0,Tarjeta Débito,Tienda Física,Día Del Padre,M
V002911,1,2023-10-07,C00412,P0023,T004,2,77000.0,0.0,Transferencia,Tienda Física,Temporada De Diciembre,Xxl
V002801,1,2025-07-16,C00045,P0024,T035,3,216000.0,0.0,Efectivo,Tienda Física,Temporada Regular,M
V000525,3,2023-04-13,C01348,P0021,T016,2,117000.0,0.0,Tarjeta Crédito,Tienda Física,Día De La Madre,S
V003596,1,2023-01-21,C00443,P0014,T009,1,134000.0,0.05,Tarjeta Débito,Online,Temporada Regular,36
V001382,3,2023-05-26,C00575,P0009,T004,1,127000.0,0.0,Tarjeta Débito,Tienda Física,Temporada Regular,Xs
V000284,1,2025-11-18,C01158,P0010,T004,4,95000.0,0.0,Tarjeta Crédito,Tienda Física,Temporada Regular,36
V003540,1,2023-01-20,C00465,P0018,T004,3,77000.0,0.0,Efectivo,Online,Regreso A Clases,Xs
V000081,1,2024-08-14,C02187,P0014,T033,1,139000.0,0.0,Efectivo,Tienda Física,Temporada De Diciembre,36
V000896,1,2023-02-05,C00219,P0013,T015,4,59000.0,0.0,Tarjeta Débito,Tienda Física,Temporada Regular,Xs
V000375,1,2024-02-28,C01716,P0012,T017,4,111000.0,0.0,Tarjeta Crédito,Tienda Física,Vacaciones,L
V000918,1,2024-05-31,C01799,P0015,T031,3,183000.0,0.0,Tarjeta Débito,Tienda Física,Temporada De Diciembre,30
V003753,2,2024-03-21,C00911,P0014,T020,1,138000.0,0.0,Efectivo,Tienda Física,Temporada Regular,30
V002275,1,2024-06-15,C02594,P0021,T006,2,122000.0,0.15,Efectivo,Tienda Física,Temporada Regular,Xs
V000082,2,2024-03-12,C01754,P0020,T002,3,80000.0,0.1,Tarjeta Crédito,Tienda Física,Temporada Regular,L
V003740,1,2023-09-11,C01468,P0001,T004,4,136000.0,0.0,Tarjeta Crédito,Tienda Física,Temporada De Diciembre,30
V000552,3,2023-10-04,C00988,P0002,T009,4,156000.0,0.2,Tarjeta Crédito,Tienda Física,Black Friday,Xxl
V002458,2,2023-02-15,C02581,P0026,T036,1,137000.0,0.0,Efectivo,Tienda Física,Black Friday,Xl
V002846,1,2023-09-16,C01987,P0025,T030,1,134000.0,0.0,Efectivo,Tienda Física,Temporada Regular,S
V002314,1,2024-12-31,C00313,P0007,T028,2,62000.0,0.0,Tarjeta Débito,Tienda Física,Temporada De Diciembre,Xxl
V001874,1,2023-04-21,C01252,P0019,T020,2,75000.0,0.4,Tarjeta Débito,Tienda Física,Temporada De Diciembre,Xxl
V001127,2,2025-08-03,C00759,P0011,T008,1,131000.0,0.4,Efectivo,Tienda Física,Temporada Regular,S
V001494,1,2024-09-30,C00804,P0011,T010,1,129000.0,0.0,Tarjeta Crédito,Online,Temporada Regular,Xs
V001923,1,2025-07-15,C02787,P0011,T009,2,137000.0,0.0,Tarjeta Crédito,Online,Temporada Regular,L
V000274,1,2023-10-22,C00290,P0024,T016,2,225000.0,0.0,Tarjeta Crédito,Tienda Física,Temporada De Diciembre,Xl
V002982,1,2024-09-07,C00161,P0022,T019,2,194000.0,0.15,Efectivo,Tienda Física,Temporada Regular,Xxl
V000786,2,2023-09-30,C01183,P0016,T007,1,143000.0,0.15,Tarjeta Débito,Tienda Física,Temporada Regular,32
V001862,1,2025-09-15,C01711,P0018,T017,4,79000.0,0.0,Tarjeta Crédito,Tienda Física,Temporada De Diciembre,Xxl
V002214,2,2025-11-03,C00310,P0002,T009,1,152000.0,0.0,Tarjeta Crédito,Tienda Física,Black Friday,Xs
V000989,1,2025-08-19,C00026,P0012,T011,1,113000.0,0.0,Tarjeta Crédito,Tienda Física,Temporada Regular,L
V002306,1,2023-10-27,C00089,P0018,T004,1,76000.0,0.0,Tarjeta Débito,Tienda Física,Temporada Regular,Xxl
V002261,1,2025-07-23,C02424,P0017,T035,1,147000.0,0.0,Tarjeta Débito,Tienda Física,Día De La Madre,L
V000125,1,2025-03-23,C00583,P0021,T036,4,125000.0,0.0,Tarjeta Débito,Tienda Física,Temporada Regular,S
V002825,2,2025-02-09,C00734,P0012,T020,3,106000.0,0.3,Tarjeta Crédito,Tienda Física,Temporada Regular,Xl
V001215,1,2023-04-29,C01442,P0022,T025,4,206000.0,0.0,Efectivo,Tienda Física,Temporada Regular,M
V003648,3,2023-12-20,C02444,P0026,T005,2,142000.0,0.05,Efectivo,Tienda Física,Temporada De Diciembre,L
V002137,2,2025-10-04,C00973,P0021,T035,1,119000.0,0.0,Efectivo,Tienda Física,Temporada Regular,Xs
V000565,2,2025-12-17,C00044,P0007,T018,4,58000.0,0.0,Tarjeta Débito,Tienda Física,Temporada Regular,S
V002768,1,2024-07-08,C00446,P0023,T004,1,82000.0,0.0,Tarjeta Débito,Tienda Física,Temporada Regular,M
V001313,1,2023-07-05,C01555,P0018,T036,1,77000.0,0.0,Efectivo,Online,Temporada Regular,Xl
V002516,1,2025-03-31,C00348,P0016,T017,2,135000.0,0.3,Tarjeta Crédito,Tienda Física,Temporada Regular,28
V003159,2,2025-04-29,C00039,P0005,T001,1,114000.0,0.0,Tarjeta Débito,Tienda Física,Regreso A Clases,Xxl
V001647,1,2025-07-08,C00452,P0001,T006,3,148000.0,0.0,Tarjeta Crédito,Online,Temporada Regular,32
V002141,2,2025-06-19,C01967,P0024,T015,1,215000.0,0.0,Tarjeta Crédito,Tienda Física,Temporada Regular,Xl
V000371,1,2024-09-26,C01339,P0021,T032,2,126000.0,0.0,Efectivo,Tienda Física,Temporada Regular,Xs
V001224,1,2023-12-08,C02395,P0016,T030,1,136000.0,0.2,Tarjeta Débito,Tienda Física,Temporada De Diciembre,38
V000817,1,2023-10-08,C01637,P0005,T023,1,113000.0,0.0,Tarjeta Débito,Tienda Física,Temporada Regular,Xs
V003074,1,2025-11-22,C01010,P0016,T004,4,137000.0,0.1,Transferencia,Tienda Física,Temporada Regular,36
V002485,2,2025-12-09,C01457,P0023,T001,1,80000.0,0.0,Tarjeta Débito,Tienda Física,Temporada Regular,Xs
V000123,1,2023-03-02,C00780,P0014,T019,1,133000.0,0.05,Transferencia,Tienda Física,Temporada Regular,28
V001019,2,2023-11-30,C00043,P0019,T040,1,73000.0,0.2,Tarjeta Crédito,Tienda Física,Black Friday,L
V002912,2,2024-06-08,C02355,P0021,T009,1,124000.0,0.15,Tarjeta Crédito,Tienda Física,Día De La Madre,L
V003622,2,2023-07-17,C02176,P0020,T037,1,73000.0,0.0,Tarjeta Débito,Tienda Física,Temporada Regular,S
V002071,3,2024-03-03,C01220,P0022,T043,3,210000.0,0.0,Tarjeta Débito,Tienda Física,Black Friday,L
V003681,2,2025-05-19,C00014,P0010,T031,4,100000.0,0.0,Tarjeta Crédito,Tienda Física,Temporada Regular,30
V003426,1,2025-05-28,C02055,P0026,T014,2,139000.0,0.0,Tarjeta Débito,Tienda Física,Temporada Regular,Xs
V002663,1,2023-11-30,C02634,P0010,T004,1,94000.0,0.0,Tarjeta Crédito,Tienda Física,Black Friday,32
V002823,1,2025-01-25,C00822,P0025,T004,1,140000.0,0.0,Tarjeta Débito,Tienda Física,Regreso A Clases,Xl
V001106,1,2024-09-29,C01033,P0003,T031,1,173000.0,0.0,Tarjeta Crédito,Tienda Física,Black Friday,38
V003160,1,2023-11-05,C01203,P0025,T040,4,140000.0,0.2,Tarjeta Débito,Tienda Física,Regreso A Clases,Xs
V003626,3,2023-10-04,C01456,P0019,T039,3,69000.0,0.0,Tarjeta Débito,Tienda Física,Temporada Regular,Xl
V002897,1,2024-06-29,C02232,P0001,T004,3,136000.0,0.0,Efectivo,Tienda Física,Temporada Regular,32
V000635,2,2023-05-22,C02602,P0012,T007,1,107000.0,0.0,Tarjeta Débito,Tienda Física,Temporada De Diciembre,M
V002307,1,2024-08-31,C01461,P0021,T009,2,119000.0,0.0,Transferencia,Tienda Física,Temporada Regular,S
V001791,1,2024-01-20,C00015,P0003,T004,1,176000.0,0.2,Transferencia,Tienda Física,Temporada Regular,40
V000515,1,2025-07-03,C00585,P0026,T002,2,130000.0,0.0,Tarjeta Débito,Tienda Física,Temporada Regular,Xl
V000853,2,2023-09-18,C01910,P0026,T035,1,136000.0,0.15,Efectivo,Tienda Física,Temporada Regular,M
V003211,2,2023-02-10,C00541,P0006,T018,2,57000.0,0.0,Tarjeta Débito,Tienda Física,Temporada Regular,S
V001135,1,2024-09-23,C00460,P0011,T002,1,128000.0,0.2,Tarjeta Débito,Tienda Física,Temporada De Diciembre,S
V003619,1,2024-06-18,C00252,P0025,T024,3,139000.0,0.0,Transferencia,Tienda Física,Black Friday,Xs
V003012,2,2023-06-09,C01494,P0005,T007,1,113000.0,0.0,Tarjeta Débito,Tienda Física,Temporada Regular,Xs
V001024,2,2024-05-31,C02344,P0012,T009,1,108000.0,0.05,Tarjeta Débito,Online,Temporada Regular,Xxl
V003371,1,2025-06-04,C00574,P0001,T025,1,136000.0,0.0,Tarjeta Crédito,Tienda Física,Temporada Regular,40
V003069,2,2024-01-27,C02495,P0009,T014,2,132000.0,0.05,Efectivo,Tienda Física,Día De La Madre,L
V000071,1,2024-06-13,C02524,P0019,T028,2,71000.0,0.2,Efectivo,Tienda Física,Regreso A Clases,Xs
V003055,1,2025-03-07,C02322,P0018,T041,2,73000.0,0.2,Efectivo,Tienda Física,Temporada Regular,Xs
V002294,2,2024-11-17,C00033,P0015,T036,1,170000.0,0.0,Efectivo,Tienda Física,Regreso A Clases,36
V000585,1,2025-10-08,C01387,P0013,T041,2,58000.0,0.0,Efectivo,Tienda Física,Temporada Regular,M
V001080,1,2025-06-17,C01551,P0004,T032,3,172000.0,0.2,Tarjeta Crédito,Tienda Física,Temporada Regular,38
V001253,2,2025-01-27,C01204,P0010,T030,1,92000.0,0.0,Tarjeta Débito,Online,Temporada De Diciembre,36
V002831,1,2025-04-10,C00519,P0025,T003,1,134000.0,0.0,Tarjeta Crédito,Online,Temporada Regular,Xs
V000825,1,2024-11-19,C01962,P0008,T040,1,219000.0,0.0,Tarjeta Crédito,Tienda Física,Temporada Regular,L
V001225,1,2023-03-19,C01493,P0020,T004,2,74000.0,0.0,Tarjeta Crédito,Tienda Física,Temporada Regular,S
V001246,1,2025-07-24,C00506,P0010,T017,1,96000.0,0.0,Tarjeta Débito,Tienda Física,Black Friday,38
V000014,1,2024-06-11,C00611,P0014,T029,1,142000.0,0.0,Tarjeta Crédito,Tienda Física,Regreso A Clases,40
V000529,1,2023-07-11,C02329,P0005,T009,1,111000.0,0.2,Tarjeta Débito,Online,Temporada Regular,M
V002233,1,2025-12-01,C02491,P0006,T006,4,54000.0,0.0,Transferencia,Online,Temporada Regular,Xl
V000654,1,2024-01-03,C01191,P0023,T028,1,79000.0,0.0,Tarjeta Débito,Tienda Física,Temporada Regular,M
V000196,1,2024-02-01,C00946,P0005,T004,1,112000.0,0.0,Tarjeta Crédito,Tienda Física,Temporada Regular,Xs
V002234,1,2025-03-13,C00733,P0021,T030,1,119000.0,0.0,Tarjeta Crédito,Tienda Física,Temporada Regular,S
V001199,1,2023-02-27,C00577,P0019,T004,2,74000.0,0.0,Efectivo,Tienda Física,Temporada Regular,Xs
V002861,1,2025-07-01,C00991,P0019,T024,3,73000.0,0.0,Tarjeta Débito,Tienda Física,Regreso A Clases,L
V000793,2,2024-01-27,C01673,P0022,T029,1,210000.0,0.0,Transferencia,Tienda Física,Regreso A Clases,Xl
V003572,1,2024-04-06,C01045,P0005,T010,1,117000.0,0.1,Transferencia,Tienda Física,Temporada Regular,L
V001451,1,2025-09-13,C01586,P0016,T004,2,133000.0,0.1,Tarjeta Crédito,Tienda Física,Temporada Regular,30
V002802,1,2024-12-19,C02550,P0004,T024,1,169000.0,0.0,Tarjeta Crédito,Tienda Física,Temporada De Diciembre,32
V000168,1,2025-10-21,C00340,P0002,T004,2,153000.0,0.1,Efectivo,Tienda Física,Día Del Padre,S
V000787,1,2025-07-21,C01391,P0005,T004,2,108000.0,0.0,Efectivo,Tienda Física,Día De La Madre,Xs
V002419,1,2023-10-12,C00689,P0019,T023,1,74000.0,0.2,Tarjeta Débito,Tienda Física,Temporada Regular,Xl
V002980,1,2025-05-26,C02210,P0015,T022,1,176000.0,0.1,Tarjeta Crédito,Tienda Física,Temporada Regular,30
V002054,2,2024-10-01,C02013,P0010,T023,1,99000.0,0.05,Tarjeta Débito,Tienda Física,Vacaciones,36
V003235,1,2023-11-15,C00574,P0022,T018,1,196000.0,0.15,Transferencia,Tienda Física,Temporada De Diciembre,Xxl
V001625,2,2023-08-30,C01662,P0009,T027,1,129000.0,0.1,Tarjeta Débito,Online,Temporada Regular,M
V003462,1,2023-01-09,C02681,P0018,T002,1,76000.0,0.0,Efectivo,Tienda Física,Temporada Regular,Xl
V002890,1,2024-01-31,C02387,P0009,T035,1,131000.0,0.0,Tarjeta Débito,Online,Temporada Regular,L
V001340,1,2023-12-25,C00773,P0010,T041,1,94000.0,0.2,Efectivo,Tienda Física,Black Friday,30
V000971,1,2024-04-07,C02498,P0016,T026,1,133000.0,0.15,Tarjeta Débito,Tienda Física,Vacaciones,40
V001590,2,2024-08-20,C01668,P0013,T004,3,55000.0,0.15,Tarjeta Crédito,Online,Temporada Regular,S
V002504,2,2025-05-05,C00227,P0014,T009,1,139000.0,0.2,Tarjeta Débito,Tienda Física,Temporada Regular,28
V003797,1,2023-07-31,C00402,P0017,T036,4,142000.0,0.0,Efectivo,Tienda Física,Temporada Regular,Xs
V003521,2,2024-12-07,C02353,P0004,T019,2,164000.0,0.0,Tarjeta Crédito,Tienda Física,Temporada Regular,28
V002062,2,2024-04-11,C00030,P0015,T035,3,172000.0,0.0,Efectivo,Online,Temporada Regular,28
V003411,2,2023-06-30,C01569,P0008,T004,1,226000.0,0.0,Efectivo,Tienda Física,Temporada De Diciembre,L
V000751,3,2023-05-07,C00285,P0021,T025,4,123000.0,0.15,Tarjeta Crédito,Tienda Física,Temporada De Diciembre,Xxl
V002199,1,2025-02-26,C02186,P0008,T027,1,215000.0,0.1,Efectivo,Tienda Física,Regreso A Clases,S
V003111,1,2024-04-16,C02612,P0011,T035,1,132000.0,0.0,Transferencia,Tienda Física,Black Friday,Xs
V000279,1,2023-08-17,C00470,P0012,T034,1,107000.0,0.0,Tarjeta Crédito,Tienda Física,Día De La Madre,Xl
V003585,1,2025-08-08,C02098,P0008,T013,2,217000.0,0.0,Efectivo,Tienda Física,Temporada Regular,Xs
V002549,2,2023-04-20,C01617,P0007,T012,2,58000.0,0.0,Tarjeta Débito,Tienda Física,Temporada Regular,Xxl
V003681,1,2025-05-19,C00014,P0018,T031,1,75000.0,0.0,Tarjeta Crédito,Tienda Física,Temporada Regular,L
V003731,1,2023-05-09,C00681,P0013,T015,1,54000.0,0.1,Tarjeta Crédito,Tienda Física,Vacaciones,M
V000902,1,2025-01-10,C01185,P0022,T018,1,193000.0,0.2,Transferencia,Tienda Física,Temporada Regular,L
V000880,1,2025-08-31,C00350,P0008,T017,1,212000.0,0.0,Transferencia,Tienda Física,Regreso A Clases,Xl
V003692,2,2024-01-05,C02406,P0021,T008,1,117000.0,0.15,Tarjeta Débito,Tienda Física,Temporada Regular,M
V003221,1,2024-10-28,C00174,P0021,T040,1,116000.0,0.0,Transferencia,Tienda Física,Regreso A Clases,Xs
V001799,1,2024-01-21,C00654,P0020,T037,4,78000.0,0.0,Tarjeta Crédito,Tienda Física,Día De La Madre,Xxl
V001646,2,2023-02-22,C00572,P0024,T004,1,218000.0,0.15,Tarjeta Débito,Tienda Física,Temporada Regular,M
V001283,2,2025-06-21,C00281,P0011,T010,1,140000.0,0.0,Tarjeta Crédito,Tienda Física,Día De La Madre,M
V000686,2,2025-01-20,C01834,P0020,T006,1,78000.0,0.0,Tarjeta Crédito,Tienda Física,Temporada Regular,M
V000964,1,2025-07-11,C01079,P0007,T006,1,58000.0,0.0,Tarjeta Débito,Tienda Física,Temporada Regular,S
V000555,1,2024-09-27,C01606,P0013,T036,1,55000.0,0.0,Efectivo,Tienda Física,Vacaciones,Xs
V001546,1,2023-09-08,C00301,P0008,T007,1,224000.0,0.2,Tarjeta Débito,Tienda Física,Temporada De Diciembre,M
V002109,1,2025-01-14,C02762,P0006,T018,2,57000.0,0.0,Efectivo,Tienda Física,Temporada Regular,L
V003243,1,2025-03-06,C02210,P0013,T037,2,60000.0,0.0,Tarjeta Débito,Tienda Física,Regreso A Clases,L
V002865,3,2025-10-30,C02060,P0024,T003,1,219000.0,0.0,Tarjeta Débito,Tienda Física,Temporada Regular,L
V002767,3,2024-02-03,C00873,P0015,T004,3,174000.0,0.05,Efectivo,Tienda Física,Temporada De Diciembre,30
V000282,1,2025-01-29,C01491,P0026,T004,1,131000.0,0.0,Transferencia,Online,Temporada Regular,M
V001657,1,2023-10-15,C00154,P0024,T038,1,217000.0,0.2,Tarjeta Crédito,Tienda Física,Temporada De Diciembre,M
V001663,1,2023-07-29,C02401,P0013,T015,3,56000.0,0.0,Tarjeta Crédito,Online,Temporada Regular,L
V003572,2,2024-04-06,C01045,P0011,T010,1,131000.0,0.0,Transferencia,Tienda Física,Temporada Regular,Xl
V002960,2,2023-06-29,C01968,P0006,T011,2,57000.0,0.3,Tarjeta Débito,Tienda Física,Black Friday,L
V000073,3,2025-04-19,C01572,P0002,T004,4,158000.0,0.0,Tarjeta Crédito,Tienda Física,Vacaciones,L
V002005,1,2023-12-03,C01503,P0017,T037,1,151000.0,0.0,Tarjeta Débito,Tienda Física,Temporada Regular,S
V000551,1,2024-10-28,C00258,P0008,T004,2,207000.0,0.0,Tarjeta Crédito,Tienda Física,Temporada Regular,S
V003518,1,2024-07-31,C01345,P0010,T018,2,94000.0,0.0,Efectivo,Tienda Física,Temporada Regular,28
V001238,1,2023-07-30,C00306,P0009,T010,3,131000.0,0.1,Tarjeta Débito,Online,Vacaciones,L
V002649,2,2025-07-12,C00113,P0014,T004,1,135000.0,0.0,Tarjeta Crédito,Tienda Física,Black Friday,28
V000047,1,2023-10-29,C01841,P0004,T035,1,179000.0,0.0,Efectivo,Tienda Física,Regreso A Clases,34
V001548,2,2023-09-10,C02459,P0025,T020,1,141000.0,0.0,Tarjeta Débito,Tienda Física,Black Friday,Xxl
V000450,1,2024-07-12,C01534,P0025,T013,1,143000.0,0.0,Tarjeta Crédito,Tienda Física,Día De La Madre,Xs
V002676,1,2024-08-22,C02336,P0014,T027,1,145000.0,0.05,Transferencia,Online,Temporada Regular,30
V000849,1,2024-01-23,C01699,P0001,T021,2,140000.0,0.2,Efectivo,Tienda Física,Temporada Regular,36
V001709,1,2024-01-01,C00440,P0019,T027,2,69000.0,0.0,Efectivo,Tienda Física,Temporada De Diciembre,Xs
V001276,1,2024-11-08,C01172,P0007,T006,1,58000.0,0.0,Transferencia,Tienda Física,Temporada Regular,Xs
V003712,3,2025-09-26,C02685,P0012,T029,1,109000.0,0.2,Tarjeta Crédito,Online,Temporada Regular,M
V000239,1,2023-10-18,C00184,P0025,T016,1,134000.0,0.15,Tarjeta Débito,Tienda Física,Temporada Regular,Xs
V000809,1,2025-07-26,C00338,P0016,T002,4,145000.0,0.0,Efectivo,Tienda Física,Black Friday,30
V002502,1,2025-02-26,C01086,P0022,T031,1,210000.0,0.05,Tarjeta Débito,Tienda Física,Vacaciones,M
V000903,1,2024-03-05,C00731,P0002,T023,4,154000.0,0.0,Transferencia,Tienda Física,Día Del Padre,S
V002035,1,2023-03-26,C00351,P0009,T007,1,126000.0,0.2,Transferencia,Tienda Física,Temporada Regular,M
V002741,1,2025-01-28,C01398,P0011,T001,1,130000.0,0.0,Transferencia,Online,Temporada Regular,L
V002251,1,2024-05-20,C00481,P0025,T002,1,139000.0,0.0,Tarjeta Crédito,Tienda Física,Vacaciones,Xxl
V000025,1,2025-11-13,C00638,P0026,T004,1,140000.0,0.15,Tarjeta Crédito,Tienda Física,Temporada De Diciembre,L
V003128,2,2023-05-17,C00312,P0024,T012,1,213000.0,0.1,Efectivo,Tienda Física,Día De La Madre,Xxl
V002425,1,2023-01-30,C00795,P0011,T033,2,139000.0,0.0,Tarjeta Crédito,Tienda Física,Temporada Regular,M
V003421,3,2024-07-17,C00101,P0026,T029,2,131000.0,0.0,Transferencia,Tienda Física,Temporada Regular,Xl
V002680,1,2023-07-14,C02288,P0006,T018,1,55000.0,0.0,Efectivo,Tienda Física,Temporada Regular,Xl
V003425,2,2025-03-29,C00311,P0004,T004,1,178000.0,0.0,Tarjeta Crédito,Tienda Física,Temporada Regular,36
V002429,1,2025-12-17,C00476,P0010,T004,2,92000.0,0.0,Tarjeta Crédito,Online,Temporada Regular,28
V000308,2,2024-02-24,C02634,P0009,T003,2,127000.0,0.3,Efectivo,Tienda Física,Temporada Regular,Xxl
V000818,3,2024-01-02,C00602,P0012,T004,3,114000.0,0.15,Transferencia,Tienda Física,Temporada Regular,S
V001059,1,2023-03-25,C00358,P0010,T002,4,91000.0,0.0,Tarjeta Débito,Tienda Física,Vacaciones,32
V000808,1,2025-01-01,C00245,P0015,T011,1,170000.0,0.4,Tarjeta Crédito,Tienda Física,Regreso A Clases,32
V002139,1,2023-03-20,C00745,P0007,T003,1,59000.0,0.3,Tarjeta Crédito,Tienda Física,Temporada Regular,Xxl
V003053,1,2025-05-01,C00740,P0021,T040,3,116000.0,0.15,Tarjeta Crédito,Tienda Física,Temporada Regular,Xs
V001882,2,2023-12-09,C01939,P0017,T018,1,142000.0,0.1,Tarjeta Débito,Tienda Física,Temporada De Diciembre,Xs
V002112,1,2024-05-29,C02536,P0016,T010,2,146000.0,0.2,Tarjeta Crédito,Tienda Física,Temporada Regular,28
V001567,3,2024-11-24,C00453,P0018,T028,1,76000.0,0.0,Tarjeta Débito,Tienda Física,Temporada Regular,M
V002149,2,2025-03-14,C00814,P0003,T009,2,169000.0,0.3,Tarjeta Débito,Tienda Física,Regreso A Clases,28
V001888,3,2025-08-25,C02526,P0023,T009,1,80000.0,0.1,Tarjeta Crédito,Tienda Física,Día De La Madre,Xs
V000999,1,2023-06-24,C01746,P0025,T032,2,137000.0,0.0,Tarjeta Débito,Tienda Física,Temporada Regular,M
V000471,1,2025-05-09,C02029,P0003,T026,1,176000.0,0.3,Tarjeta Crédito,Online,Día De La Madre,36
V002407,1,2023-03-02,C02409,P0026,T028,3,137000.0,0.0,Tarjeta Débito,Tienda Física,Día De La Madre,Xs
V000977,1,2023-05-12,C01442,P0020,T002,1,78000.0,0.0,Tarjeta Débito,Tienda Física,Black Friday,L
V002337,1,2024-06-04,C02554,P0010,T032,3,99000.0,0.0,Tarjeta Crédito,Tienda Física,Temporada Regular,28
V002294,1,2024-11-17,C00033,P0024,T036,2,211000.0,0.0,Efectivo,Tienda Física,Regreso A Clases,Xl
V001370,1,2023-03-12,C00518,P0019,T019,1,76000.0,0.0,Transferencia,Tienda Física,Temporada Regular,Xs
V002741,2,2025-01-28,C01398,P0010,T001,3,94000.0,0.0,Transferencia,Online,Temporada Regular,28
V002822,1,2024-04-16,C00870,P0023,T029,1,77000.0,0.2,Tarjeta Crédito,Online,Temporada De Diciembre,L
V001760,2,2023-05-06,C02232,P0009,T039,4,128000.0,0.0,Tarjeta Crédito,Tienda Física,Temporada Regular,M
V000431,2,2023-05-29,C00107,P0008,T019,1,213000.0,0.4,Efectivo,Tienda Física,Día De La Madre,Xxl
V002996,1,2025-07-14,C02711,P0006,T004,1,55000.0,0.0,Tarjeta Débito,Tienda Física,Temporada De Diciembre,Xl
V002885,1,2024-06-18,C00682,P0024,T004,1,223000.0,0.0,Efectivo,Tienda Física,Regreso A Clases,Xs
V001821,1,2024-06-18,C01076,P0018,T004,3,79000.0,0.0,Tarjeta Crédito,Tienda Física,Temporada Regular,S
V001460,2,2024-02-19,C02151,P0013,T010,1,58000.0,0.0,Transferencia,Online,Temporada Regular,Xl
V003453,1,2023-02-07,C00152,P0026,T007,1,139000.0,0.15,Tarjeta Crédito,Tienda Física,Temporada Regular,Xl
V002884,1,2024-09-09,C01397,P0019,T035,1,73000.0,0.0,Tarjeta Crédito,Tienda Física,Black Friday,L
V002786,3,2025-09-27,C01517,P0017,T038,2,152000.0,0.0,Efectivo,Tienda Física,Temporada Regular,Xxl
V000862,1,2023-10-09,C01087,P0014,T043,1,142000.0,0.0,Tarjeta Débito,Tienda Física,Temporada Regular,40
V003577,2,2024-07-11,C00454,P0003,T037,1,178000.0,0.0,Tarjeta Crédito,Tienda Física,Temporada Regular,30
V001440,2,2025-09-21,C01533,P0003,T009,2,185000.0,0.2,Tarjeta Crédito,Tienda Física,Regreso A Clases,30
V001936,2,2025-08-20,C00573,P0018,T043,1,78000.0,0.0,Efectivo,Tienda Física,Regreso A Clases,M
V003532,2,2025-03-10,C02008,P0010,T042,1,100000.0,0.1,Tarjeta Débito,Tienda Física,Temporada Regular,30
V003350,1,2025-06-07,C00918,P0007,T022,4,58000.0,0.2,Tarjeta Débito,Tienda Física,Temporada Regular,Xs
V000005,2,2024-02-03,C00968,P0012,T017,1,111000.0,0.1,Tarjeta Crédito,Tienda Física,Temporada Regular,Xl
V002586,2,2024-12-29,C02469,P0015,T028,2,172000.0,0.1,Transferencia,Tienda Física,Día Del Padre,40
V001331,1,2023-09-04,C00219,P0019,T012,4,74000.0,0.0,Tarjeta Débito,Tienda Física,Vacaciones,Xl
V002914,1,2024-09-14,C00346,P0017,T043,1,153000.0,0.0,Tarjeta Débito,Tienda Física,Temporada Regular,S
V000658,1,2023-12-12,C01947,P0016,T005,2,132000.0,0.4,Tarjeta Débito,Tienda Física,Temporada De Diciembre,34
V002044,1,2025-10-18,C00154,P0013,T041,3,58000.0,0.0,Tarjeta Crédito,Tienda Física,Vacaciones,S
V002665,1,2024-04-06,C02302,P0006,T029,1,54000.0,0.4,Transferencia,Tienda Física,Temporada Regular,Xxl
V002558,1,2023-02-04,C00664,P0003,T020,1,170000.0,0.0,Tarjeta Débito,Tienda Física,Regreso A Clases,38
V001500,2,2023-07-10,C02365,P0024,T041,2,224000.0,0.0,Tarjeta Crédito,Tienda Física,Temporada Regular,Xl
V003576,2,2024-10-11,C01264,P0011,T004,2,133000.0,0.0,Tarjeta Crédito,Tienda Física,Temporada Regular,L
V003157,2,2025-03-17,C01050,P0025,T040,2,139000.0,0.05,Efectivo,Online,Temporada Regular,Xxl
V000294,2,2025-01-16,C01464,P0004,T039,4,168000.0,0.15,Tarjeta Débito,Tienda Física,Vacaciones,28
V003087,2,2025-02-23,C00864,P0017,T032,4,153000.0,0.0,Efectivo,Tienda Física,Temporada Regular,L
V002528,1,2023-08-26,C02525,P0016,T035,3,141000.0,0.05,Efectivo,Tienda Física,Temporada Regular,36
V000573,2,2024-01-24,C02522,P0015,T009,2,168000.0,0.2,Tarjeta Débito,Tienda Física,Temporada Regular,38
V003288,1,2024-06-25,C02399,P0011,T007,1,129000.0,0.1,Tarjeta Débito,Tienda Física,Temporada De Diciembre,Xxl
V003788,2,2024-11-02,C01994,P0015,T009,4,180000.0,0.0,Tarjeta Débito,Tienda Física,Temporada Regular,34
V000646,2,2024-09-11,C00854,P0011,T034,3,136000.0,0.0,Tarjeta Débito,Tienda Física,Temporada Regular,Xxl
V001084,1,2025-06-30,C00021,P0004,T004,1,174000.0,0.0,Transferencia,Tienda Física,Temporada Regular,40
V001606,1,2024-08-02,C00855,P0001,T007,1,136000.0,0.4,Tarjeta Débito,Tienda Física,Día De La Madre,36
V001186,2,2024-05-12,C02143,P0007,T036,1,60000.0,0.0,Efectivo,Tienda Física,Regreso A Clases,Xs
V003760,1,2024-09-06,C00780,P0002,T004,2,153000.0,0.0,Efectivo,Tienda Física,Temporada Regular,M
V003370,1,2025-08-30,C02430,P0019,T031,1,70000.0,0.3,Tarjeta Crédito,Tienda Física,Temporada De Diciembre,Xs
V001847,1,2024-05-19,C01578,P0003,T009,1,185000.0,0.3,Efectivo,Tienda Física,Temporada Regular,36
V000724,1,2025-09-12,C01835,P0004,T017,1,166000.0,0.0,Tarjeta Débito,Tienda Física,Temporada De Diciembre,28
V000904,1,2024-03-06,C02474,P0011,T004,1,137000.0,0.4,Transferencia,Tienda Física,Temporada Regular,Xs
V002654,1,2025-11-09,C01401,P0010,T041,1,93000.0,0.0,Tarjeta Crédito,Tienda Física,Black Friday,32
V001345,1,2024-10-22,C00489,P0022,T025,1,194000.0,0.0,Tarjeta Crédito,Tienda Física,Día De La Madre,Xs
V001710,2,2025-03-05,C01275,P0019,T035,2,73000.0,0.2,Efectivo,Tienda Física,Temporada Regular,M
V000495,2,2025-06-25,C01864,P0019,T037,1,71000.0,0.0,Tarjeta Crédito,Tienda Física,Temporada Regular,Xs
V001294,1,2024-06-14,C02692,P0005,T024,1,108000.0,0.2,Tarjeta Débito,Tienda Física,Vacaciones,S
V001983,2,2023-11-26,C00136,P0014,T014,1,142000.0,0.3,Tarjeta Débito,Tienda Física,Temporada Regular,38
V000521,3,2025-09-20,C00517,P0020,T004,2,77000.0,0.0,Efectivo,Tienda Física,Temporada Regular,M
V001585,1,2024-03-03,C01933,P0012,T033,4,114000.0,0.0,Transferencia,Tienda Física,Temporada Regular,Xxl
V002098,1,2023-11-22,C02323,P0001,T010,1,136000.0,0.0,Transferencia,Tienda Física,Black Friday,34
V003309,1,2023-09-14,C00463,P0026,T039,1,138000.0,0.1,Tarjeta Débito,Tienda Física,Temporada Regular,L
V003080,1,2025-10-22,C00127,P0011,T042,3,129000.0,0.0,Transferencia,Tienda Física,Día Del Padre,Xl
V000908,1,2024-12-07,C00701,P0014,T016,4,137000.0,0.0,Tarjeta Débito,Tienda Física,Temporada Regular,32
V001275,2,2023-06-27,C01113,P0023,T019,1,81000.0,0.0,Efectivo,Tienda Física,Temporada Regular,M
V002334,2,2024-10-03,C02253,P0001,T013,3,149000.0,0.3,Efectivo,Tienda Física,Temporada Regular,28
V001947,3,2023-02-20,C00805,P0023,T032,3,78000.0,0.0,Tarjeta Crédito,Online,Temporada Regular,S
V001478,2,2024-05-12,C01687,P0001,T031,1,139000.0,0.15,Tarjeta Débito,Tienda Física,Temporada Regular,34
V001960,1,2023-08-07,C01437,P0025,T026,3,143000.0,0.0,Efectivo,Online,Temporada Regular,Xl
V003763,1,2025-07-21,C01578,P0013,T030,1,56000.0,0.0,Tarjeta Débito,Tienda Física,Temporada Regular,S
V000538,2,2025-12-07,C01986,P0023,T027,1,79000.0,0.0,Tarjeta Débito,Online,Temporada Regular,L
V001389,1,2025-07-24,C02383,P0002,T041,4,151000.0,0.0,Tarjeta Crédito,Tienda Física,Temporada Regular,Xs
V001290,1,2024-03-02,C02397,P0003,T002,2,187000.0,0.0,Efectivo,Tienda Física,Temporada Regular,30
V002927,1,2025-02-09,C00764,P0005,T018,3,108000.0,0.0,Efectivo,Tienda Física,Día De La Madre,Xl
V003358,1,2023-12-20,C01715,P0010,T022,1,92000.0,0.0,Tarjeta Débito,Tienda Física,Temporada Regular,34
V003672,1,2025-09-25,C01489,P0019,T037,3,73000.0,0.0,Tarjeta Crédito,Online,Temporada Regular,Xxl
V000205,3,2025-08-22,C00119,P0005,T031,1,109000.0,0.0,Efectivo,Tienda Física,Temporada Regular,Xxl
V001393,1,2024-09-28,C02503,P0003,T005,1,176000.0,0.05,Tarjeta Crédito,Tienda Física,Vacaciones,30
V000202,2,2025-12-02,C00844,P0018,T016,3,76000.0,0.1,Tarjeta Crédito,Tienda Física,Temporada Regular,S
V000105,1,2023-04-15,C02055,P0007,T033,2,61000.0,0.0,Tarjeta Débito,Online,Temporada Regular,Xl
V002380,1,2025-07-01,C01471,P0021,T025,1,122000.0,0.0,Tarjeta Crédito,Tienda Física,Temporada Regular,S
V003242,3,2024-10-26,C00036,P0006,T035,4,59000.0,0.15,Tarjeta Crédito,Online,Temporada Regular,Xs
V000971,2,2024-04-07,C02498,P0023,T026,4,75000.0,0.0,Tarjeta Débito,Tienda Física,Vacaciones,Xl
V003400,1,2024-03-29,C02681,P0015,T006,1,173000.0,0.05,Efectivo,Tienda Física,Temporada Regular,30
V002959,1,2023-12-11,C02201,P0018,T016,1,74000.0,0.0,Tarjeta Crédito,Tienda Física,Regreso A Clases,M
V001456,1,2025-04-25,C02376,P0005,T002,1,116000.0,0.15,Tarjeta Débito,Tienda Física,Temporada De Diciembre,Xxl
V000235,1,2024-07-13,C00810,P0004,T009,2,173000.0,0.1,Tarjeta Crédito,Tienda Física,Temporada Regular,38
V000132,1,2023-08-29,C00915,P0010,T016,4,97000.0,0.15,Tarjeta Débito,Tienda Física,Día De La Madre,36
V003480,1,2025-06-09,C00451,P0011,T040,4,134000.0,0.0,Tarjeta Crédito,Tienda Física,Temporada Regular,M
V001098,3,2024-12-27,C01600,P0019,T004,4,71000.0,0.05,Transferencia,Tienda Física,Temporada Regular,L
V000949,1,2025-11-11,C00275,P0022,T026,3,202000.0,0.0,Efectivo,Tienda Física,Temporada Regular,Xs
V001741,2,2024-03-27,C01482,P0004,T026,2,167000.0,0.0,Tarjeta Débito,Online,Temporada Regular,28
V000661,1,2025-09-19,C01298,P0013,T009,4,56000.0,0.0,Tarjeta Débito,Tienda Física,Temporada De Diciembre,S
V003239,1,2024-12-22,C00607,P0004,T021,2,168000.0,0.0,Efectivo,Tienda Física,Temporada Regular,32
V001268,1,2024-07-02,C00821,P0013,T038,2,55000.0,0.05,Tarjeta Débito,Tienda Física,Temporada Regular,L
V002628,1,2025-02-21,C00246,P0001,T004,1,150000.0,0.15,Tarjeta Crédito,Tienda Física,Temporada Regular,36
V000483,1,2025-02-26,C02141,P0011,T014,1,136000.0,0.3,Tarjeta Crédito,Tienda Física,Temporada Regular,M
V001049,1,2025-11-15,C00337,P0023,T014,2,77000.0,0.0,Tarjeta Débito,Tienda Física,Temporada Regular,Xxl
V002910,1,2025-07-21,C01505,P0017,T008,2,140000.0,0.3,Tarjeta Crédito,Online,Temporada Regular,Xxl
V002258,1,2025-12-24,C01070,P0013,T030,1,55000.0,0.0,Efectivo,Tienda Física,Temporada Regular,Xxl
V001103,1,2025-05-01,C02036,P0022,T007,1,196000.0,0.0,Efectivo,Tienda Física,Temporada De Diciembre,Xxl
V001760,3,2023-05-06,C02232,P0006,T039,1,54000.0,0.0,Tarjeta Crédito,Tienda Física,Temporada Regular,Xxl
V002207,1,2024-11-22,C02361,P0014,T014,1,132000.0,0.0,Efectivo,Tienda Física,Temporada Regular,34
V001068,1,2024-09-19,C01044,P0007,T020,1,58000.0,0.0,Tarjeta Crédito,Online,Temporada Regular,Xs
V001261,1,2024-08-22,C02589,P0006,T035,1,56000.0,0.2,Tarjeta Débito,Online,Temporada Regular,M
V001382,2,2023-05-26,C00575,P0012,T004,1,107000.0,0.05,Tarjeta Débito,Tienda Física,Temporada Regular,M
V000253,1,2023-02-27,C00324,P0020,T004,1,80000.0,0.3,Tarjeta Débito,Tienda Física,Temporada De Diciembre,S
V003709,2,2023-04-06,C01901,P0005,T004,4,110000.0,0.4,Tarjeta Débito,Tienda Física,Temporada Regular,L
V000961,1,2023-12-25,C01575,P0022,T018,1,209000.0,0.0,Transferencia,Tienda Física,Regreso A Clases,Xxl
V002217,3,2024-01-22,C02474,P0004,T009,3,179000.0,0.0,Tarjeta Crédito,Tienda Física,Regreso A Clases,30
V000395,1,2024-02-05,C00103,P0020,T043,4,78000.0,0.05,Tarjeta Crédito,Tienda Física,Temporada Regular,L
V002966,1,2025-05-16,C00195,P0005,T018,2,107000.0,0.0,Tarjeta Débito,Tienda Física,Temporada Regular,Xxl
V003170,3,2025-10-14,C02537,P0025,T040,4,137000.0,0.0,Tarjeta Débito,Tienda Física,Vacaciones,Xl
V001636,1,2025-09-19,C01607,P0011,T015,2,129000.0,0.15,Tarjeta Débito,Tienda Física,Temporada Regular,Xxl
V001113,2,2025-11-27,C00571,P0001,T020,1,145000.0,0.05,Efectivo,Tienda Física,Vacaciones,34
V001660,1,2023-12-12,C01506,P0021,T012,2,124000.0,0.0,Tarjeta Débito,Tienda Física,Temporada Regular,Xs
V002479,1,2023-12-26,C02604,P0022,T002,4,196000.0,0.05,Efectivo,Online,Temporada Regular,M
V000345,1,2025-09-19,C00064,P0023,T002,1,74000.0,0.0,Transferencia,Tienda Física,Vacaciones,Xxl
V002705,1,2024-03-20,C02796,P0022,T040,1,209000.0,0.3,Tarjeta Débito,Tienda Física,Temporada Regular,S
V003008,1,2024-05-19,C01631,P0025,T003,2,141000.0,0.0,Tarjeta Débito,Tienda Física,Temporada Regular,Xxl
V001599,2,2025-09-08,C01522,P0002,T003,3,155000.0,0.05,Efectivo,Tienda Física,Temporada Regular,Xxl
V001645,1,2024-04-26,C01448,P0005,T004,1,113000.0,0.1,Tarjeta Crédito,Tienda Física,Temporada Regular,Xxl
V002364,1,2025-10-13,C01924,P0016,T025,4,142000.0,0.0,Tarjeta Débito,Online,Regreso A Clases,30
V000411,1,2025-04-03,C01299,P0022,T004,1,197000.0,0.15,Transferencia,Online,Temporada Regular,Xs
V000885,1,2024-10-04,C01602,P0012,T004,4,106000.0,0.0,Transferencia,Tienda Física,Temporada Regular,Xl
V000196,3,2024-02-01,C00946,P0014,T004,2,135000.0,0.3,Tarjeta Crédito,Tienda Física,Temporada Regular,38
V002273,1,2024-05-29,C00338,P0024,T018,1,221000.0,0.0,Efectivo,Tienda Física,Black Friday,Xl
V000327,1,2023-09-23,C01852,P0004,T028,2,169000.0,0.0,Tarjeta Débito,Tienda Física,Temporada Regular,32
V001639,2,2023-11-11,C02230,P0007,T004,2,57000.0,0.1,Tarjeta Débito,Tienda Física,Temporada Regular,Xs
V000135,2,2023-05-15,C00826,P0022,T017,1,198000.0,0.0,Tarjeta Crédito,Tienda Física,Black Friday,M
V000991,2,2025-11-01,C00986,P0024,T041,2,220000.0,0.15,Tarjeta Crédito,Tienda Física,Vacaciones,Xxl
V000501,1,2025-07-18,C00565,P0008,T024,1,211000.0,0.0,Tarjeta Crédito,Tienda Física,Día De La Madre,Xxl
V002647,2,2023-02-07,C01177,P0009,T004,1,126000.0,0.4,Efectivo,Tienda Física,Día De La Madre,L
V001581,1,2025-10-12,C02755,P0007,T023,2,61000.0,0.0,Tarjeta Crédito,Tienda Física,Temporada Regular,Xxl
V002057,1,2023-11-10,C01015,P0021,T009,1,125000.0,0.15,Tarjeta Crédito,Tienda Física,Temporada De Diciembre,M
V000397,2,2023-07-19,C02765,P0021,T031,1,115000.0,0.15,Efectivo,Tienda Física,Día De La Madre,M
V002815,1,2023-09-18,C01119,P0003,T040,1,179000.0,0.0,Efectivo,Tienda Física,Temporada De Diciembre,30
V000515,2,2025-07-03,C00585,P0003,T002,4,185000.0,0.0,Tarjeta Débito,Tienda Física,Temporada Regular,34
V002771,2,2025-10-07,C01565,P0018,T025,4,75000.0,0.0,Tarjeta Débito,Tienda Física,Temporada Regular,Xs
V000446,1,2024-03-02,C01285,P0012,T004,2,110000.0,0.0,Efectivo,Tienda Física,Temporada Regular,Xs
V002965,1,2023-07-18,C02196,P0009,T007,3,128000.0,0.05,Efectivo,Online,Temporada Regular,Xl
V002187,1,2024-01-29,C02529,P0011,T004,3,133000.0,0.05,Tarjeta Crédito,Tienda Física,Temporada Regular,Xxl
V001214,1,2025-01-03,C02484,P0018,T032,3,72000.0,0.0,Tarjeta Débito,Tienda Física,Temporada Regular,S
V000034,1,2024-01-20,C00993,P0006,T010,3,53000.0,0.05,Tarjeta Débito,Tienda Física,Temporada Regular,Xl
V002723,1,2025-03-22,C00795,P0009,T019,1,123000.0,0.4,Efectivo,Tienda Física,Black Friday,L
V001259,1,2023-10-24,C02338,P0017,T001,1,142000.0,0.0,Tarjeta Crédito,Tienda Física,Vacaciones,L
V002742,1,2025-11-10,C02238,P0026,T031,1,137000.0,0.0,Efectivo,Tienda Física,Temporada Regular,S
V003369,1,2024-05-11,C00498,P0010,T018,2,94000.0,0.0,Tarjeta Crédito,Tienda Física,Temporada Regular,36
V000867,2,2025-11-06,C00847,P0003,T042,1,178000.0,0.0,Tarjeta Débito,Tienda Física,Temporada Regular,38
V003261,2,2024-12-05,C02237,P0002,T034,1,162000.0,0.4,Tarjeta Débito,Online,Temporada Regular,Xl
V001329,2,2023-05-12,C02089,P0018,T015,2,74000.0,0.0,Tarjeta Crédito,Tienda Física,Día Del Padre,L
V002368,1,2024-11-24,C00669,P0001,T004,1,139000.0,0.15,Tarjeta Crédito,Online,Temporada Regular,28
V002962,1,2023-01-27,C01281,P0018,T016,3,75000.0,0.0,Tarjeta Crédito,Online,Temporada Regular,Xxl
V001445,1,2023-09-24,C01621,P0020,T004,1,76000.0,0.0,Tarjeta Crédito,Tienda Física,Temporada Regular,M
V002412,1,2025-11-07,C02359,P0008,T009,4,217000.0,0.0,Tarjeta Débito,Tienda Física,Temporada Regular,Xxl
V001881,2,2025-05-06,C01710,P0014,T009,1,132000.0,0.0,Transferencia,Online,Temporada Regular,30
V002437,2,2024-06-21,C01380,P0003,T036,3,181000.0,0.15,Tarjeta Crédito,Online,Temporada Regular,34
V002564,1,2025-07-30,C00999,P0009,T004,1,125000.0,0.0,Efectivo,Tienda Física,Día Del Padre,M
V001592,1,2025-03-18,C01572,P0019,T027,2,73000.0,0.1,Tarjeta Crédito,Tienda Física,Temporada Regular,M
V002859,1,2024-05-16,C02580,P0003,T038,4,170000.0,0.0,Tarjeta Crédito,Tienda Física,Black Friday,36
V001822,2,2025-05-01,C02198,P0025,T034,1,142000.0,0.0,Efectivo,Tienda Física,Vacaciones,M
V002747,1,2025-07-15,C02407,P0001,T004,1,148000.0,0.05,Tarjeta Crédito,Tienda Física,Temporada Regular,32
V002483,1,2023-08-14,C02227,P0002,T041,1,158000.0,0.0,Tarjeta Débito,Tienda Física,Temporada De Diciembre,Xs
V000338,1,2024-12-03,C00038,P0025,T015,3,146000.0,0.0,Tarjeta Débito,Tienda Física,Temporada Regular,M
V001006,1,2025-12-30,C01178,P0013,T026,4,55000.0,0.3,Tarjeta Crédito,Tienda Física,Temporada Regular,Xxl
V003367,2,2024-03-16,C02288,P0023,T001,1,75000.0,0.0,Tarjeta Crédito,Tienda Física,Temporada Regular,Xs
V003743,1,2023-07-20,C00281,P0006,T004,2,53000.0,0.0,Tarjeta Crédito,Tienda Física,Vacaciones,Xl
V002642,2,2024-10-04,C00265,P0004,T017,2,169000.0,0.2,Tarjeta Débito,Tienda Física,Temporada Regular,30
V000205,1,2025-08-22,C00119,P0004,T031,1,169000.0,0.0,Efectivo,Tienda Física,Temporada Regular,32
V002479,2,2023-12-26,C02604,P0015,T002,1,182000.0,0.0,Efectivo,Online,Temporada Regular,40
V001997,2,2024-06-15,C01571,P0019,T032,2,75000.0,0.3,Tarjeta Débito,Tienda Física,Black Friday,L
V001940,3,2023-05-13,C01911,P0009,T035,1,132000.0,0.3,Tarjeta Débito,Tienda Física,Regreso A Clases,S
V003291,2,2024-09-28,C02052,P0002,T022,1,157000.0,0.3,Efectivo,Tienda Física,Vacaciones,Xl
V001641,2,2024-08-13,C01295,P0021,T024,2,120000.0,0.0,Efectivo,Tienda Física,Temporada Regular,L
V001617,2,2024-08-02,C02117,P0005,T031,1,114000.0,0.0,Efectivo,Tienda Física,Temporada Regular,M
V002918,2,2023-12-23,C02581,P0009,T025,1,123000.0,0.1,Tarjeta Crédito,Online,Temporada Regular,Xl
V002200,3,2024-10-18,C02701,P0026,T012,4,137000.0,0.0,Efectivo,Tienda Física,Temporada De Diciembre,M
V001264,1,2024-12-11,C01065,P0012,T007,1,113000.0,0.0,Tarjeta Crédito,Tienda Física,Día Del Padre,Xxl
V000194,2,2023-12-27,C00204,P0019,T021,1,73000.0,0.0,Transferencia,Tienda Física,Día De La Madre,S
V001096,3,2023-05-15,C01716,P0022,T012,2,209000.0,0.2,Efectivo,Tienda Física,Temporada Regular,L
V000084,1,2025-12-14,C00956,P0005,T004,3,111000.0,0.0,Tarjeta Crédito,Tienda Física,Temporada Regular,Xs
V003385,1,2024-04-09,C00278,P0001,T017,1,150000.0,0.0,Tarjeta Crédito,Tienda Física,Temporada Regular,30
V001304,1,2025-10-03,C02522,P0021,T004,2,116000.0,0.0,Tarjeta Crédito,Tienda Física,Temporada Regular,Xs
V001446,3,2023-04-25,C01997,P0023,T023,4,82000.0,0.1,Tarjeta Crédito,Tienda Física,Temporada Regular,M
V000938,1,2025-01-09,C00832,P0006,T031,1,54000.0,0.05,Efectivo,Tienda Física,Temporada De Diciembre,Xl
V000740,1,2025-09-22,C00155,P0021,T031,2,117000.0,0.0,Tarjeta Crédito,Online,Día Del Padre,Xxl
V000339,2,2024-08-24,C01574,P0023,T014,2,74000.0,0.0,Tarjeta Crédito,Tienda Física,Temporada De Diciembre,M
V003293,3,2023-08-02,C01454,P0024,T042,1,209000.0,0.1,Efectivo,Tienda Física,Temporada Regular,Xxl
V003218,1,2023-12-18,C00557,P0009,T024,1,130000.0,0.1,Tarjeta Débito,Tienda Física,Temporada Regular,S
V002255,1,2024-08-25,C02419,P0012,T005,2,108000.0,0.0,Tarjeta Débito,Tienda Física,Black Friday,Xs
V000011,1,2025-10-16,C00531,P0018,T008,1,80000.0,0.0,Tarjeta Débito,Tienda Física,Temporada De Diciembre,Xl
V003625,1,2023-05-17,C02371,P0015,T018,1,171000.0,0.0,Tarjeta Débito,Tienda Física,Temporada Regular,32
V002291,2,2025-07-27,C00745,P0009,T032,1,124000.0,0.0,Tarjeta Crédito,Tienda Física,Temporada Regular,S
V003027,2,2023-11-10,C01175,P0018,T011,2,77000.0,0.0,Tarjeta Débito,Tienda Física,Temporada Regular,M
V003561,2,2024-06-08,C01555,P0008,T035,4,220000.0,0.05,Tarjeta Débito,Tienda Física,Temporada Regular,Xxl
V003325,2,2024-04-15,C01754,P0010,T040,1,97000.0,0.0,Transferencia,Tienda Física,Temporada Regular,38
V003465,2,2025-06-19,C01006,P0007,T029,4,61000.0,0.05,Tarjeta Crédito,Tienda Física,Temporada Regular,S
V002346,2,2025-12-04,C01803,P0025,T031,2,136000.0,0.0,Tarjeta Crédito,Tienda Física,Temporada Regular,S
V001159,2,2023-07-26,C01185,P0017,T018,1,151000.0,0.3,Tarjeta Débito,Tienda Física,Temporada Regular,M
V003246,1,2025-07-19,C02401,P0015,T041,2,174000.0,0.3,Transferencia,Tienda Física,Día Del Padre,34
V002965,3,2023-07-18,C02196,P0004,T007,2,176000.0,0.0,Efectivo,Online,Temporada Regular,32
V001023,1,2025-09-01,C01242,P0020,T008,1,81000.0,0.0,Transferencia,Tienda Física,Vacaciones,Xl
V000909,2,2025-05-15,C02777,P0004,T018,1,171000.0,0.0,Efectivo,Online,Vacaciones,38
V001717,2,2024-03-16,C00355,P0006,T032,2,54000.0,0.15,Tarjeta Crédito,Tienda Física,Día Del Padre,M
V001797,1,2023-11-08,C01670,P0012,T031,3,115000.0,0.0,Tarjeta Crédito,Online,Día Del Padre,L
V000774,2,2025-03-23,C00963,P0010,T034,1,92000.0,0.0,Tarjeta Débito,Tienda Física,Temporada Regular,40
V001117,1,2025-12-05,C00071,P0010,T018,2,92000.0,0.0,Tarjeta Débito,Tienda Física,Temporada Regular,36
V000313,1,2023-04-25,C00706,P0006,T012,4,57000.0,0.0,Tarjeta Crédito,Tienda Física,Temporada Regular,Xxl
V000052,2,2023-07-06,C00288,P0023,T031,2,78000.0,0.0,Efectivo,Tienda Física,Temporada Regular,Xl
V002466,1,2023-06-03,C01087,P0018,T043,3,79000.0,0.0,Tarjeta Crédito,Tienda Física,Temporada De Diciembre,Xxl
V003353,1,2023-11-13,C00104,P0015,T013,4,173000.0,0.05,Transferencia,Online,Temporada De Diciembre,34
V002475,2,2023-09-02,C01066,P0018,T026,1,74000.0,0.0,Tarjeta Crédito,Tienda Física,Temporada Regular,Xs
V001494,2,2024-09-30,C00804,P0009,T010,1,121000.0,0.15,Tarjeta Crédito,Online,Temporada Regular,Xs
V002311,3,2025-03-17,C00211,P0015,T004,1,178000.0,0.05,Tarjeta Débito,Tienda Física,Temporada Regular,30
V001930,1,2025-02-08,C01130,P0003,T025,1,184000.0,0.0,Tarjeta Crédito,Tienda Física,Temporada Regular,36
V002038,2,2024-11-18,C00073,P0022,T004,2,192000.0,0.05,Tarjeta Débito,Tienda Física,Vacaciones,Xs
V002645,1,2024-02-26,C00309,P0013,T013,1,58000.0,0.3,Tarjeta Crédito,Online,Temporada Regular,L
V003377,2,2025-03-06,C02470,P0014,T039,1,135000.0,0.05,Tarjeta Débito,Tienda Física,Temporada Regular,38
V000091,2,2025-07-14,C00165,P0017,T038,1,153000.0,0.3,Tarjeta Débito,Tienda Física,Temporada Regular,Xxl
V000889,2,2023-08-30,C01941,P0020,T023,1,81000.0,0.0,Tarjeta Crédito,Tienda Física,Temporada Regular,L
V002976,1,2023-07-16,C00940,P0012,T018,2,106000.0,0.05,Tarjeta Débito,Tienda Física,Vacaciones,M
V002948,1,2023-06-17,C01302,P0024,T034,1,214000.0,0.05,Efectivo,Tienda Física,Temporada Regular,Xl
V000344,1,2024-01-12,C01215,P0004,T014,4,176000.0,0.2,Tarjeta Débito,Tienda Física,Vacaciones,32
V002498,2,2024-09-23,C02053,P0022,T041,3,199000.0,0.3,Tarjeta Crédito,Tienda Física,Día De La Madre,S
V002276,1,2024-02-14,C02021,P0005,T043,2,108000.0,0.1,Tarjeta Crédito,Tienda Física,Temporada Regular,S
V003221,2,2024-10-28,C00174,P0019,T040,1,70000.0,0.0,Transferencia,Tienda Física,Regreso A Clases,Xs
V001471,3,2024-05-02,C01171,P0026,T025,4,134000.0,0.1,Transferencia,Tienda Física,Temporada Regular,Xl
V002266,1,2023-05-31,C01330,P0021,T021,4,122000.0,0.3,Tarjeta Débito,Tienda Física,Black Friday,Xl
V000098,1,2025-09-02,C00154,P0026,T018,1,136000.0,0.3,Tarjeta Débito,Tienda Física,Vacaciones,S
V000944,2,2024-09-16,C01200,P0014,T041,1,141000.0,0.4,Tarjeta Crédito,Tienda Física,Black Friday,28
V003747,2,2024-03-19,C02593,P0016,T002,2,137000.0,0.0,Transferencia,Tienda Física,Regreso A Clases,38
V000477,1,2024-09-29,C00867,P0018,T037,1,73000.0,0.0,Efectivo,Tienda Física,Temporada Regular,Xxl
V002585,1,2024-12-28,C01871,P0020,T026,2,78000.0,0.0,Efectivo,Tienda Física,Temporada Regular,M
V003633,1,2023-04-08,C02127,P0004,T040,2,177000.0,0.0,Efectivo,Online,Temporada Regular,32
V000268,2,2023-03-15,C00736,P0013,T004,2,59000.0,0.0,Efectivo,Tienda Física,Temporada Regular,Sin Talla
V000540,1,2024-09-25,C01938,P0012,T028,2,110000.0,0.2,Tarjeta Crédito,Tienda Física,Temporada Regular,S
V001327,1,2023-10-19,C02762,P0004,T038,3,169000.0,0.0,Tarjeta Crédito,Tienda Física,Vacaciones,38
V002686,1,2024-01-10,C00577,P0006,T008,2,58000.0,0.0,Transferencia,Tienda Física,Vacaciones,M
V000932,1,2023-12-31,C00741,P0004,T016,1,177000.0,0.15,Tarjeta Crédito,Tienda Física,Temporada Regular,30
V002578,1,2025-08-08,C00826,P0018,T019,1,80000.0,0.0,Tarjeta Débito,Tienda Física,Temporada Regular,L
V001722,1,2024-03-01,C00925,P0010,T032,4,99000.0,0.2,Efectivo,Online,Regreso A Clases,34
V002767,2,2024-02-03,C00873,P0002,T004,2,150000.0,0.0,Efectivo,Tienda Física,Temporada De Diciembre,Xl
V002053,2,2023-03-28,C00890,P0008,T043,1,207000.0,0.1,Efectivo,Tienda Física,Regreso A Clases,L
V000519,1,2025-10-22,C01581,P0019,T011,3,69000.0,0.0,Tarjeta Crédito,Tienda Física,Temporada Regular,Xl
V001172,1,2025-12-22,C01763,P0018,T004,1,73000.0,0.05,Efectivo,Online,Temporada De Diciembre,M
V002387,1,2024-02-14,C01216,P0005,T042,1,118000.0,0.0,Tarjeta Débito,Tienda Física,Temporada Regular,Xs
V000364,1,2025-06-24,C01963,P0007,T004,2,58000.0,0.0,Efectivo,Tienda Física,Temporada Regular,M
V001780,1,2023-10-18,C01608,P0006,T042,1,55000.0,0.0,Tarjeta Crédito,Tienda Física,Temporada Regular,Xxl
V002260,1,2023-12-27,C02547,P0004,T022,1,178000.0,0.0,Tarjeta Crédito,Tienda Física,Temporada Regular,34
V002613,1,2024-05-04,C01937,P0018,T002,2,78000.0,0.0,Tarjeta Crédito,Tienda Física,Temporada Regular,Xl
V003046,2,2023-10-17,C01485,P0018,T015,1,78000.0,0.15,Efectivo,Tienda Física,Temporada Regular,L
V003275,1,2023-06-03,C01850,P0006,T012,1,55000.0,0.0,Tarjeta Débito,Tienda Física,Temporada Regular,Xs
V000129,1,2025-05-04,C00168,P0006,T030,2,56000.0,0.0,Tarjeta Débito,Tienda Física,Black Friday,Xl
V000103,3,2024-05-04,C00840,P0017,T006,3,146000.0,0.0,Tarjeta Débito,Tienda Física,Black Friday,Xs
V003620,1,2023-06-08,C00616,P0013,T028,3,54000.0,0.0,Tarjeta Crédito,Tienda Física,Temporada De Diciembre,Xl
V003338,1,2025-09-21,C02020,P0015,T004,4,168000.0,0.0,Tarjeta Crédito,Tienda Física,Vacaciones,34
V003659,2,2024-12-26,C00221,P0009,T041,4,121000.0,0.2,Tarjeta Crédito,Online,Temporada Regular,L
V000496,3,2024-09-27,C02608,P0008,T014,1,208000.0,0.0,Tarjeta Crédito,Tienda Física,Temporada Regular,M
V001661,1,2025-06-21,C00727,P0003,T041,3,174000.0,0.0,Tarjeta Crédito,Tienda Física,Temporada Regular,32
V003202,1,2025-11-17,C01149,P0010,T014,1,97000.0,0.2,Tarjeta Crédito,Tienda Física,Temporada De Diciembre,28
V003676,3,2023-05-14,C00551,P0023,T040,1,77000.0,0.0,Efectivo,Tienda Física,Temporada De Diciembre,L
V002169,1,2025-12-16,C00971,P0022,T004,4,200000.0,0.0,Tarjeta Débito,Tienda Física,Black Friday,Xl
V001330,2,2023-10-06,C01657,P0007,T024,2,60000.0,0.1,Efectivo,Tienda Física,Día Del Padre,L
V001375,1,2025-01-16,C01889,P0014,T018,1,144000.0,0.2,Tarjeta Crédito,Tienda Física,Temporada Regular,30
V003233,1,2023-12-30,C00101,P0014,T009,3,143000.0,0.0,Tarjeta Crédito,Tienda Física,Black Friday,30
V002177,1,2023-03-12,C02125,P0018,T032,1,76000.0,0.2,Tarjeta Crédito,Tienda Física,Temporada Regular,S
V003241,2,2025-01-21,C02306,P0023,T009,1,75000.0,0.0,Tarjeta Débito,Tienda Física,Temporada Regular,Xs
V000711,1,2025-05-30,C02147,P0019,T018,4,70000.0,0.0,Efectivo,Tienda Física,Día De La Madre,Xl
V000760,2,2025-01-11,C02649,P0008,T036,1,215000.0,0.4,Efectivo,Tienda Física,Temporada Regular,S
V002947,1,2025-03-16,C01009,P0014,T004,4,145000.0,0.15,Efectivo,Tienda Física,Temporada Regular,34
V002292,1,2024-09-07,C01480,P0023,T009,4,80000.0,0.0,Tarjeta Crédito,Tienda Física,Temporada Regular,Xs
V002242,1,2024-11-18,C01486,P0024,T037,1,211000.0,0.1,Efectivo,Tienda Física,Regreso A Clases,M
V000356,1,2025-10-02,C01544,P0016,T016,4,144000.0,0.0,Tarjeta Crédito,Tienda Física,Temporada De Diciembre,28
V002589,1,2023-02-04,C02471,P0002,T019,3,156000.0,0.0,Efectivo,Tienda Física,Temporada Regular,Xl
V001696,2,2023-08-11,C02032,P0021,T003,4,123000.0,0.1,Tarjeta Débito,Tienda Física,Vacaciones,S
V003637,2,2024-02-24,C01603,P0001,T038,1,142000.0,0.0,Tarjeta Crédito,Online,Temporada Regular,28
V003560,1,2025-02-23,C02059,P0026,T027,2,136000.0,0.3,Tarjeta Crédito,Tienda Física,Día Del Padre,L
V001778,2,2025-12-20,C01430,P0022,T028,1,206000.0,0.0,Tarjeta Crédito,Tienda Física,Temporada Regular,Xs
V002718,1,2024-04-19,C01150,P0002,T009,4,157000.0,0.1,Tarjeta Débito,Tienda Física,Temporada Regular,Xxl
V000610,2,2024-07-15,C02692,P0002,T002,2,158000.0,0.0,Efectivo,Tienda Física,Temporada Regular,Xxl
V000171,1,2023-08-07,C02390,P0011,T004,2,137000.0,0.0,Tarjeta Crédito,Tienda Física,Temporada De Diciembre,L
V003770,1,2024-11-04,C02496,P0002,T005,2,164000.0,0.05,Tarjeta Débito,Tienda Física,Black Friday,Xxl
V002037,3,2024-07-22,C00545,P0011,T042,3,130000.0,0.0,Tarjeta Débito,Online,Temporada Regular,L
V002317,1,2024-09-15,C00204,P0009,T035,3,132000.0,0.15,Tarjeta Débito,Tienda Física,Temporada Regular,Xs
V001454,1,2024-06-21,C00742,P0026,T009,4,139000.0,0.2,Tarjeta Débito,Tienda Física,Temporada Regular,Xs
V001524,1,2023-03-28,C00451,P0024,T027,1,208000.0,0.0,Efectivo,Tienda Física,Temporada De Diciembre,L
V000554,3,2025-04-30,C02611,P0010,T022,3,99000.0,0.0,Tarjeta Crédito,Online,Temporada Regular,36
V000121,1,2024-06-23,C02680,P0020,T022,1,73000.0,0.15,Tarjeta Débito,Tienda Física,Temporada Regular,Xl
V000814,1,2023-10-19,C02137,P0012,T002,1,115000.0,0.15,Tarjeta Crédito,Online,Temporada De Diciembre,M
V002769,1,2023-06-20,C01358,P0003,T016,2,182000.0,0.05,Transferencia,Tienda Física,Temporada Regular,38
V001760,1,2023-05-06,C02232,P0018,T039,1,75000.0,0.0,Tarjeta Crédito,Tienda Física,Temporada Regular,L
V001768,1,2025-12-11,C01892,P0024,T043,3,223000.0,0.0,Tarjeta Crédito,Tienda Física,Temporada Regular,Xl
V003305,1,2024-08-08,C00299,P0017,T009,2,147000.0,0.3,Tarjeta Crédito,Tienda Física,Temporada Regular,S
V002674,1,2025-08-26,C00721,P0008,T002,1,219000.0,0.0,Transferencia,Tienda Física,Temporada Regular,S
V003551,3,2025-02-23,C00487,P0014,T016,4,132000.0,0.4,Tarjeta Débito,Tienda Física,Temporada Regular,36
V000858,1,2024-09-18,C02776,P0015,T002,2,175000.0,0.0,Efectivo,Tienda Física,Vacaciones,38
V000683,1,2024-09-17,C01048,P0025,T018,2,139000.0,0.1,Tarjeta Crédito,Tienda Física,Temporada Regular,Xs
V002666,1,2023-10-17,C01068,P0014,T004,3,145000.0,0.3,Tarjeta Débito,Tienda Física,Vacaciones,30
V000959,1,2023-03-24,C01402,P0013,T004,1,59000.0,0.1,Tarjeta Crédito,Tienda Física,Regreso A Clases,S
V002068,1,2025-03-31,C00698,P0026,T038,4,131000.0,0.0,Transferencia,Tienda Física,Temporada De Diciembre,Xxl
V002696,1,2023-09-23,C02444,P0016,T019,1,146000.0,0.05,Tarjeta Débito,Online,Temporada Regular,30
V002457,1,2024-07-20,C01536,P0006,T019,3,58000.0,0.0,Transferencia,Tienda Física,Temporada Regular,M
V002609,1,2023-08-02,C01242,P0016,T004,4,135000.0,0.0,Tarjeta Débito,Online,Vacaciones,32
V003117,2,2023-10-20,C01731,P0005,T014,2,118000.0,0.05,Transferencia,Tienda Física,Black Friday,Xs
V002428,1,2023-11-16,C01954,P0026,T004,1,135000.0,0.0,Efectivo,Tienda Física,Temporada Regular,Xl
V001723,2,2024-05-26,C02525,P0019,T003,3,70000.0,0.0,Tarjeta Débito,Tienda Física,Temporada Regular,L
V000091,1,2025-07-14,C00165,P0021,T038,2,117000.0,0.0,Tarjeta Débito,Tienda Física,Temporada Regular,S
V001134,1,2024-10-18,C01632,P0016,T004,2,143000.0,0.0,Tarjeta Débito,Tienda Física,Temporada Regular,34
V002323,2,2024-07-17,C00349,P0021,T041,1,116000.0,0.0,Tarjeta Débito,Tienda Física,Temporada De Diciembre,L
V002276,3,2024-02-14,C02021,P0018,T043,1,77000.0,0.0,Tarjeta Crédito,Tienda Física,Temporada Regular,Xxl
V003743,2,2023-07-20,C00281,P0024,T004,1,211000.0,0.1,Tarjeta Crédito,Tienda Física,Vacaciones,Xxl
V002376,2,2023-03-19,C01934,P0006,T027,1,54000.0,0.0,Tarjeta Crédito,Tienda Física,Temporada Regular,Xs
V003685,1,2024-08-19,C01151,P0020,T011,2,73000.0,0.1,Tarjeta Crédito,Tienda Física,Temporada Regular,Xl
V000614,2,2024-08-22,C01233,P0026,T004,2,138000.0,0.15,Sin dato,Tienda Física,Día De La Madre,M
V003255,2,2024-01-01,C02307,P0020,T004,1,79000.0,0.0,Tarjeta Débito,Online,Temporada De Diciembre,Xl
V003771,1,2025-11-29,C00927,P0002,T004,1,159000.0,0.0,Transferencia,Tienda Física,Temporada Regular,Xxl
V003522,2,2025-01-03,C00503,P0025,T009,1,136000.0,0.2,Tarjeta Crédito,Tienda Física,Black Friday,L
V001480,1,2024-10-19,C01872,P0001,T041,3,146000.0,0.0,Efectivo,Tienda Física,Temporada Regular,34
V002635,1,2023-09-03,C02435,P0016,T029,2,140000.0,0.0,Tarjeta Débito,Tienda Física,Temporada Regular,40
V000499,1,2024-02-08,C01507,P0015,T035,4,183000.0,0.0,Tarjeta Débito,Tienda Física,Temporada Regular,38
V002724,2,2025-01-22,C00812,P0003,T037,1,179000.0,0.0,Tarjeta Débito,Tienda Física,Temporada Regular,38
V001764,2,2025-01-11,C02056,P0022,T004,4,200000.0,0.0,Tarjeta Débito,Tienda Física,Temporada Regular,M
V000604,2,2025-08-24,C01847,P0024,T030,1,219000.0,0.0,Tarjeta Crédito,Tienda Física,Temporada Regular,M
V000564,1,2023-03-01,C00469,P0022,T004,3,196000.0,0.0,Tarjeta Crédito,Online,Día Del Padre,Xxl
V001861,1,2025-11-16,C00161,P0024,T001,1,223000.0,0.0,Tarjeta Crédito,Tienda Física,Regreso A Clases,M
V003599,2,2024-09-30,C00569,P0020,T035,2,80000.0,0.15,Efectivo,Online,Temporada De Diciembre,Xl
V002084,2,2023-03-15,C00645,P0001,T042,1,139000.0,0.05,Efectivo,Tienda Física,Temporada Regular,38
V000818,2,2024-01-02,C00602,P0016,T004,2,141000.0,0.0,Transferencia,Tienda Física,Temporada Regular,32
V002400,1,2025-05-24,C00247,P0007,T004,2,61000.0,0.3,Tarjeta Crédito,Tienda Física,Temporada Regular,L
V002215,1,2023-04-30,C02674,P0022,T041,2,198000.0,0.0,Tarjeta Débito,Tienda Física,Temporada Regular,Xxl
V000982,3,2024-04-09,C01393,P0003,T035,1,171000.0,0.0,Tarjeta Débito,Tienda Física,Temporada Regular,40
V001098,1,2024-12-27,C01600,P0024,T004,3,218000.0,0.0,Transferencia,Tienda Física,Temporada Regular,Xxl
V001774,3,2023-07-11,C02415,P0019,T012,2,74000.0,0.0,Efectivo,Tienda Física,Temporada Regular,Xxl
V000433,1,2025-09-18,C02297,P0025,T006,2,135000.0,0.0,Tarjeta Débito,Tienda Física,Temporada Regular,L
V000180,1,2023-03-01,C01822,P0010,T004,2,93000.0,0.0,Tarjeta Débito,Online,Día Del Padre,36
V000983,1,2024-07-26,C01231,P0004,T019,4,174000.0,0.0,Efectivo,Tienda Física,Temporada Regular,28
V003431,2,2024-09-22,C01188,P0020,T002,1,77000.0,0.0,Tarjeta Crédito,Tienda Física,Temporada De Diciembre,Xs
V001235,1,2025-05-14,C00297,P0012,T004,1,113000.0,0.2,Tarjeta Débito,Tienda Física,Regreso A Clases,Xl
V000729,1,2025-02-06,C00401,P0007,T029,1,59000.0,0.2,Tarjeta Crédito,Tienda Física,Temporada Regular,M
V001567,2,2024-11-24,C00453,P0017,T028,1,152000.0,0.0,Tarjeta Débito,Tienda Física,Temporada Regular,M
V000664,2,2023-07-16,C00086,P0006,T043,2,56000.0,0.0,Transferencia,Tienda Física,Temporada Regular,Xs
V003175,1,2024-10-20,C01738,P0019,T018,3,72000.0,0.0,Tarjeta Débito,Tienda Física,Temporada Regular,Xs
V001282,1,2024-03-07,C00482,P0014,T028,3,145000.0,0.0,Efectivo,Tienda Física,Temporada Regular,38
V000464,2,2023-03-25,C00280,P0013,T033,1,58000.0,0.1,Efectivo,Tienda Física,Temporada Regular,Xl
V003404,1,2025-02-02,C02038,P0002,T037,3,153000.0,0.4,Efectivo,Tienda Física,Temporada Regular,L
V001176,1,2025-11-25,C00163,P0017,T037,2,150000.0,0.15,Tarjeta Crédito,Online,Temporada Regular,Xxl
V003433,1,2024-02-16,C02744,P0019,T009,1,74000.0,0.0,Tarjeta Crédito,Online,Día Del Padre,Xs
V000115,3,2025-04-07,C02234,P0013,T004,1,55000.0,0.2,Tarjeta Crédito,Tienda Física,Temporada Regular,Xs
V001204,1,2024-10-04,C01739,P0024,T001,1,221000.0,0.0,Tarjeta Crédito,Tienda Física,Temporada De Diciembre,L
V002902,1,2025-03-26,C00879,P0021,T015,1,117000.0,0.05,Efectivo,Tienda Física,Temporada Regular,S
V000494,1,2023-02-07,C02046,P0009,T004,1,125000.0,0.1,Tarjeta Crédito,Tienda Física,Temporada Regular,L
V001837,1,2025-03-07,C01307,P0002,T013,1,152000.0,0.05,Efectivo,Tienda Física,Temporada Regular,Xxl
V001939,1,2025-08-21,C00546,P0024,T043,3,218000.0,0.0,Transferencia,Tienda Física,Temporada Regular,Xs
V002723,2,2025-03-22,C00795,P0014,T019,1,143000.0,0.0,Efectivo,Tienda Física,Black Friday,38
V000016,1,2024-05-31,C00035,P0023,T005,1,79000.0,0.0,Tarjeta Crédito,Tienda Física,Temporada Regular,Xl
V002990,1,2025-01-12,C00035,P0020,T008,1,77000.0,0.0,Efectivo,Tienda Física,Black Friday,M
V000403,3,2025-06-01,C00799,P0011,T017,2,137000.0,0.05,Tarjeta Crédito,Online,Temporada De Diciembre,M
V003435,1,2025-05-20,C00087,P0024,T009,1,216000.0,0.0,Tarjeta Crédito,Tienda Física,Día Del Padre,L
V003067,2,2023-03-30,C02204,P0017,T034,4,153000.0,0.05,Tarjeta Débito,Tienda Física,Temporada Regular,M
V003165,1,2024-07-12,C00220,P0023,T041,3,75000.0,0.0,Efectivo,Online,Temporada De Diciembre,S
V001249,1,2023-08-17,C00668,P0001,T021,4,136000.0,0.0,Tarjeta Crédito,Tienda Física,Regreso A Clases,28
V002492,1,2023-01-25,C02336,P0015,T018,2,175000.0,0.05,Transferencia,Tienda Física,Temporada Regular,30
V001245,1,2023-11-23,C00200,P0004,T004,1,172000.0,0.05,Tarjeta Crédito,Tienda Física,Día Del Padre,28
V001620,1,2024-03-14,C01457,P0022,T017,1,208000.0,0.0,Tarjeta Débito,Tienda Física,Vacaciones,M
V000921,1,2025-08-02,C00261,P0019,T008,2,75000.0,0.0,Transferencia,Tienda Física,Temporada Regular,Xs
V000744,1,2024-11-24,C00741,P0005,T006,4,110000.0,0.0,Tarjeta Débito,Tienda Física,Temporada Regular,Xxl
V003534,1,2025-06-14,C01197,P0020,T041,3,77000.0,0.0,Tarjeta Débito,Tienda Física,Temporada De Diciembre,Xl
V000665,1,2023-01-07,C02023,P0018,T007,1,77000.0,0.2,Efectivo,Tienda Física,Regreso A Clases,Xs
V001301,1,2023-10-14,C02736,P0011,T004,4,129000.0,0.0,Efectivo,Tienda Física,Black Friday,M
V000046,2,2025-06-10,C02104,P0026,T017,1,131000.0,0.0,Tarjeta Crédito,Online,Temporada Regular,M
V001451,2,2025-09-13,C01586,P0009,T004,1,130000.0,0.0,Tarjeta Crédito,Tienda Física,Temporada Regular,Xxl
V001457,1,2023-12-04,C01338,P0010,T040,1,91000.0,0.0,Efectivo,Tienda Física,Vacaciones,30
V000008,1,2025-02-03,C02559,P0003,T016,1,185000.0,0.0,Efectivo,Tienda Física,Temporada Regular,32
V001175,2,2025-12-31,C00917,P0023,T004,3,78000.0,0.0,Tarjeta Crédito,Tienda Física,Temporada Regular,L
V002795,1,2024-06-23,C02310,P0012,T012,1,113000.0,0.0,Efectivo,Tienda Física,Temporada Regular,Xs
V000539,1,2023-04-14,C01295,P0024,T030,3,224000.0,0.0,Tarjeta Crédito,Tienda Física,Temporada Regular,Xxl
V002054,1,2024-10-01,C02013,P0005,T023,3,113000.0,0.15,Tarjeta Débito,Tienda Física,Vacaciones,M
V001137,2,2023-09-04,C00820,P0010,T003,2,93000.0,0.0,Tarjeta Crédito,Tienda Física,Temporada Regular,28
V001051,1,2023-03-03,C00491,P0023,T028,2,76000.0,0.0,Tarjeta Débito,Tienda Física,Temporada Regular,Xs
V000147,1,2025-10-25,C02467,P0003,T018,2,174000.0,0.0,Tarjeta Débito,Tienda Física,Temporada Regular,30
V001064,1,2024-11-23,C01364,P0022,T032,1,195000.0,0.0,Tarjeta Crédito,Tienda Física,Black Friday,Xl
V002349,1,2023-07-23,C00443,P0015,T041,1,182000.0,0.0,Tarjeta Débito,Tienda Física,Temporada De Diciembre,36
V001977,2,2023-12-06,C01429,P0022,T001,1,201000.0,0.0,Efectivo,Tienda Física,Temporada De Diciembre,M
V002205,1,2025-03-10,C00924,P0006,T027,1,58000.0,0.0,Tarjeta Débito,Tienda Física,Regreso A Clases,Xs
V003457,2,2023-12-25,C02206,P0010,T007,2,96000.0,0.0,Tarjeta Crédito,Tienda Física,Temporada Regular,28
V001050,1,2025-12-12,C00496,P0025,T037,4,138000.0,0.0,Tarjeta Débito,Online,Temporada De Diciembre,Xs
V000560,2,2024-11-04,C00418,P0012,T040,2,108000.0,0.15,Transferencia,Tienda Física,Temporada Regular,Xxl
V003666,1,2023-06-20,C00462,P0004,T007,1,175000.0,0.4,Transferencia,Tienda Física,Temporada Regular,38
V001832,2,2023-04-24,C02418,P0008,T018,1,221000.0,0.0,Tarjeta Crédito,Tienda Física,Vacaciones,L
V002086,3,2023-09-06,C00423,P0018,T011,2,75000.0,0.05,Tarjeta Crédito,Tienda Física,Temporada Regular,Xxl
V001123,1,2023-08-07,C00586,P0002,T020,1,155000.0,0.0,Tarjeta Débito,Tienda Física,Temporada Regular,Xs
V003593,1,2023-06-27,C00344,P0003,T004,2,175000.0,0.05,Tarjeta Crédito,Tienda Física,Temporada Regular,28
V000553,1,2023-03-18,C00495,P0019,T033,1,73000.0,0.0,Tarjeta Crédito,Tienda Física,Temporada Regular,M
V003641,2,2023-12-03,C00250,P0002,T002,4,154000.0,0.0,Transferencia,Tienda Física,Temporada Regular,Xl
V001122,1,2025-08-15,C00921,P0023,T022,3,79000.0,0.0,Tarjeta Débito,Tienda Física,Vacaciones,Xxl
V003724,1,2023-03-10,C02076,P0008,T022,4,219000.0,0.0,Tarjeta Débito,Tienda Física,Día De La Madre,M
V002465,2,2025-01-01,C00668,P0005,T015,2,111000.0,0.0,Tarjeta Débito,Tienda Física,Temporada Regular,Xl
V001994,1,2025-03-21,C00281,P0011,T014,1,140000.0,0.0,Tarjeta Débito,Tienda Física,Temporada Regular,L
V003058,2,2023-12-01,C01241,P0003,T032,1,178000.0,0.0,Tarjeta Débito,Tienda Física,Temporada De Diciembre,32
V002777,1,2025-06-24,C01924,P0004,T006,1,165000.0,0.05,Tarjeta Crédito,Tienda Física,Temporada Regular,36
V001821,3,2024-06-18,C01076,P0015,T004,2,183000.0,0.0,Tarjeta Crédito,Tienda Física,Temporada Regular,36
V003758,3,2024-05-23,C02424,P0013,T043,3,57000.0,0.0,Efectivo,Tienda Física,Regreso A Clases,L
V001686,2,2024-11-08,C00746,P0021,T009,1,126000.0,0.0,Efectivo,Tienda Física,Temporada Regular,Xl
V002324,3,2025-01-30,C00212,P0007,T002,1,60000.0,0.0,Efectivo,Tienda Física,Temporada Regular,L
V001052,2,2023-03-02,C00637,P0018,T001,1,80000.0,0.0,Tarjeta Débito,Tienda Física,Vacaciones,L
V002842,1,2024-02-04,C00946,P0011,T008,1,132000.0,0.0,Tarjeta Crédito,Tienda Física,Temporada Regular,S
V003419,1,2025-06-26,C01421,P0025,T043,1,146000.0,0.0,Transferencia,Tienda Física,Temporada Regular,Xs
V001650,2,2024-08-24,C01626,P0007,T004,2,60000.0,0.2,Tarjeta Crédito,Tienda Física,Temporada Regular,Xl
V002735,1,2024-03-16,C01838,P0009,T012,2,124000.0,0.0,Tarjeta Crédito,Tienda Física,Temporada Regular,Xl
V003410,1,2024-08-26,C02132,P0002,T007,2,152000.0,0.0,Tarjeta Débito,Tienda Física,Día De La Madre,L
V001901,2,2024-05-02,C02022,P0012,T004,2,107000.0,0.2,Efectivo,Tienda Física,Vacaciones,S
V001980,1,2023-10-29,C00705,P0025,T035,1,134000.0,0.05,Efectivo,Tienda Física,Temporada Regular,S
V000478,1,2023-05-29,C00022,P0011,T009,2,136000.0,0.0,Tarjeta Crédito,Tienda Física,Temporada Regular,Xs
V001856,2,2023-11-12,C01042,P0008,T011,1,207000.0,0.0,Transferencia,Tienda Física,Temporada Regular,S
V000536,2,2023-08-10,C02044,P0018,T025,2,79000.0,0.0,Tarjeta Crédito,Tienda Física,Temporada De Diciembre,M
V000379,1,2024-12-18,C02539,P0011,T012,2,130000.0,0.0,Efectivo,Tienda Física,Temporada Regular,Xs
V002203,1,2023-03-30,C00233,P0002,T012,3,155000.0,0.0,Tarjeta Crédito,Tienda Física,Vacaciones,Xl
V002904,1,2023-02-04,C01710,P0016,T016,3,137000.0,0.0,Tarjeta Débito,Online,Regreso A Clases,36
V003640,1,2023-03-22,C00907,P0012,T004,3,115000.0,0.0,Tarjeta Crédito,Tienda Física,Temporada Regular,L
V003669,1,2024-08-18,C01496,P0021,T009,2,117000.0,0.3,Tarjeta Crédito,Tienda Física,Temporada Regular,L
V002200,2,2024-10-18,C02701,P0019,T012,1,73000.0,0.05,Efectivo,Tienda Física,Temporada De Diciembre,Xxl
V000633,1,2025-08-04,C00379,P0022,T009,1,197000.0,0.0,Tarjeta Crédito,Tienda Física,Temporada Regular,Xs
V002849,1,2025-01-24,C01180,P0012,T034,2,115000.0,0.0,Tarjeta Crédito,Tienda Física,Temporada Regular,S
V001352,2,2025-12-21,C00720,P0009,T024,4,121000.0,0.05,Efectivo,Tienda Física,Black Friday,L
V001775,1,2024-05-07,C02427,P0003,T002,1,170000.0,0.3,Tarjeta Débito,Tienda Física,Temporada De Diciembre,34
V003230,1,2024-08-26,C01327,P0014,T019,1,138000.0,0.3,Tarjeta Crédito,Tienda Física,Vacaciones,40
V000868,1,2023-10-18,C02097,P0001,T042,1,139000.0,0.0,Efectivo,Tienda Física,Temporada Regular,30
V003568,1,2023-07-29,C00772,P0018,T009,1,76000.0,0.0,Tarjeta Crédito,Tienda Física,Día De La Madre,Xs
V001463,1,2025-07-28,C02147,P0014,T004,1,140000.0,0.05,Tarjeta Débito,Tienda Física,Temporada De Diciembre,32
V003493,2,2023-10-04,C02157,P0017,T002,2,147000.0,0.2,Tarjeta Crédito,Online,Regreso A Clases,L
V002050,1,2023-10-30,C01309,P0006,T023,1,58000.0,0.15,Efectivo,Online,Black Friday,Xs
V002406,1,2024-08-05,C00790,P0017,T028,1,144000.0,0.0,Tarjeta Crédito,Online,Temporada Regular,L
V001678,1,2023-12-21,C00556,P0018,T007,1,73000.0,0.0,Tarjeta Crédito,Tienda Física,Black Friday,M
V000871,1,2023-12-31,C00836,P0010,T027,1,96000.0,0.0,Tarjeta Crédito,Tienda Física,Día De La Madre,38
V002839,1,2025-04-11,C00942,P0006,T007,1,58000.0,0.0,Tarjeta Débito,Tienda Física,Temporada De Diciembre,M
V002208,1,2024-11-24,C01877,P0006,T024,3,58000.0,0.1,Transferencia,Tienda Física,Temporada Regular,S
V003784,1,2025-09-11,C01365,P0010,T043,1,92000.0,0.0,Tarjeta Débito,Tienda Física,Temporada Regular,34
V001378,1,2024-08-07,C02374,P0022,T037,1,194000.0,0.0,Tarjeta Débito,Tienda Física,Temporada Regular,Xxl
V002926,2,2023-10-28,C01289,P0005,T016,3,114000.0,0.0,Efectivo,Tienda Física,Temporada De Diciembre,Xl
V000810,3,2023-11-16,C02554,P0010,T004,2,99000.0,0.0,Tarjeta Débito,Tienda Física,Vacaciones,28
V003786,1,2025-09-21,C01185,P0024,T018,2,208000.0,0.3,Tarjeta Crédito,Tienda Física,Temporada Regular,Xl
V000228,1,2025-02-09,C00952,P0022,T004,1,200000.0,0.0,Efectivo,Tienda Física,Temporada Regular,Xs
V000013,2,2024-08-10,C02030,P0007,T001,1,58000.0,0.0,Tarjeta Débito,Tienda Física,Vacaciones,Xxl
V000420,1,2024-10-13,C00003,P0025,T004,2,138000.0,0.0,Tarjeta Débito,Tienda Física,Temporada Regular,Xxl
V001694,1,2023-12-02,C02566,P0014,T026,1,145000.0,0.0,Tarjeta Crédito,Tienda Física,Temporada Regular,30
V002603,2,2024-12-09,C02455,P0011,T026,1,137000.0,0.2,Tarjeta Crédito,Tienda Física,Black Friday,L
V000113,1,2024-04-30,C02407,P0015,T004,1,168000.0,0.15,Tarjeta Débito,Online,Vacaciones,30
V001675,1,2024-08-07,C02157,P0020,T013,1,76000.0,0.0,Tarjeta Débito,Tienda Física,Vacaciones,L
V002554,1,2025-04-14,C02064,P0022,T022,1,191000.0,0.15,Tarjeta Crédito,Tienda Física,Temporada De Diciembre,Xxl
V003732,1,2024-10-18,C02486,P0026,T028,1,141000.0,0.0,Tarjeta Crédito,Online,Temporada Regular,L
V003372,1,2024-02-03,C02155,P0012,T004,1,112000.0,0.0,Tarjeta Crédito,Tienda Física,Vacaciones,L
V001774,1,2023-07-11,C02415,P0008,T012,3,211000.0,0.0,Efectivo,Tienda Física,Temporada Regular,Xs
V003127,2,2023-07-14,C02466,P0002,T017,1,154000.0,0.0,Efectivo,Tienda Física,Temporada Regular,Xxl
V002543,2,2025-08-02,C00285,P0007,T017,2,62000.0,0.05,Transferencia,Tienda Física,Temporada Regular,S
V003079,2,2023-11-29,C02657,P0022,T002,1,193000.0,0.0,Transferencia,Online,Temporada Regular,Xxl
V000991,1,2025-11-01,C00986,P0014,T041,3,143000.0,0.0,Tarjeta Crédito,Tienda Física,Vacaciones,36
V000111,1,2023-04-15,C00234,P0004,T027,4,173000.0,0.0,Transferencia,Online,Temporada Regular,28
V002026,2,2024-07-22,C00319,P0010,T011,1,92000.0,0.0,Tarjeta Crédito,Tienda Física,Vacaciones,36
V002725,1,2025-07-12,C01398,P0025,T010,1,143000.0,0.15,Tarjeta Crédito,Tienda Física,Temporada Regular,S
V001725,1,2024-04-21,C02725,P0005,T041,1,116000.0,0.05,Tarjeta Crédito,Tienda Física,Temporada Regular,S
V000783,1,2025-06-10,C00750,P0007,T025,3,59000.0,0.0,Efectivo,Tienda Física,Temporada Regular,Xxl
V000741,1,2024-07-10,C01376,P0016,T011,1,138000.0,0.0,Tarjeta Débito,Tienda Física,Temporada Regular,34
V001712,1,2023-03-09,C02524,P0003,T039,1,175000.0,0.0,Tarjeta Crédito,Tienda Física,Temporada Regular,30
V001137,1,2023-09-04,C00820,P0022,T003,3,192000.0,0.2,Tarjeta Crédito,Tienda Física,Temporada Regular,L
V000619,1,2025-04-11,C00595,P0022,T041,3,199000.0,0.0,Transferencia,Online,Temporada Regular,L
V001619,1,2025-04-17,C01941,P0004,T021,1,171000.0,0.15,Tarjeta Crédito,Tienda Física,Temporada De Diciembre,36
V002060,2,2024-10-20,C00719,P0006,T004,4,58000.0,0.0,Tarjeta Débito,Tienda Física,Temporada Regular,L
V001432,1,2024-12-12,C02011,P0001,T039,2,137000.0,0.0,Efectivo,Tienda Física,Temporada De Diciembre,32
V000453,1,2025-10-11,C02497,P0026,T009,3,137000.0,0.0,Efectivo,Tienda Física,Día Del Padre,M
V002522,1,2024-09-11,C02702,P0002,T009,2,155000.0,0.3,Tarjeta Crédito,Tienda Física,Vacaciones,Xs
V003545,3,2025-07-23,C02448,P0009,T008,1,130000.0,0.0,Tarjeta Débito,Tienda Física,Temporada Regular,Xs
V001202,1,2023-12-05,C00618,P0025,T002,1,146000.0,0.0,Transferencia,Tienda Física,Día De La Madre,Xs
V002534,1,2025-12-05,C01322,P0022,T015,1,210000.0,0.0,Efectivo,Tienda Física,Temporada Regular,S
V002230,2,2025-08-27,C01729,P0019,T035,3,69000.0,0.0,Tarjeta Crédito,Tienda Física,Día Del Padre,Xl
V002664,1,2023-11-14,C00490,P0025,T020,1,143000.0,0.0,Tarjeta Débito,Tienda Física,Vacaciones,Xxl
V002814,2,2024-01-15,C00990,P0025,T038,1,143000.0,0.3,Tarjeta Crédito,Tienda Física,Temporada Regular,S
V002132,1,2023-06-03,C02514,P0026,T004,1,135000.0,0.15,Efectivo,Tienda Física,Temporada Regular,Xxl
V003042,2,2025-01-20,C01188,P0003,T025,1,172000.0,0.0,Tarjeta Crédito,Tienda Física,Día De La Madre,38
V002682,1,2024-09-04,C02425,P0011,T015,3,134000.0,0.0,Efectivo,Tienda Física,Temporada Regular,Xl
V000696,1,2023-08-21,C01788,P0003,T030,1,172000.0,0.2,Tarjeta Crédito,Tienda Física,Temporada Regular,40
V002541,1,2023-01-04,C02075,P0015,T004,1,169000.0,0.0,Tarjeta Crédito,Tienda Física,Black Friday,30
V002692,1,2024-12-07,C01493,P0023,T004,2,78000.0,0.1,Efectivo,Tienda Física,Día De La Madre,M
V000201,1,2025-01-17,C01381,P0012,T004,1,113000.0,0.3,Tarjeta Crédito,Tienda Física,Vacaciones,Xxl
V000169,1,2024-07-09,C01016,P0004,T013,1,178000.0,0.1,Tarjeta Débito,Tienda Física,Temporada De Diciembre,36
V000161,2,2024-04-10,C01015,P0018,T012,1,75000.0,0.4,Tarjeta Débito,Tienda Física,Temporada Regular,L
V001555,2,2025-08-22,C02638,P0020,T042,4,76000.0,0.0,Tarjeta Débito,Tienda Física,Día Del Padre,S
V003684,3,2023-04-10,C02657,P0005,T037,3,111000.0,0.15,Tarjeta Débito,Tienda Física,Vacaciones,S
V001033,1,2024-11-21,C01715,P0017,T001,3,140000.0,0.0,Transferencia,Online,Temporada Regular,M
V002280,1,2023-07-25,C00478,P0021,T014,2,117000.0,0.15,Tarjeta Crédito,Tienda Física,Temporada Regular,Xs
V001403,1,2025-03-17,C02259,P0009,T017,2,121000.0,0.0,Tarjeta Crédito,Tienda Física,Temporada De Diciembre,M
V002931,2,2025-06-26,C01529,P0021,T004,1,120000.0,0.0,Tarjeta Crédito,Tienda Física,Temporada Regular,S
V001318,1,2023-02-24,C01023,P0011,T016,1,131000.0,0.0,Efectivo,Online,Vacaciones,Xs
V000907,2,2023-01-09,C01617,P0015,T028,1,174000.0,0.0,Transferencia,Online,Regreso A Clases,30
V001484,1,2024-02-06,C00539,P0015,T022,2,174000.0,0.0,Tarjeta Crédito,Online,Temporada Regular,34
V001812,3,2023-12-23,C01663,P0012,T029,1,113000.0,0.0,Tarjeta Débito,Tienda Física,Black Friday,Xl
V002247,1,2025-06-02,C01762,P0012,T016,3,113000.0,0.0,Tarjeta Débito,Tienda Física,Temporada Regular,L
V001341,1,2024-11-25,C00033,P0022,T030,1,210000.0,0.0,Tarjeta Crédito,Tienda Física,Regreso A Clases,Xxl
V000078,2,2025-11-25,C02344,P0010,T004,2,98000.0,0.0,Efectivo,Tienda Física,Temporada Regular,32
V003458,1,2025-04-17,C00309,P0006,T034,3,58000.0,0.1,Tarjeta Crédito,Tienda Física,Temporada Regular,L
V000199,1,2025-01-27,C00241,P0012,T042,1,114000.0,0.0,Efectivo,Tienda Física,Temporada Regular,Xs
V002418,1,2023-11-24,C01641,P0016,T037,1,134000.0,0.0,Tarjeta Crédito,Tienda Física,Temporada Regular,34
V003598,2,2023-07-06,C00349,P0002,T009,4,155000.0,0.0,Tarjeta Crédito,Tienda Física,Black Friday,L
V000365,1,2024-09-04,C00084,P0012,T002,1,109000.0,0.0,Tarjeta Débito,Tienda Física,Temporada Regular,Xs
V003212,1,2023-12-04,C00707,P0009,T004,1,122000.0,0.0,Tarjeta Crédito,Tienda Física,Vacaciones,Xxl
V000035,1,2024-07-18,C00246,P0019,T003,1,69000.0,0.0,Efectivo,Tienda Física,Temporada Regular,M
V003632,3,2024-10-16,C01833,P0014,T037,1,137000.0,0.0,Efectivo,Tienda Física,Día Del Padre,40
V002105,1,2023-10-17,C01150,P0023,T026,1,81000.0,0.15,Tarjeta Débito,Tienda Física,Día Del Padre,Xxl
V001919,1,2023-02-18,C00066,P0026,T025,1,132000.0,0.0,Tarjeta Débito,Tienda Física,Temporada Regular,Xs
V001811,1,2025-02-18,C00478,P0008,T032,1,227000.0,0.0,Tarjeta Crédito,Tienda Física,Temporada Regular,Xxl
V002721,1,2025-07-11,C00204,P0001,T004,1,141000.0,0.3,Efectivo,Online,Regreso A Clases,28
V000775,1,2024-12-02,C01820,P0011,T035,1,130000.0,0.0,Tarjeta Débito,Online,Vacaciones,M
V003551,2,2025-02-23,C00487,P0019,T016,1,74000.0,0.0,Tarjeta Débito,Tienda Física,Temporada Regular,Xxl
V002815,2,2023-09-18,C01119,P0019,T040,3,75000.0,0.0,Efectivo,Tienda Física,Temporada De Diciembre,M
V002989,1,2025-10-18,C00682,P0014,T009,2,136000.0,0.05,Tarjeta Débito,Online,Temporada Regular,30
V001800,1,2024-07-06,C00695,P0026,T042,3,129000.0,0.3,Efectivo,Tienda Física,Día De La Madre,Xl
V000634,1,2025-02-11,C01309,P0006,T004,1,58000.0,0.0,Tarjeta Débito,Tienda Física,Temporada Regular,L
V000521,2,2025-09-20,C00517,P0002,T004,2,152000.0,0.15,Efectivo,Tienda Física,Temporada Regular,Xl
V003030,1,2023-09-28,C00734,P0005,T004,1,114000.0,0.0,Tarjeta Débito,Tienda Física,Regreso A Clases,S
V002021,1,2023-01-10,C00703,P0025,T032,1,139000.0,0.0,Tarjeta Crédito,Tienda Física,Temporada Regular,Xxl
V001535,1,2024-11-11,C02291,P0017,T005,1,148000.0,0.0,Tarjeta Débito,Tienda Física,Vacaciones,Xxl
V003454,1,2025-05-15,C01979,P0011,T042,1,138000.0,0.0,Tarjeta Crédito,Tienda Física,Temporada Regular,Xs
V001449,1,2024-10-10,C00413,P0020,T009,1,74000.0,0.0,Tarjeta Débito,Tienda Física,Día De La Madre,M
V000079,1,2023-05-08,C01198,P0008,T010,2,208000.0,0.0,Tarjeta Crédito,Tienda Física,Día De La Madre,Xxl
V001861,2,2025-11-16,C00161,P0021,T001,2,123000.0,0.1,Tarjeta Crédito,Tienda Física,Regreso A Clases,M
V000067,1,2025-10-12,C01742,P0005,T006,2,110000.0,0.1,Tarjeta Crédito,Tienda Física,Temporada De Diciembre,Xs
V001105,1,2025-05-05,C01715,P0026,T029,1,130000.0,0.2,Tarjeta Débito,Tienda Física,Temporada Regular,Xs
V000153,1,2025-07-23,C00547,P0011,T039,1,135000.0,0.0,Tarjeta Crédito,Tienda Física,Temporada Regular,Xs
V000516,1,2023-11-10,C02463,P0022,T038,2,206000.0,0.0,Tarjeta Crédito,Tienda Física,Temporada Regular,Xxl
V001736,1,2025-07-19,C00772,P0020,T004,1,74000.0,0.15,Tarjeta Débito,Tienda Física,Temporada Regular,Xl
V001831,2,2024-04-20,C02058,P0003,T034,1,174000.0,0.0,Tarjeta Débito,Tienda Física,Black Friday,40
V001005,2,2024-10-07,C00288,P0012,T032,4,109000.0,0.0,Efectivo,Tienda Física,Temporada Regular,Xs
V001611,3,2023-07-08,C01258,P0009,T011,2,123000.0,0.1,Tarjeta Crédito,Tienda Física,Temporada Regular,Xl
V001305,1,2025-03-23,C02297,P0011,T018,1,127000.0,0.0,Tarjeta Crédito,Online,Temporada De Diciembre,L
V002604,3,2024-06-01,C01873,P0007,T011,2,60000.0,0.0,Tarjeta Crédito,Tienda Física,Temporada Regular,S
V003652,1,2025-03-22,C02113,P0021,T007,1,125000.0,0.1,Tarjeta Débito,Tienda Física,Vacaciones,Xs
V003310,2,2023-03-18,C01186,P0018,T038,2,79000.0,0.0,Tarjeta Crédito,Tienda Física,Día De La Madre,S
V002820,2,2025-08-10,C01032,P0024,T004,4,222000.0,0.0,Tarjeta Crédito,Tienda Física,Temporada Regular,L
V001616,1,2025-06-29,C01269,P0005,T009,2,114000.0,0.0,Efectivo,Tienda Física,Temporada Regular,Xs
V003071,1,2024-12-23,C01319,P0011,T031,1,134000.0,0.15,Tarjeta Débito,Tienda Física,Temporada Regular,S
V003081,1,2023-01-20,C00513,P0025,T009,2,134000.0,0.0,Efectivo,Tienda Física,Día Del Padre,Xl
V000886,1,2024-12-23,C02444,P0021,T022,1,125000.0,0.0,Tarjeta Crédito,Tienda Física,Temporada De Diciembre,M
V000086,1,2023-10-08,C02434,P0022,T004,2,208000.0,0.0,Tarjeta Crédito,Tienda Física,Temporada Regular,S
V001671,1,2024-04-25,C00012,P0001,T016,3,139000.0,0.0,Tarjeta Débito,Tienda Física,Temporada Regular,40
V000448,1,2023-02-23,C02658,P0001,T008,1,139000.0,0.4,Transferencia,Tienda Física,Temporada Regular,34
V001599,1,2025-09-08,C01522,P0007,T003,2,58000.0,0.1,Efectivo,Tienda Física,Temporada Regular,S
V000289,2,2025-01-30,C02689,P0007,T004,2,61000.0,0.4,Tarjeta Crédito,Tienda Física,Regreso A Clases,L
V000209,2,2024-06-12,C01521,P0013,T003,1,56000.0,0.0,Tarjeta Crédito,Tienda Física,Temporada Regular,Xl
V003539,2,2024-04-14,C00400,P0003,T033,2,181000.0,0.1,Tarjeta Crédito,Tienda Física,Temporada Regular,36
V003257,1,2025-08-31,C00951,P0005,T001,3,111000.0,0.15,Transferencia,Tienda Física,Vacaciones,M
V003064,1,2024-10-27,C00234,P0020,T012,1,75000.0,0.0,Tarjeta Crédito,Tienda Física,Día De La Madre,Xl
V000180,3,2023-03-01,C01822,P0009,T004,2,122000.0,0.0,Tarjeta Débito,Online,Día Del Padre,M
V000292,1,2025-01-06,C02477,P0024,T016,3,221000.0,0.0,Tarjeta Débito,Tienda Física,Black Friday,Xs
V003180,1,2024-04-26,C02528,P0019,T009,1,74000.0,0.0,Tarjeta Crédito,Tienda Física,Temporada Regular,Xs
V003150,1,2025-06-16,C02743,P0012,T007,1,113000.0,0.0,Tarjeta Débito,Tienda Física,Temporada Regular,L
V001133,2,2025-08-26,C01555,P0011,T043,2,131000.0,0.0,Tarjeta Crédito,Tienda Física,Regreso A Clases,Xl
V003708,2,2024-11-05,C01162,P0003,T035,1,171000.0,0.0,Tarjeta Débito,Tienda Física,Día Del Padre,30
V001243,1,2023-02-07,C01096,P0024,T037,4,208000.0,0.3,Tarjeta Crédito,Tienda Física,Temporada Regular,Xxl
V001042,1,2024-11-26,C02199,P0021,T004,1,119000.0,0.0,Tarjeta Crédito,Tienda Física,Temporada Regular,Xl
V002408,1,2023-08-17,C01097,P0011,T016,2,132000.0,0.15,Tarjeta Débito,Tienda Física,Temporada Regular,Xs
V003080,2,2025-10-22,C00127,P0007,T042,2,59000.0,0.0,Transferencia,Tienda Física,Día Del Padre,M
V003523,1,2025-10-06,C00489,P0008,T019,2,226000.0,0.0,Efectivo,Tienda Física,Temporada Regular,L
V002300,1,2023-05-19,C01391,P0014,T011,1,135000.0,0.0,Tarjeta Crédito,Tienda Física,Temporada Regular,38
V001372,3,2024-03-02,C01777,P0024,T037,3,224000.0,0.0,Efectivo,Tienda Física,Black Friday,Xs
V003653,1,2024-10-14,C01637,P0012,T039,4,106000.0,0.2,Tarjeta Débito,Tienda Física,Temporada Regular,S
V003123,1,2025-10-14,C02333,P0008,T022,2,221000.0,0.0,Efectivo,Tienda Física,Día De La Madre,Xl
V001686,1,2024-11-08,C00746,P0025,T009,1,135000.0,0.0,Efectivo,Tienda Física,Temporada Regular,L
V003016,2,2025-09-25,C02406,P0003,T016,3,185000.0,0.0,Tarjeta Crédito,Tienda Física,Temporada Regular,28
V001013,2,2024-05-04,C00550,P0025,T004,1,146000.0,0.0,Tarjeta Débito,Tienda Física,Vacaciones,L
V000005,3,2024-02-03,C00968,P0006,T017,4,59000.0,0.1,Tarjeta Crédito,Tienda Física,Temporada Regular,Xs
V000755,1,2023-07-19,C00052,P0026,T043,2,130000.0,0.0,Tarjeta Débito,Tienda Física,Vacaciones,S
V002560,2,2023-03-07,C01589,P0012,T025,4,109000.0,0.1,Tarjeta Crédito,Tienda Física,Temporada Regular,Xl
V002132,2,2023-06-03,C02514,P0007,T004,4,60000.0,0.2,Efectivo,Tienda Física,Temporada Regular,Xl
V001170,3,2025-10-04,C00188,P0023,T011,4,81000.0,0.15,Tarjeta Débito,Tienda Física,Temporada Regular,Xxl
V001869,2,2023-05-11,C01571,P0023,T001,4,79000.0,0.0,Efectivo,Tienda Física,Temporada Regular,Xxl
V002471,1,2024-03-19,C00730,P0015,T018,3,184000.0,0.0,Tarjeta Crédito,Online,Temporada Regular,34
V000581,3,2025-05-05,C02346,P0012,T004,1,107000.0,0.0,Tarjeta Crédito,Tienda Física,Vacaciones,Xxl
V003020,1,2025-06-02,C00826,P0011,T005,3,132000.0,0.0,Tarjeta Crédito,Tienda Física,Temporada Regular,Xs
V002218,2,2023-08-19,C01959,P0026,T010,1,131000.0,0.0,Tarjeta Crédito,Tienda Física,Temporada Regular,Xl
V003042,1,2025-01-20,C01188,P0024,T025,3,214000.0,0.0,Tarjeta Crédito,Tienda Física,Día De La Madre,M
V002756,2,2025-11-17,C01759,P0014,T017,1,133000.0,0.0,Tarjeta Débito,Tienda Física,Temporada Regular,34
V003355,3,2024-10-27,C01396,P0009,T012,4,123000.0,0.2,Tarjeta Crédito,Tienda Física,Temporada Regular,Xs
V001810,1,2024-02-11,C02209,P0022,T032,2,192000.0,0.1,Transferencia,Tienda Física,Vacaciones,Xl
V001461,1,2024-06-05,C01310,P0004,T004,1,173000.0,0.0,Efectivo,Tienda Física,Temporada Regular,38
V002866,2,2023-12-27,C01886,P0009,T004,3,125000.0,0.0,Tarjeta Crédito,Online,Temporada Regular,L
V001925,1,2025-12-22,C00376,P0010,T007,4,92000.0,0.0,Efectivo,Tienda Física,Temporada Regular,40
V002073,1,2023-12-16,C01524,P0010,T017,1,94000.0,0.0,Tarjeta Crédito,Tienda Física,Temporada Regular,32
V000409,2,2023-08-19,C01995,P0022,T042,1,193000.0,0.0,Tarjeta Débito,Online,Temporada Regular,Xs
V001533,1,2023-04-28,C02414,P0006,T004,1,58000.0,0.05,Tarjeta Crédito,Tienda Física,Regreso A Clases,S
V000525,1,2023-04-13,C01348,P0022,T016,2,192000.0,0.0,Tarjeta Crédito,Tienda Física,Día De La Madre,L
V002984,2,2025-05-31,C01872,P0020,T034,3,79000.0,0.0,Tarjeta Crédito,Online,Temporada Regular,Xs
V000238,1,2023-03-17,C00283,P0022,T043,3,199000.0,0.0,Efectivo,Tienda Física,Regreso A Clases,Xs
V003060,1,2023-09-28,C00190,P0003,T029,1,185000.0,0.0,Transferencia,Tienda Física,Black Friday,38
V000908,2,2024-12-07,C00701,P0004,T016,1,167000.0,0.0,Tarjeta Débito,Tienda Física,Temporada Regular,40
V002332,1,2024-08-04,C01935,P0006,T012,1,54000.0,0.4,Tarjeta Crédito,Tienda Física,Temporada Regular,S
V003284,1,2024-08-12,C02399,P0024,T041,2,218000.0,0.0,Tarjeta Débito,Tienda Física,Temporada Regular,L
V000151,1,2023-02-19,C01924,P0008,T022,2,216000.0,0.0,Tarjeta Crédito,Tienda Física,Vacaciones,S
V002482,2,2024-01-31,C00071,P0005,T032,1,114000.0,0.05,Transferencia,Tienda Física,Temporada Regular,L
V003528,1,2024-07-06,C02051,P0018,T004,3,78000.0,0.0,Efectivo,Tienda Física,Temporada Regular,Xl
V001970,1,2025-09-14,C00074,P0006,T017,1,56000.0,0.0,Tarjeta Crédito,Tienda Física,Temporada Regular,Xs
V002129,2,2023-03-05,C01978,P0003,T002,2,172000.0,0.0,Tarjeta Débito,Tienda Física,Temporada Regular,28
V002293,2,2025-04-13,C00937,P0002,T016,4,153000.0,0.0,Tarjeta Débito,Tienda Física,Black Friday,Xl
V003139,3,2023-07-03,C02752,P0018,T002,1,79000.0,0.0,Transferencia,Tienda Física,Temporada De Diciembre,Xxl
V000393,2,2024-10-14,C02646,P0014,T009,2,143000.0,0.0,Tarjeta Crédito,Tienda Física,Vacaciones,28
V001922,1,2023-07-20,C01795,P0020,T029,4,77000.0,0.1,Efectivo,Tienda Física,Temporada Regular,Xs
V003626,1,2023-10-04,C01456,P0026,T039,1,137000.0,0.0,Tarjeta Débito,Tienda Física,Temporada Regular,Xs
V003108,2,2024-03-20,C02052,P0010,T004,4,90000.0,0.05,Tarjeta Débito,Tienda Física,Vacaciones,34
V002150,1,2024-10-12,C00950,P0026,T012,2,140000.0,0.0,Tarjeta Débito,Tienda Física,Temporada Regular,S
V001793,1,2025-09-12,C00856,P0022,T020,1,204000.0,0.0,Tarjeta Crédito,Tienda Física,Temporada Regular,Xl
V001892,1,2024-04-10,C01244,P0006,T003,2,53000.0,0.15,Efectivo,Tienda Física,Temporada Regular,Xs
V000059,1,2024-09-16,C01103,P0024,T004,1,223000.0,0.0,Tarjeta Crédito,Tienda Física,Temporada Regular,Xxl
V001954,2,2025-10-08,C02128,P0016,T041,1,141000.0,0.0,Transferencia,Tienda Física,Temporada Regular,38
V001704,1,2025-01-14,C02401,P0007,T018,2,62000.0,0.05,Tarjeta Crédito,Tienda Física,Día Del Padre,S
V002288,2,2023-03-28,C01184,P0014,T006,1,133000.0,0.3,Efectivo,Online,Temporada Regular,38
V003102,3,2025-12-27,C01263,P0002,T043,2,151000.0,0.05,Tarjeta Crédito,Tienda Física,Regreso A Clases,Xs
V001803,1,2025-10-02,C00884,P0021,T023,1,123000.0,0.0,Efectivo,Online,Temporada Regular,Xl
V001651,1,2024-07-16,C01099,P0021,T023,1,124000.0,0.15,Tarjeta Crédito,Online,Temporada Regular,Xl
V002788,1,2023-12-24,C01455,P0013,T009,1,56000.0,0.0,Tarjeta Crédito,Tienda Física,Temporada Regular,M
V001462,2,2024-10-03,C01654,P0020,T018,1,73000.0,0.3,Tarjeta Crédito,Tienda Física,Temporada Regular,L
V001645,2,2024-04-26,C01448,P0011,T004,1,135000.0,0.05,Tarjeta Crédito,Tienda Física,Temporada Regular,Xs
V002934,1,2023-08-23,C01207,P0025,T043,1,143000.0,0.15,Tarjeta Débito,Tienda Física,Black Friday,S
V002846,2,2023-09-16,C01987,P0002,T030,1,163000.0,0.0,Efectivo,Tienda Física,Temporada Regular,Xl
V003028,2,2023-08-24,C01316,P0005,T034,1,118000.0,0.0,Efectivo,Tienda Física,Temporada Regular,L
V000221,1,2023-10-24,C01050,P0020,T026,1,79000.0,0.0,Tarjeta Crédito,Tienda Física,Temporada De Diciembre,Sin Talla
V000610,1,2024-07-15,C02692,P0020,T002,2,80000.0,0.0,Efectivo,Tienda Física,Temporada Regular,S
V000158,3,2023-01-11,C02145,P0023,T004,1,77000.0,0.0,Tarjeta Débito,Tienda Física,Temporada Regular,Xl
V003467,2,2024-12-12,C00782,P0020,T038,2,76000.0,0.0,Tarjeta Débito,Tienda Física,Temporada De Diciembre,Sin Talla
V001506,1,2025-04-30,C00304,P0016,T037,1,145000.0,0.0,Tarjeta Crédito,Tienda Física,Temporada Regular,30
V002738,1,2024-01-19,C00741,P0008,T004,4,208000.0,0.0,Tarjeta Crédito,Tienda Física,Temporada Regular,Sin Talla
V000147,3,2025-10-25,C02467,P0017,T018,3,142000.0,0.05,Tarjeta Débito,Tienda Física,Temporada Regular,Xs
V003765,1,2025-10-14,C00889,P0012,T031,4,112000.0,0.0,Tarjeta Débito,Online,Día De La Madre,S
V002482,1,2024-01-31,C00071,P0008,T032,1,205000.0,0.2,Transferencia,Tienda Física,Temporada Regular,Xl
V000141,2,2025-03-29,C00878,P0007,T004,1,63000.0,0.0,Transferencia,Tienda Física,Black Friday,Xxl
V000694,1,2025-07-08,C02377,P0003,T012,1,184000.0,0.1,Tarjeta Crédito,Tienda Física,Black Friday,36
V002381,1,2025-04-18,C00492,P0011,T004,4,132000.0,0.0,Efectivo,Tienda Física,Temporada Regular,L
V003424,1,2023-04-25,C00958,P0012,T024,4,109000.0,0.0,Efectivo,Tienda Física,Temporada Regular,S
V001532,1,2023-12-30,C02353,P0007,T007,3,61000.0,0.0,Tarjeta Débito,Tienda Física,Temporada Regular,Xl
V002444,1,2024-08-28,C02276,P0023,T032,4,81000.0,0.0,Tarjeta Débito,Online,Temporada Regular,M
V003630,2,2025-04-21,C01064,P0009,T004,3,123000.0,0.0,Tarjeta Crédito,Tienda Física,Temporada Regular,L
V001970,2,2025-09-14,C00074,P0021,T017,1,119000.0,0.2,Tarjeta Crédito,Tienda Física,Temporada Regular,M
V000941,1,2023-02-02,C00057,P0020,T023,4,77000.0,0.0,Tarjeta Crédito,Tienda Física,Día Del Padre,Xs
V003380,2,2023-06-20,C01098,P0005,T004,2,109000.0,0.0,Tarjeta Débito,Online,Temporada De Diciembre,M
V003007,2,2023-02-06,C00089,P0004,T031,4,171000.0,0.1,Transferencia,Tienda Física,Temporada Regular,32
V000120,2,2025-03-27,C00444,P0008,T004,1,224000.0,0.4,Tarjeta Crédito,Tienda Física,Temporada Regular,Xl
V001789,2,2025-03-31,C00803,P0025,T011,1,138000.0,0.1,Efectivo,Tienda Física,Temporada Regular,L
V002028,1,2025-11-30,C01184,P0005,T013,3,116000.0,0.4,Tarjeta Crédito,Tienda Física,Temporada De Diciembre,L
V003119,1,2025-09-20,C02647,P0011,T030,1,134000.0,0.0,Efectivo,Tienda Física,Temporada Regular,S
V003767,1,2024-09-13,C01802,P0015,T004,1,179000.0,0.0,Efectivo,Tienda Física,Temporada Regular,28
V001428,2,2024-09-16,C02613,P0015,T038,1,169000.0,0.05,Efectivo,Tienda Física,Vacaciones,38
V001006,2,2025-12-30,C01178,P0002,T026,1,151000.0,0.0,Tarjeta Crédito,Tienda Física,Temporada Regular,M
V001112,1,2024-12-11,C02586,P0005,T021,4,114000.0,0.0,Transferencia,Tienda Física,Temporada Regular,L
V003271,1,2024-05-15,C00365,P0016,T041,1,139000.0,0.0,Tarjeta Débito,Online,Día Del Padre,40
V002940,1,2025-05-20,C02201,P0004,T004,1,167000.0,0.05,Tarjeta Débito,Tienda Física,Temporada Regular,34
V002897,3,2024-06-29,C02232,P0009,T004,1,126000.0,0.0,Efectivo,Tienda Física,Temporada Regular,Xxl
V003201,1,2025-02-25,C00267,P0019,T004,1,71000.0,0.05,Tarjeta Crédito,Tienda Física,Temporada Regular,S
V001549,1,2023-01-09,C00975,P0013,T024,3,55000.0,0.0,Tarjeta Débito,Tienda Física,Temporada Regular,Xxl
V000721,1,2023-12-11,C02055,P0019,T028,2,70000.0,0.1,Tarjeta Débito,Tienda Física,Temporada Regular,Xl
V003719,1,2023-09-25,C00315,P0008,T009,2,208000.0,0.0,Transferencia,Tienda Física,Día Del Padre,Xxl
V001728,1,2024-04-01,C02306,P0020,T017,1,77000.0,0.4,Tarjeta Débito,Tienda Física,Temporada Regular,Xxl
V001580,2,2023-05-29,C00746,P0022,T034,4,195000.0,0.0,Tarjeta Crédito,Tienda Física,Regreso A Clases,M
V001952,1,2025-08-27,C00870,P0005,T004,1,114000.0,0.0,Tarjeta Crédito,Tienda Física,Día De La Madre,L
V002359,1,2023-01-24,C02123,P0005,T004,2,108000.0,0.0,Efectivo,Tienda Física,Temporada De Diciembre,Xs
V003367,1,2024-03-16,C02288,P0024,T001,2,223000.0,0.0,Tarjeta Crédito,Tienda Física,Temporada Regular,Xs
V002234,2,2025-03-13,C00733,P0004,T030,1,180000.0,0.2,Tarjeta Crédito,Tienda Física,Temporada Regular,34
V003215,1,2023-09-30,C02771,P0010,T006,1,92000.0,0.1,Efectivo,Tienda Física,Temporada Regular,36
V000779,1,2023-06-13,C00457,P0011,T027,1,128000.0,0.0,Tarjeta Crédito,Tienda Física,Vacaciones,S
V003068,1,2024-08-04,C01479,P0002,T034,1,163000.0,0.3,Tarjeta Crédito,Tienda Física,Día De La Madre,S
V000674,1,2025-03-28,C00115,P0026,T005,4,134000.0,0.0,Tarjeta Crédito,Tienda Física,Vacaciones,Xl
V001266,1,2024-03-13,C00026,P0005,T035,2,118000.0,0.0,Efectivo,Tienda Física,Temporada Regular,Xl
V001320,1,2023-01-02,C02627,P0004,T030,4,166000.0,0.0,Tarjeta Crédito,Tienda Física,Temporada Regular,28
V001178,1,2025-11-22,C01471,P0006,T009,1,56000.0,0.0,Efectivo,Tienda Física,Día Del Padre,Xxl
V002774,1,2025-08-30,C00974,P0013,T013,3,55000.0,0.0,Tarjeta Débito,Tienda Física,Temporada Regular,Xxl
V002539,3,2025-11-17,C02669,P0002,T001,1,159000.0,0.1,Efectivo,Tienda Física,Temporada De Diciembre,Xxl
V001997,1,2024-06-15,C01571,P0022,T032,1,207000.0,0.3,Tarjeta Débito,Tienda Física,Black Friday,Xxl
V001442,1,2024-12-27,C00594,P0002,T015,2,156000.0,0.3,Tarjeta Crédito,Tienda Física,Temporada Regular,Xs
V002907,2,2024-07-27,C00328,P0008,T032,1,226000.0,0.05,Tarjeta Débito,Tienda Física,Día De La Madre,L
V000472,1,2025-01-24,C00464,P0009,T037,2,123000.0,0.0,Efectivo,Tienda Física,Temporada Regular,S
V003242,2,2024-10-26,C00036,P0002,T035,2,149000.0,0.0,Tarjeta Crédito,Online,Temporada Regular,Xs
V001462,1,2024-10-03,C01654,P0017,T018,4,149000.0,0.0,Tarjeta Crédito,Tienda Física,Temporada Regular,L
V001644,1,2023-04-29,C00875,P0003,T003,2,179000.0,0.0,Tarjeta Crédito,Tienda Física,Temporada Regular,34
V002007,1,2024-09-16,C01000,P0026,T029,2,137000.0,0.15,Efectivo,Tienda Física,Vacaciones,M
V003059,1,2023-10-28,C02120,P0003,T004,4,172000.0,0.0,Efectivo,Tienda Física,Temporada Regular,40
V003526,1,2024-10-31,C02280,P0012,T022,1,106000.0,0.05,Tarjeta Crédito,Tienda Física,Temporada Regular,Xl
V001279,1,2024-11-15,C02009,P0015,T028,2,167000.0,0.0,Tarjeta Crédito,Online,Temporada Regular,38
V002121,1,2023-10-18,C00041,P0011,T041,2,140000.0,0.05,Tarjeta Débito,Online,Temporada Regular,Xl
V001160,1,2024-09-13,C02175,P0001,T004,3,149000.0,0.3,Tarjeta Crédito,Online,Temporada Regular,34
V002743,2,2023-04-07,C01728,P0025,T004,2,142000.0,0.0,Efectivo,Online,Temporada Regular,L
V001555,1,2025-08-22,C02638,P0026,T042,2,140000.0,0.0,Tarjeta Débito,Tienda Física,Día Del Padre,S
V003117,1,2023-10-20,C01731,P0012,T014,3,115000.0,0.0,Transferencia,Tienda Física,Black Friday,Xs
V001258,2,2025-10-18,C01086,P0019,T013,4,70000.0,0.05,Efectivo,Tienda Física,Temporada Regular,Xl
V000582,1,2024-08-05,C00925,P0006,T023,1,56000.0,0.1,Efectivo,Tienda Física,Black Friday,M
V001485,1,2025-02-06,C02420,P0023,T016,4,75000.0,0.05,Efectivo,Tienda Física,Temporada Regular,Xl
V000615,1,2023-04-02,C01203,P0006,T004,4,54000.0,0.05,Efectivo,Online,Vacaciones,Xl
V000572,1,2024-12-18,C00427,P0021,T041,2,120000.0,0.0,Tarjeta Débito,Tienda Física,Día Del Padre,M
V000548,2,2024-12-04,C02258,P0014,T006,3,137000.0,0.0,Tarjeta Débito,Online,Vacaciones,32
V003243,2,2025-03-06,C02210,P0009,T037,1,130000.0,0.0,Tarjeta Débito,Tienda Física,Regreso A Clases,Xs
V002236,1,2025-04-03,C01679,P0020,T038,1,81000.0,0.05,Transferencia,Tienda Física,Vacaciones,S
V002998,1,2024-05-25,C02746,P0025,T036,2,140000.0,0.1,Efectivo,Tienda Física,Día Del Padre,Xxl
V000556,1,2024-03-25,C00690,P0010,T002,2,91000.0,0.0,Tarjeta Débito,Tienda Física,Temporada Regular,34
V000941,2,2023-02-02,C00057,P0012,T023,1,114000.0,0.0,Tarjeta Crédito,Tienda Física,Día Del Padre,S
V000267,1,2024-12-06,C00802,P0008,T013,3,207000.0,0.15,Tarjeta Crédito,Tienda Física,Temporada Regular,Xs
V002156,1,2024-01-17,C00374,P0019,T018,3,69000.0,0.0,Tarjeta Débito,Tienda Física,Temporada Regular,L
V000578,1,2024-06-12,C01152,P0022,T008,4,195000.0,0.1,Transferencia,Tienda Física,Temporada Regular,Xl
V001399,1,2024-06-19,C01846,P0004,T004,4,168000.0,0.0,Tarjeta Crédito,Tienda Física,Temporada Regular,32
V002656,1,2024-02-25,C01907,P0004,T023,2,173000.0,0.15,Tarjeta Crédito,Tienda Física,Temporada Regular,28
V000916,1,2024-07-13,C02022,P0015,T012,1,183000.0,0.1,Tarjeta Crédito,Tienda Física,Temporada Regular,28
V000526,1,2025-09-20,C02426,P0019,T042,4,72000.0,0.0,Tarjeta Crédito,Online,Temporada Regular,L
V001817,1,2024-10-25,C01199,P0026,T008,1,140000.0,0.3,Efectivo,Tienda Física,Black Friday,S
V000631,1,2025-12-22,C00095,P0005,T006,3,110000.0,0.0,Efectivo,Tienda Física,Regreso A Clases,Xs
V002361,2,2025-12-07,C02107,P0023,T009,1,80000.0,0.0,Efectivo,Tienda Física,Vacaciones,L
V002015,2,2023-09-14,C02584,P0013,T004,1,59000.0,0.0,Transferencia,Tienda Física,Vacaciones,S
V003152,1,2023-12-16,C00384,P0009,T035,1,126000.0,0.1,Tarjeta Crédito,Tienda Física,Temporada Regular,Xxl
V003562,2,2024-07-30,C01755,P0016,T009,2,133000.0,0.0,Tarjeta Crédito,Online,Día Del Padre,Sin Talla
V002254,1,2024-06-26,C00720,P0020,T004,1,76000.0,0.0,Efectivo,Tienda Física,Temporada Regular,Xl
V003496,2,2023-03-17,C01412,P0002,T004,1,162000.0,0.0,Tarjeta Crédito,Tienda Física,Temporada Regular,S
V000954,1,2023-07-01,C01582,P0018,T006,1,74000.0,0.05,Efectivo,Tienda Física,Temporada Regular,Xl
V001605,1,2023-02-07,C02143,P0018,T028,2,73000.0,0.0,Tarjeta Débito,Tienda Física,Temporada Regular,Xl
V001209,2,2025-07-10,C00021,P0004,T042,1,170000.0,0.0,Tarjeta Débito,Tienda Física,Temporada Regular,36
V003159,1,2025-04-29,C00039,P0006,T001,1,56000.0,0.0,Tarjeta Débito,Tienda Física,Regreso A Clases,L
V002388,1,2024-04-03,C02033,P0004,T004,2,180000.0,0.0,Tarjeta Crédito,Tienda Física,Vacaciones,40
V000409,1,2023-08-19,C01995,P0007,T042,1,59000.0,0.0,Tarjeta Débito,Online,Temporada Regular,Xxl
V000378,1,2024-10-15,C02075,P0017,T042,1,148000.0,0.4,Tarjeta Crédito,Tienda Física,Temporada Regular,Xl
V002143,1,2024-08-31,C02754,P0020,T013,1,80000.0,0.0,Tarjeta Crédito,Tienda Física,Temporada De Diciembre,M
V000825,2,2024-11-19,C01962,P0002,T040,2,155000.0,0.0,Tarjeta Crédito,Tienda Física,Temporada Regular,L
V003751,2,2025-10-16,C02223,P0004,T006,1,177000.0,0.0,Transferencia,Tienda Física,Día Del Padre,38
V001104,1,2023-08-28,C01956,P0007,T004,1,58000.0,0.3,Tarjeta Crédito,Tienda Física,Temporada Regular,M
V003694,2,2024-06-10,C02051,P0007,T004,1,57000.0,0.1,Tarjeta Débito,Tienda Física,Temporada De Diciembre,L
V001910,1,2023-07-19,C01711,P0013,T033,1,55000.0,0.0,Efectivo,Tienda Física,Temporada De Diciembre,M
V001149,1,2023-07-28,C00772,P0018,T005,2,73000.0,0.0,Transferencia,Tienda Física,Temporada Regular,Xxl
V002220,1,2025-04-25,C00466,P0022,T021,1,196000.0,0.1,Tarjeta Crédito,Tienda Física,Temporada Regular,S
V001656,1,2025-04-16,C01898,P0015,T028,1,180000.0,0.0,Tarjeta Débito,Tienda Física,Temporada Regular,36
V003574,1,2023-02-16,C02438,P0003,T043,1,183000.0,0.0,Transferencia,Tienda Física,Temporada Regular,38
V003368,1,2024-12-21,C00222,P0013,T013,1,58000.0,0.0,Tarjeta Crédito,Tienda Física,Temporada Regular,Xxl
V001336,1,2023-06-19,C01365,P0008,T028,2,226000.0,0.1,Transferencia,Online,Temporada Regular,L
V001151,1,2024-11-10,C01924,P0003,T004,4,170000.0,0.0,Tarjeta Crédito,Tienda Física,Temporada Regular,28
V000142,1,2024-04-07,C00193,P0004,T004,1,173000.0,0.0,Tarjeta Crédito,Tienda Física,Día De La Madre,28
V000579,1,2024-01-09,C00569,P0015,T009,1,167000.0,0.0,Tarjeta Crédito,Online,Temporada Regular,36
V002334,1,2024-10-03,C02253,P0021,T013,3,125000.0,0.0,Efectivo,Tienda Física,Temporada Regular,L
V003328,3,2023-09-14,C02156,P0020,T004,1,79000.0,0.0,Tarjeta Crédito,Tienda Física,Temporada Regular,M
V001948,1,2024-02-28,C01790,P0020,T013,4,74000.0,0.0,Tarjeta Crédito,Tienda Física,Día De La Madre,Xs
V001921,1,2023-08-26,C00842,P0013,T038,4,55000.0,0.0,Tarjeta Crédito,Tienda Física,Temporada Regular,Xxl
V001484,2,2024-02-06,C00539,P0006,T022,1,58000.0,0.0,Tarjeta Crédito,Online,Temporada Regular,Xl
V000932,2,2023-12-31,C00741,P0005,T016,2,114000.0,0.0,Tarjeta Crédito,Tienda Física,Temporada Regular,S
V001490,2,2025-03-14,C01973,P0023,T030,2,76000.0,0.05,Tarjeta Débito,Tienda Física,Vacaciones,Xl
V001465,1,2023-03-05,C00562,P0007,T043,4,60000.0,0.0,Tarjeta Débito,Online,Regreso A Clases,S
V002317,2,2024-09-15,C00204,P0017,T035,3,152000.0,0.1,Tarjeta Débito,Tienda Física,Temporada Regular,Xl
V003382,1,2023-01-29,C02630,P0015,T036,2,182000.0,0.0,Efectivo,Tienda Física,Temporada Regular,32
V001348,3,2024-08-24,C00198,P0010,T004,2,98000.0,0.0,Transferencia,Tienda Física,Temporada Regular,32
V001875,1,2023-01-29,C02049,P0009,T010,1,122000.0,0.0,Tarjeta Débito,Tienda Física,Temporada Regular,Xxl
V003000,1,2023-12-11,C00909,P0014,T025,1,146000.0,0.0,Tarjeta Débito,Tienda Física,Temporada Regular,30
V000678,1,2024-09-20,C01228,P0016,T020,3,138000.0,0.0,Tarjeta Crédito,Tienda Física,Temporada Regular,38
V002086,2,2023-09-06,C00423,P0021,T011,1,123000.0,0.0,Tarjeta Crédito,Tienda Física,Temporada Regular,L
V002891,1,2023-09-02,C00388,P0001,T024,3,150000.0,0.0,Tarjeta Débito,Tienda Física,Temporada Regular,28
V003529,1,2023-11-07,C00740,P0005,T018,1,117000.0,0.0,Tarjeta Débito,Tienda Física,Black Friday,M
V001748,2,2023-01-26,C01517,P0012,T010,3,112000.0,0.0,Transferencia,Tienda Física,Regreso A Clases,Xxl
V001633,1,2025-10-11,C00492,P0005,T018,3,116000.0,0.0,Tarjeta Crédito,Tienda Física,Temporada Regular,Xxl
V002789,2,2025-11-09,C00985,P0023,T016,2,76000.0,0.0,Efectivo,Tienda Física,Temporada Regular,Xl
V000895,1,2024-06-25,C01480,P0005,T041,1,112000.0,0.0,Tarjeta Crédito,Online,Black Friday,Xs
V003193,1,2023-03-13,C02265,P0024,T038,1,211000.0,0.0,Tarjeta Crédito,Tienda Física,Día De La Madre,Xl
V000334,3,2025-03-11,C01214,P0018,T007,1,73000.0,0.05,Tarjeta Crédito,Tienda Física,Temporada Regular,Xs
V002421,1,2024-01-06,C01763,P0019,T005,3,72000.0,0.0,Tarjeta Crédito,Tienda Física,Temporada Regular,Xxl
V002960,1,2023-06-29,C01968,P0021,T011,1,120000.0,0.0,Tarjeta Débito,Tienda Física,Black Friday,Xxl
V003436,1,2025-04-20,C01444,P0020,T017,4,77000.0,0.0,Tarjeta Débito,Tienda Física,Temporada Regular,Xxl
V001597,1,2025-10-27,C01080,P0010,T004,1,95000.0,0.0,Transferencia,Tienda Física,Regreso A Clases,28
V000126,3,2024-06-11,C01861,P0012,T033,1,108000.0,0.1,Transferencia,Tienda Física,Black Friday,S
V000139,1,2025-09-11,C01235,P0008,T004,1,206000.0,0.0,Tarjeta Crédito,Tienda Física,Vacaciones,Xxl
V003633,3,2023-04-08,C02127,P0007,T040,2,60000.0,0.0,Efectivo,Online,Temporada Regular,Xs
V003720,3,2023-08-13,C01716,P0017,T030,2,142000.0,0.0,Transferencia,Tienda Física,Temporada Regular,L
V002639,1,2024-11-06,C01651,P0001,T004,3,138000.0,0.0,Tarjeta Crédito,Tienda Física,Temporada Regular,32
V003407,2,2023-04-04,C00842,P0002,T017,1,158000.0,0.0,Tarjeta Crédito,Tienda Física,Temporada Regular,M
V003570,1,2025-10-28,C01424,P0014,T036,1,144000.0,0.15,Tarjeta Crédito,Tienda Física,Temporada Regular,34
V001340,2,2023-12-25,C00773,P0023,T041,2,77000.0,0.0,Efectivo,Tienda Física,Black Friday,Xs
V003444,2,2025-03-05,C02340,P0014,T007,4,135000.0,0.0,Tarjeta Crédito,Tienda Física,Día Del Padre,34
V003092,1,2025-08-17,C00091,P0013,T001,1,58000.0,0.05,Transferencia,Tienda Física,Temporada Regular,Xxl
V002903,3,2025-12-16,C01457,P0015,T026,2,177000.0,0.0,Tarjeta Débito,Tienda Física,Regreso A Clases,34
V003449,1,2025-11-26,C02487,P0019,T007,4,69000.0,0.0,Tarjeta Crédito,Tienda Física,Temporada Regular,M
V000618,1,2024-06-13,C02694,P0011,T002,4,138000.0,0.0,Tarjeta Débito,Tienda Física,Temporada Regular,S
V002545,1,2023-04-28,C00489,P0003,T011,1,176000.0,0.0,Efectivo,Tienda Física,Temporada Regular,34
V002994,1,2025-04-04,C01615,P0008,T013,3,221000.0,0.1,Efectivo,Tienda Física,Temporada Regular,M
V001669,1,2023-10-19,C00726,P0020,T018,2,80000.0,0.0,Tarjeta Débito,Tienda Física,Temporada Regular,S
V003143,1,2024-05-29,C00588,P0014,T004,1,136000.0,0.0,Tarjeta Débito,Tienda Física,Temporada Regular,34
V000929,2,2025-11-07,C00058,P0010,T025,3,93000.0,0.0,Tarjeta Crédito,Tienda Física,Día De La Madre,36
V000059,2,2024-09-16,C01103,P0002,T004,1,160000.0,0.0,Tarjeta Crédito,Tienda Física,Temporada Regular,S
V002462,1,2024-07-10,C01442,P0001,T009,1,146000.0,0.0,Tarjeta Débito,Tienda Física,Temporada Regular,36
V000881,1,2023-11-22,C00611,P0017,T038,1,147000.0,0.0,Tarjeta Crédito,Tienda Física,Temporada Regular,S
V003573,1,2023-02-26,C01590,P0011,T004,2,129000.0,0.3,Tarjeta Crédito,Tienda Física,Temporada Regular,Xxl
V001523,1,2024-10-11,C02725,P0003,T018,1,184000.0,0.05,Tarjeta Débito,Tienda Física,Temporada Regular,32
V002702,1,2024-12-13,C01840,P0024,T018,1,224000.0,0.0,Efectivo,Tienda Física,Temporada Regular,Xl
V001410,1,2024-08-31,C00138,P0006,T013,1,57000.0,0.0,Tarjeta Crédito,Tienda Física,Temporada Regular,L
V002222,3,2023-10-11,C01838,P0012,T010,3,107000.0,0.15,Efectivo,Tienda Física,Temporada De Diciembre,L
V002971,1,2025-02-23,C00793,P0015,T004,1,180000.0,0.0,Tarjeta Crédito,Tienda Física,Temporada Regular,36
V003588,2,2025-11-22,C02275,P0018,T009,1,78000.0,0.0,Tarjeta Débito,Tienda Física,Temporada Regular,S
V002454,1,2025-12-23,C00163,P0021,T029,1,117000.0,0.15,Efectivo,Tienda Física,Temporada Regular,L
V001358,2,2023-01-16,C00472,P0022,T027,2,197000.0,0.1,Efectivo,Tienda Física,Temporada Regular,Xxl
V000780,1,2025-09-27,C01146,P0005,T004,1,113000.0,0.0,Efectivo,Tienda Física,Temporada Regular,S
V001570,1,2024-10-22,C01372,P0015,T034,2,179000.0,0.0,Tarjeta Crédito,Tienda Física,Temporada Regular,40
V001286,2,2024-12-07,C01284,P0005,T016,3,109000.0,0.3,Efectivo,Tienda Física,Temporada Regular,Xs
V002783,2,2024-12-04,C02725,P0018,T009,1,80000.0,0.0,Tarjeta Débito,Tienda Física,Temporada Regular,Xxl
V003618,1,2025-06-24,C00179,P0007,T018,2,58000.0,0.0,Tarjeta Débito,Online,Temporada Regular,Xl
V002369,1,2023-05-22,C02174,P0024,T012,1,210000.0,0.0,Tarjeta Crédito,Tienda Física,Temporada Regular,Xl
V003135,1,2024-11-20,C01819,P0011,T004,4,127000.0,0.0,Tarjeta Crédito,Tienda Física,Día De La Madre,S
V002703,1,2024-09-21,C00854,P0023,T040,4,77000.0,0.0,Tarjeta Crédito,Tienda Física,Vacaciones,Xxl
V003204,1,2025-01-21,C02583,P0020,T010,1,75000.0,0.0,Tarjeta Débito,Tienda Física,Temporada Regular,S
V001496,2,2024-01-24,C01586,P0002,T009,4,153000.0,0.1,Tarjeta Débito,Online,Temporada Regular,M
V000339,1,2024-08-24,C01574,P0004,T014,1,169000.0,0.0,Tarjeta Crédito,Tienda Física,Temporada De Diciembre,34
V001637,3,2024-05-07,C00929,P0012,T034,1,115000.0,0.0,Tarjeta Débito,Tienda Física,Vacaciones,Xxl
V000775,3,2024-12-02,C01820,P0019,T035,3,75000.0,0.0,Tarjeta Débito,Online,Vacaciones,Xxl
V001533,2,2023-04-28,C02414,P0026,T004,1,130000.0,0.0,Tarjeta Crédito,Tienda Física,Regreso A Clases,Xl
V000753,2,2024-05-09,C01519,P0023,T006,1,77000.0,0.0,Transferencia,Tienda Física,Día De La Madre,Xxl
V001347,1,2025-03-23,C02755,P0025,T042,3,145000.0,0.05,Transferencia,Tienda Física,Temporada Regular,Xl
V002579,1,2025-02-13,C02037,P0015,T015,2,178000.0,0.0,Tarjeta Crédito,Tienda Física,Temporada Regular,28
V002125,1,2025-01-22,C02475,P0006,T041,3,59000.0,0.0,Tarjeta Débito,Tienda Física,Día De La Madre,M
V001355,1,2025-07-22,C02788,P0016,T028,1,137000.0,0.1,Efectivo,Tienda Física,Black Friday,28
V001753,2,2023-12-07,C02205,P0001,T021,4,137000.0,0.05,Tarjeta Crédito,Tienda Física,Regreso A Clases,32
V001421,1,2025-04-21,C00565,P0020,T004,1,78000.0,0.05,Tarjeta Crédito,Online,Regreso A Clases,Xxl
V002386,2,2024-05-11,C00822,P0018,T004,1,78000.0,0.0,Tarjeta Crédito,Tienda Física,Temporada Regular,L
V003704,2,2023-05-17,C02761,P0006,T004,1,58000.0,0.0,Tarjeta Crédito,Tienda Física,Día Del Padre,S
V003600,2,2023-06-16,C00662,P0023,T021,3,77000.0,0.3,Efectivo,Tienda Física,Temporada Regular,Xxl
V002700,1,2023-09-15,C00477,P0004,T026,1,172000.0,0.1,Tarjeta Crédito,Tienda Física,Temporada Regular,40
V003697,1,2023-03-20,C00614,P0019,T009,2,71000.0,0.2,Tarjeta Crédito,Tienda Física,Temporada Regular,L
V003262,1,2025-09-21,C01431,P0002,T012,2,157000.0,0.0,Tarjeta Débito,Tienda Física,Temporada Regular,Xl
V000537,1,2024-03-29,C02253,P0023,T004,1,81000.0,0.3,Tarjeta Débito,Tienda Física,Vacaciones,L
V001735,2,2025-08-02,C00530,P0022,T004,1,200000.0,0.0,Tarjeta Débito,Tienda Física,Temporada Regular,M
V003621,1,2024-09-25,C00294,P0008,T004,4,220000.0,0.0,Efectivo,Tienda Física,Temporada Regular,S
V000816,1,2025-03-20,C00581,P0003,T038,1,183000.0,0.0,Efectivo,Tienda Física,Temporada De Diciembre,38
V001558,1,2025-01-03,C02369,P0004,T023,3,180000.0,0.3,Tarjeta Crédito,Tienda Física,Temporada Regular,40
V001690,1,2024-03-28,C00975,P0005,T012,3,112000.0,0.0,Tarjeta Débito,Tienda Física,Temporada De Diciembre,Xs
V001302,1,2024-02-06,C00277,P0012,T030,1,115000.0,0.0,Tarjeta Débito,Tienda Física,Regreso A Clases,S
V002268,2,2023-05-18,C00421,P0017,T004,4,146000.0,0.05,Efectivo,Tienda Física,Temporada Regular,Xxl
V001728,2,2024-04-01,C02306,P0024,T017,3,215000.0,0.0,Tarjeta Débito,Tienda Física,Temporada Regular,M
V002384,1,2025-07-12,C02620,P0017,T021,3,143000.0,0.15,Tarjeta Crédito,Tienda Física,Temporada Regular,L
V001502,1,2023-03-27,C01236,P0022,T028,1,198000.0,0.2,Tarjeta Crédito,Tienda Física,Temporada Regular,M
V001428,1,2024-09-16,C02613,P0002,T038,1,161000.0,0.0,Efectivo,Tienda Física,Vacaciones,Xxl
V003380,1,2023-06-20,C01098,P0008,T004,3,207000.0,0.05,Tarjeta Débito,Online,Temporada De Diciembre,M
V002909,2,2023-10-14,C01654,P0008,T005,4,225000.0,0.05,Tarjeta Crédito,Tienda Física,Temporada Regular,L
V001477,2,2025-09-02,C02351,P0014,T004,2,141000.0,0.15,Efectivo,Tienda Física,Temporada Regular,40
V000707,1,2025-06-29,C00909,P0004,T033,1,179000.0,0.0,Tarjeta Débito,Tienda Física,Temporada De Diciembre,36
V001945,1,2024-02-26,C00705,P0009,T019,2,121000.0,0.15,Tarjeta Crédito,Online,Temporada Regular,L
V003751,3,2025-10-16,C02223,P0008,T006,3,213000.0,0.15,Transferencia,Tienda Física,Día Del Padre,S
V000635,3,2023-05-22,C02602,P0019,T007,1,72000.0,0.0,Tarjeta Débito,Tienda Física,Temporada De Diciembre,Xs
V002415,1,2024-05-05,C01400,P0011,T009,2,128000.0,0.0,Tarjeta Crédito,Tienda Física,Temporada Regular,Xs
V000300,1,2023-07-09,C01769,P0010,T014,2,95000.0,0.15,Efectivo,Tienda Física,Black Friday,38
V000100,1,2023-02-11,C00684,P0011,T035,1,139000.0,0.0,Tarjeta Débito,Tienda Física,Vacaciones,L
V001440,1,2025-09-21,C01533,P0001,T009,2,138000.0,0.3,Tarjeta Crédito,Tienda Física,Regreso A Clases,34
V002145,1,2023-01-20,C02142,P0008,T024,2,220000.0,0.15,Tarjeta Crédito,Tienda Física,Temporada Regular,Xxl
V000925,1,2023-07-04,C01326,P0003,T005,4,183000.0,0.0,Tarjeta Crédito,Online,Temporada Regular,34
V000656,1,2023-04-03,C00440,P0025,T012,1,143000.0,0.05,Tarjeta Crédito,Tienda Física,Temporada Regular,L
V003465,1,2025-06-19,C01006,P0012,T029,1,113000.0,0.0,Tarjeta Crédito,Tienda Física,Temporada Regular,Xxl
V000062,1,2025-04-09,C02228,P0013,T043,1,60000.0,0.0,Tarjeta Débito,Tienda Física,Black Friday,S
V002505,1,2025-02-20,C01817,P0008,T006,1,209000.0,0.0,Tarjeta Crédito,Online,Temporada Regular,Xs
V003317,1,2025-09-19,C01589,P0007,T026,4,61000.0,0.0,Tarjeta Crédito,Tienda Física,Vacaciones,M
V001497,3,2024-08-21,C02723,P0014,T022,1,146000.0,0.0,Tarjeta Crédito,Tienda Física,Día Del Padre,28
V000466,1,2023-09-30,C02137,P0004,T016,2,168000.0,0.0,Transferencia,Tienda Física,Día De La Madre,34
V003665,2,2023-02-05,C01914,P0018,T008,2,79000.0,0.2,Transferencia,Tienda Física,Temporada Regular,L
V002445,1,2023-07-30,C01873,P0003,T029,4,178000.0,0.3,Efectivo,Tienda Física,Temporada Regular,30
V003622,1,2023-07-17,C02176,P0004,T037,1,177000.0,0.0,Tarjeta Débito,Tienda Física,Temporada Regular,34
V001953,1,2024-12-06,C00419,P0007,T004,1,59000.0,0.0,Efectivo,Tienda Física,Temporada Regular,Xl
V002557,2,2025-02-02,C02019,P0005,T007,1,109000.0,0.0,Transferencia,Tienda Física,Vacaciones,L
V002888,3,2023-05-01,C02105,P0012,T032,2,111000.0,0.15,Efectivo,Tienda Física,Regreso A Clases,Xs
V002804,1,2023-02-22,C01490,P0009,T020,1,121000.0,0.0,Tarjeta Débito,Tienda Física,Temporada Regular,Xs
V002806,1,2023-03-03,C01563,P0018,T027,1,79000.0,0.0,Efectivo,Tienda Física,Temporada Regular,S
V003742,1,2024-03-25,C02287,P0014,T018,4,136000.0,0.05,Tarjeta Débito,Tienda Física,Temporada Regular,40
V002724,1,2025-01-22,C00812,P0016,T037,4,141000.0,0.0,Tarjeta Débito,Tienda Física,Temporada Regular,28
V000679,1,2024-05-13,C00772,P0025,T017,4,141000.0,0.0,Tarjeta Crédito,Online,Día Del Padre,Xl
V003531,1,2024-02-11,C01699,P0023,T009,1,79000.0,0.4,Tarjeta Débito,Tienda Física,Temporada Regular,M
V003609,3,2025-05-20,C00811,P0023,T037,3,81000.0,0.05,Tarjeta Crédito,Tienda Física,Temporada Regular,Xs
V003532,1,2025-03-10,C02008,P0024,T042,1,213000.0,0.0,Tarjeta Débito,Tienda Física,Temporada Regular,S
V002115,1,2023-11-10,C01698,P0014,T017,3,139000.0,0.2,Tarjeta Crédito,Tienda Física,Temporada Regular,38
V000262,2,2024-03-04,C02641,P0011,T009,2,135000.0,0.0,Efectivo,Tienda Física,Temporada Regular,Xxl
V001014,1,2024-05-08,C01476,P0021,T030,3,115000.0,0.0,Tarjeta Crédito,Tienda Física,Temporada Regular,L
V002095,2,2025-08-31,C01748,P0012,T018,3,109000.0,0.05,Efectivo,Tienda Física,Vacaciones,M
V003780,1,2025-08-28,C02562,P0010,T034,1,93000.0,0.15,Tarjeta Débito,Tienda Física,Temporada Regular,34
V003766,1,2023-08-04,C00888,P0008,T009,2,216000.0,0.0,Efectivo,Online,Temporada De Diciembre,L
V000738,1,2023-01-11,C01221,P0015,T004,4,181000.0,0.0,Tarjeta Débito,Tienda Física,Temporada Regular,30
V003507,2,2024-08-08,C02250,P0011,T027,2,137000.0,0.2,Tarjeta Débito,Tienda Física,Día De La Madre,L
V002355,2,2024-03-13,C01096,P0018,T035,2,76000.0,0.4,Tarjeta Crédito,Online,Regreso A Clases,S
V000715,2,2025-08-01,C01878,P0007,T035,1,57000.0,0.0,Efectivo,Tienda Física,Vacaciones,L
V001237,1,2023-07-11,C00912,P0014,T004,4,142000.0,0.05,Efectivo,Tienda Física,Temporada De Diciembre,38
V003632,1,2024-10-16,C01833,P0001,T037,3,145000.0,0.15,Efectivo,Tienda Física,Día Del Padre,28
V001131,2,2024-05-23,C00430,P0004,T023,1,175000.0,0.0,Tarjeta Crédito,Tienda Física,Temporada Regular,40
V001297,1,2024-11-02,C00642,P0021,T005,1,122000.0,0.0,Tarjeta Crédito,Tienda Física,Temporada Regular,Xs
V001573,1,2025-06-19,C01144,P0014,T004,1,139000.0,0.0,Transferencia,Tienda Física,Vacaciones,38
V000640,1,2024-01-12,C02437,P0023,T004,4,76000.0,0.0,Tarjeta Crédito,Online,Temporada Regular,Xxl
V003517,1,2025-05-31,C00146,P0017,T008,1,143000.0,0.2,Tarjeta Débito,Tienda Física,Temporada Regular,Xxl
V000191,1,2024-11-02,C00813,P0020,T016,2,76000.0,0.0,Transferencia,Tienda Física,Temporada Regular,L
V000517,1,2023-11-28,C02782,P0021,T010,2,122000.0,0.0,Tarjeta Crédito,Tienda Física,Temporada De Diciembre,M
V000442,1,2024-05-03,C01515,P0005,T037,2,107000.0,0.1,Transferencia,Tienda Física,Temporada Regular,Xs
V002779,2,2024-07-15,C02472,P0011,T022,1,137000.0,0.0,Tarjeta Débito,Tienda Física,Temporada Regular,Xs
V001891,2,2023-12-21,C01088,P0007,T018,4,63000.0,0.0,Efectivo,Tienda Física,Temporada De Diciembre,L
V000194,1,2023-12-27,C00204,P0024,T021,1,219000.0,0.0,Transferencia,Tienda Física,Día De La Madre,S
V002095,1,2025-08-31,C01748,P0014,T018,2,142000.0,0.0,Efectivo,Tienda Física,Vacaciones,32
V002193,1,2025-04-17,C01366,P0017,T041,1,142000.0,0.0,Tarjeta Débito,Tienda Física,Temporada Regular,L
V002831,2,2025-04-10,C00519,P0019,T003,1,74000.0,0.15,Tarjeta Crédito,Online,Temporada Regular,M
V003604,1,2023-03-14,C00910,P0014,T006,2,139000.0,0.0,Tarjeta Crédito,Tienda Física,Temporada Regular,30
V001957,2,2024-05-19,C00070,P0012,T029,1,106000.0,0.2,Tarjeta Crédito,Tienda Física,Temporada Regular,L
V001826,1,2025-11-14,C01946,P0017,T037,3,142000.0,0.0,Tarjeta Crédito,Online,Temporada Regular,S
V000737,1,2024-03-30,C00142,P0005,T036,2,111000.0,0.0,Efectivo,Tienda Física,Temporada Regular,M
V001573,2,2025-06-19,C01144,P0007,T004,2,61000.0,0.1,Transferencia,Tienda Física,Vacaciones,Xxl
V000408,1,2025-09-24,C01547,P0024,T010,1,210000.0,0.0,Tarjeta Débito,Tienda Física,Temporada Regular,M
V003592,2,2025-05-01,C02770,P0026,T029,4,132000.0,0.05,Tarjeta Crédito,Tienda Física,Temporada De Diciembre,Xs
V002754,2,2025-02-19,C02140,P0022,T026,2,202000.0,0.15,Efectivo,Tienda Física,Temporada De Diciembre,L
V003178,2,2023-04-22,C00442,P0008,T010,3,212000.0,0.0,Tarjeta Crédito,Tienda Física,Temporada De Diciembre,M
V000441,1,2023-12-28,C02098,P0021,T019,1,119000.0,0.15,Efectivo,Tienda Física,Temporada Regular,Xxl
V000188,1,2025-07-16,C02028,P0009,T015,1,129000.0,0.3,Efectivo,Online,Temporada Regular,Xl
V000115,2,2025-04-07,C02234,P0016,T004,4,137000.0,0.1,Tarjeta Crédito,Tienda Física,Temporada Regular,36
V002942,2,2023-12-16,C00232,P0014,T003,2,139000.0,0.0,Tarjeta Crédito,Tienda Física,Temporada Regular,40
V002356,1,2024-05-15,C00784,P0013,T011,1,55000.0,0.1,Tarjeta Débito,Tienda Física,Temporada Regular,Xs
V002690,1,2025-01-26,C01895,P0006,T004,1,56000.0,0.0,Efectivo,Tienda Física,Temporada De Diciembre,L
V000243,1,2025-04-08,C02503,P0026,T002,4,135000.0,0.0,Tarjeta Crédito,Tienda Física,Temporada Regular,Xs
V002933,2,2023-06-21,C02224,P0005,T004,2,112000.0,0.1,Tarjeta Crédito,Tienda Física,Temporada Regular,Xs
V001700,2,2024-01-21,C00229,P0015,T004,2,177000.0,0.0,Efectivo,Tienda Física,Regreso A Clases,38
V002625,1,2023-11-23,C02402,P0001,T016,1,137000.0,0.0,Transferencia,Tienda Física,Vacaciones,40
V003602,1,2023-01-21,C01841,P0005,T014,1,108000.0,0.0,Tarjeta Débito,Tienda Física,Vacaciones,Xs
V003362,2,2025-02-27,C00055,P0001,T004,1,141000.0,0.0,Tarjeta Crédito,Online,Temporada Regular,28
V001482,1,2025-07-21,C01498,P0025,T022,3,139000.0,0.0,Tarjeta Crédito,Tienda Física,Temporada Regular,S
V001208,2,2025-06-21,C00425,P0001,T017,1,142000.0,0.05,Efectivo,Tienda Física,Temporada Regular,32
V001414,1,2024-07-09,C00443,P0018,T028,1,73000.0,0.1,Tarjeta Débito,Tienda Física,Temporada Regular,Xl
V003703,1,2025-11-02,C00543,P0005,T003,4,111000.0,0.1,Efectivo,Tienda Física,Black Friday,Xs
V001055,1,2025-07-15,C01041,P0015,T026,4,179000.0,0.0,Tarjeta Débito,Tienda Física,Temporada Regular,36
V003720,2,2023-08-13,C01716,P0004,T030,4,164000.0,0.0,Transferencia,Tienda Física,Temporada Regular,32
V001624,2,2025-06-09,C02669,P0019,T018,1,75000.0,0.0,Tarjeta Crédito,Tienda Física,Temporada Regular,M
V000016,2,2024-05-31,C00035,P0012,T005,1,114000.0,0.05,Tarjeta Crédito,Tienda Física,Temporada Regular,L
V001730,1,2025-05-15,C00867,P0004,T004,1,179000.0,0.0,Transferencia,Online,Temporada Regular,36
V002949,1,2023-11-05,C00542,P0004,T004,1,176000.0,0.0,Tarjeta Débito,Tienda Física,Temporada Regular,40
V002096,1,2025-07-04,C00549,P0013,T024,1,56000.0,0.0,Tarjeta Débito,Tienda Física,Temporada Regular,S
V002329,1,2023-06-22,C00272,P0003,T004,2,175000.0,0.0,Tarjeta Débito,Tienda Física,Temporada Regular,32
V002683,1,2023-08-21,C00082,P0003,T013,3,183000.0,0.0,Efectivo,Tienda Física,Día Del Padre,36
V001727,1,2025-06-16,C02313,P0002,T005,2,159000.0,0.0,Tarjeta Débito,Tienda Física,Día De La Madre,L
V000991,3,2025-11-01,C00986,P0003,T041,1,182000.0,0.2,Tarjeta Crédito,Tienda Física,Vacaciones,38
V002360,1,2025-01-16,C01925,P0016,T010,1,138000.0,0.0,Tarjeta Crédito,Tienda Física,Temporada Regular,36
V003390,2,2023-01-04,C01383,P0001,T037,2,142000.0,0.0,Transferencia,Online,Regreso A Clases,34
V000993,2,2023-01-01,C00459,P0006,T043,3,54000.0,0.0,Tarjeta Débito,Tienda Física,Black Friday,Xxl
V003161,1,2025-08-01,C02240,P0004,T007,4,165000.0,0.0,Efectivo,Tienda Física,Temporada Regular,38
V003553,2,2023-05-28,C01764,P0006,T004,1,55000.0,0.0,Efectivo,Tienda Física,Temporada Regular,M
V002638,1,2024-02-18,C02260,P0009,T005,3,129000.0,0.0,Efectivo,Tienda Física,Temporada Regular,Xxl
V003640,2,2023-03-22,C00907,P0013,T004,3,59000.0,0.0,Tarjeta Crédito,Tienda Física,Temporada Regular,Xxl
V000544,1,2025-02-20,C00188,P0002,T041,1,162000.0,0.0,Tarjeta Débito,Online,Temporada Regular,M
V002623,2,2024-12-13,C00689,P0002,T025,1,158000.0,0.0,Tarjeta Débito,Online,Vacaciones,L
V003549,1,2025-06-29,C02277,P0016,T031,2,141000.0,0.0,Tarjeta Débito,Tienda Física,Temporada De Diciembre,40
V000876,1,2025-10-11,C00681,P0010,T014,1,93000.0,0.0,Tarjeta Crédito,Tienda Física,Temporada Regular,32
V000797,1,2023-12-29,C02686,P0014,T028,1,134000.0,0.15,Efectivo,Tienda Física,Temporada Regular,34
V003661,2,2025-05-03,C00617,P0014,T004,4,133000.0,0.05,Tarjeta Crédito,Tienda Física,Temporada Regular,28
V001551,1,2024-03-31,C02315,P0006,T004,1,54000.0,0.2,Tarjeta Crédito,Tienda Física,Temporada Regular,M
V000447,1,2024-08-12,C02674,P0010,T004,1,96000.0,0.0,Efectivo,Tienda Física,Temporada De Diciembre,28
V003536,2,2025-05-04,C02195,P0002,T031,2,152000.0,0.0,Tarjeta Débito,Tienda Física,Temporada De Diciembre,Xl
V002186,1,2023-11-23,C01324,P0012,T042,4,112000.0,0.0,Tarjeta Crédito,Online,Temporada De Diciembre,L
V001552,1,2023-05-17,C01695,P0024,T031,2,224000.0,0.2,Tarjeta Débito,Tienda Física,Temporada Regular,Xs
V002863,1,2023-10-09,C01811,P0018,T008,1,73000.0,0.1,Efectivo,Tienda Física,Temporada Regular,Xs
V000737,2,2024-03-30,C00142,P0017,T036,2,143000.0,0.0,Efectivo,Tienda Física,Temporada Regular,Xs
V001108,2,2025-01-06,C01040,P0008,T040,2,223000.0,0.1,Tarjeta Débito,Tienda Física,Temporada Regular,Xl
V003620,2,2023-06-08,C00616,P0019,T028,1,73000.0,0.0,Tarjeta Crédito,Tienda Física,Temporada De Diciembre,L
V002967,1,2025-12-14,C02007,P0015,T034,3,169000.0,0.0,Tarjeta Crédito,Tienda Física,Temporada De Diciembre,28
V003496,1,2023-03-17,C01412,P0026,T004,4,132000.0,0.15,Tarjeta Crédito,Tienda Física,Temporada Regular,Xs
V000164,1,2023-09-01,C01248,P0016,T022,1,134000.0,0.0,Efectivo,Tienda Física,Regreso A Clases,28
V002326,1,2024-09-16,C01601,P0018,T033,2,75000.0,0.3,Efectivo,Tienda Física,Temporada Regular,M
V000673,3,2025-09-23,C00448,P0012,T017,2,115000.0,0.0,Tarjeta Débito,Tienda Física,Vacaciones,Xs
V000397,1,2023-07-19,C02765,P0006,T031,4,58000.0,0.0,Efectivo,Tienda Física,Día De La Madre,L
V000784,1,2023-12-13,C02120,P0007,T017,2,58000.0,0.0,Efectivo,Tienda Física,Black Friday,L
V003133,3,2023-07-14,C00609,P0004,T021,1,171000.0,0.0,Tarjeta Débito,Tienda Física,Vacaciones,38
V000630,1,2023-05-10,C01365,P0019,T004,4,73000.0,0.0,Tarjeta Débito,Tienda Física,Temporada Regular,Xl
V003286,1,2025-02-23,C01504,P0014,T004,1,136000.0,0.0,Efectivo,Tienda Física,Temporada Regular,28
V000588,1,2023-03-02,C00720,P0006,T004,2,57000.0,0.0,Tarjeta Crédito,Tienda Física,Black Friday,S
V001667,3,2023-02-12,C02067,P0003,T004,1,174000.0,0.15,Tarjeta Crédito,Tienda Física,Temporada Regular,30
V003087,1,2025-02-23,C00864,P0024,T032,4,216000.0,0.0,Efectivo,Tienda Física,Temporada Regular,Xl
V000910,3,2025-05-14,C01314,P0017,T006,2,139000.0,0.3,Efectivo,Tienda Física,Vacaciones,Xs
V002262,1,2023-01-18,C02216,P0014,T004,1,142000.0,0.0,Efectivo,Tienda Física,Temporada Regular,28
V003693,1,2023-09-30,C01474,P0024,T039,3,207000.0,0.0,Tarjeta Crédito,Tienda Física,Temporada Regular,Xl
V002668,2,2023-09-25,C00564,P0008,T010,1,207000.0,0.1,Tarjeta Débito,Tienda Física,Temporada Regular,Xs
V000688,2,2024-09-28,C00359,P0001,T017,2,140000.0,0.0,Tarjeta Débito,Tienda Física,Temporada Regular,36
V000351,1,2023-12-31,C02165,P0012,T004,1,106000.0,0.05,Transferencia,Tienda Física,Temporada Regular,Xs
V003788,3,2024-11-02,C01994,P0009,T009,1,131000.0,0.0,Tarjeta Débito,Tienda Física,Temporada Regular,Xs
V003383,2,2024-09-26,C00042,P0002,T043,1,152000.0,0.0,Tarjeta Débito,Tienda Física,Temporada Regular,Xs
V003021,2,2024-08-30,C02516,P0016,T006,2,139000.0,0.3,Tarjeta Crédito,Tienda Física,Temporada Regular,28
V002122,3,2023-01-22,C02313,P0006,T015,4,55000.0,0.05,Tarjeta Débito,Tienda Física,Temporada De Diciembre,Xxl
V002480,2,2023-11-09,C00089,P0018,T020,1,76000.0,0.0,Efectivo,Tienda Física,Vacaciones,S
V001236,1,2024-01-03,C01504,P0007,T006,1,60000.0,0.2,Tarjeta Débito,Online,Temporada Regular,M
V001276,3,2024-11-08,C01172,P0002,T006,4,154000.0,0.0,Transferencia,Tienda Física,Temporada Regular,M
V000466,2,2023-09-30,C02137,P0003,T016,4,185000.0,0.0,Transferencia,Tienda Física,Día De La Madre,36
V000488,1,2025-04-11,C00239,P0005,T008,4,109000.0,0.0,Tarjeta Crédito,Tienda Física,Temporada Regular,S
V003093,2,2023-10-29,C02123,P0024,T043,1,210000.0,0.1,Tarjeta Crédito,Tienda Física,Temporada Regular,Xl
V001534,1,2023-10-05,C02142,P0020,T036,1,74000.0,0.0,Transferencia,Tienda Física,Vacaciones,M
V002664,2,2023-11-14,C00490,P0014,T020,2,141000.0,0.05,Tarjeta Débito,Tienda Física,Vacaciones,32
V002438,1,2023-11-04,C00519,P0014,T031,4,136000.0,0.1,Tarjeta Débito,Online,Temporada Regular,38
V003118,1,2024-01-01,C00011,P0012,T035,3,106000.0,0.1,Tarjeta Crédito,Tienda Física,Temporada De Diciembre,L
V000138,3,2025-03-06,C00899,P0016,T005,1,136000.0,0.0,Tarjeta Débito,Tienda Física,Vacaciones,34
V000116,2,2023-07-22,C00024,P0004,T018,1,164000.0,0.0,Transferencia,Tienda Física,Black Friday,30
V000722,2,2024-02-06,C00367,P0002,T041,2,151000.0,0.0,Tarjeta Débito,Online,Día Del Padre,M
V002000,1,2024-01-03,C00309,P0012,T004,3,115000.0,0.2,Tarjeta Crédito,Tienda Física,Temporada Regular,L
V001195,1,2025-01-21,C01553,P0020,T027,1,74000.0,0.0,Transferencia,Tienda Física,Temporada Regular,S
V002379,1,2023-01-19,C02454,P0008,T042,3,213000.0,0.0,Tarjeta Crédito,Tienda Física,Temporada Regular,Xs
V002783,1,2024-12-04,C02725,P0014,T009,1,140000.0,0.0,Tarjeta Débito,Tienda Física,Temporada Regular,38
V002805,1,2025-10-23,C02508,P0002,T030,1,150000.0,0.1,Tarjeta Crédito,Tienda Física,Temporada Regular,L
V002596,2,2023-10-05,C01961,P0009,T010,2,131000.0,0.0,Transferencia,Tienda Física,Temporada Regular,S
V002322,1,2023-11-13,C00478,P0022,T002,3,193000.0,0.0,Tarjeta Crédito,Online,Día Del Padre,Xxl
V002505,2,2025-02-20,C01817,P0022,T006,3,197000.0,0.0,Tarjeta Crédito,Online,Temporada Regular,L
V001971,1,2025-03-12,C02505,P0016,T036,1,143000.0,0.3,Tarjeta Débito,Tienda Física,Temporada Regular,30
V001944,2,2024-11-30,C00819,P0008,T022,1,213000.0,0.2,Tarjeta Crédito,Tienda Física,Temporada Regular,L
V003232,1,2025-10-16,C01225,P0024,T020,1,210000.0,0.2,Tarjeta Crédito,Tienda Física,Temporada Regular,Xxl
V003288,2,2024-06-25,C02399,P0003,T007,2,172000.0,0.05,Tarjeta Débito,Tienda Física,Temporada De Diciembre,40
V000449,2,2023-04-10,C01807,P0013,T010,1,58000.0,0.0,Tarjeta Débito,Tienda Física,Temporada Regular,Xs
V003764,1,2023-02-04,C00547,P0016,T003,2,143000.0,0.0,Tarjeta Débito,Tienda Física,Temporada De Diciembre,38
V003134,1,2024-08-27,C01128,P0016,T009,3,139000.0,0.0,Tarjeta Crédito,Tienda Física,Black Friday,38
V001887,1,2023-03-11,C00631,P0021,T014,1,120000.0,0.05,Tarjeta Crédito,Tienda Física,Temporada De Diciembre,Xl
V002963,2,2025-11-07,C00622,P0003,T003,1,180000.0,0.3,Tarjeta Crédito,Online,Vacaciones,34
V001873,1,2025-02-12,C02578,P0004,T012,4,174000.0,0.0,Tarjeta Débito,Tienda Física,Temporada Regular,36
V001186,1,2024-05-12,C02143,P0006,T036,1,56000.0,0.0,Efectivo,Tienda Física,Regreso A Clases,M
V003162,1,2025-12-21,C01097,P0006,T043,4,58000.0,0.05,Tarjeta Crédito,Tienda Física,Temporada Regular,Xl
V001504,3,2025-08-09,C01352,P0022,T043,1,209000.0,0.0,Tarjeta Crédito,Tienda Física,Black Friday,Xs
V003684,2,2023-04-10,C02657,P0019,T037,1,71000.0,0.0,Tarjeta Débito,Tienda Física,Vacaciones,M
V001787,1,2024-03-10,C01353,P0021,T024,1,118000.0,0.0,Tarjeta Débito,Tienda Física,Regreso A Clases,Xl
V003298,1,2023-01-05,C02186,P0011,T009,4,137000.0,0.0,Tarjeta Débito,Tienda Física,Vacaciones,Xxl
V000261,1,2023-01-06,C02777,P0001,T004,3,142000.0,0.15,Tarjeta Crédito,Tienda Física,Temporada Regular,28
V000127,1,2025-12-10,C00584,P0016,T030,1,134000.0,0.0,Tarjeta Crédito,Tienda Física,Temporada Regular,32
V002423,1,2025-12-06,C01615,P0002,T016,4,157000.0,0.3,Tarjeta Débito,Tienda Física,Temporada Regular,S
V000462,1,2023-10-15,C00280,P0003,T009,1,184000.0,0.0,Transferencia,Tienda Física,Temporada Regular,34
V002729,1,2025-11-08,C02227,P0012,T041,4,112000.0,0.0,Tarjeta Crédito,Tienda Física,Temporada Regular,L
V003505,2,2025-06-07,C00578,P0018,T006,1,75000.0,0.0,Transferencia,Tienda Física,Temporada De Diciembre,L
V002237,2,2025-03-21,C00248,P0005,T022,2,115000.0,0.0,Tarjeta Débito,Tienda Física,Temporada Regular,M
V003481,1,2025-12-22,C01789,P0008,T009,1,227000.0,0.0,Efectivo,Tienda Física,Temporada Regular,Xxl
V000607,2,2025-01-24,C00628,P0005,T027,1,111000.0,0.3,Efectivo,Tienda Física,Vacaciones,Xxl
V001109,2,2024-01-15,C00651,P0013,T041,2,57000.0,0.0,Tarjeta Crédito,Tienda Física,Día De La Madre,Xs
V001030,1,2023-09-21,C00291,P0022,T022,1,207000.0,0.0,Efectivo,Tienda Física,Temporada Regular,Xl
V003459,1,2024-12-18,C02416,P0004,T006,1,178000.0,0.1,Tarjeta Débito,Tienda Física,Temporada Regular,30
V001934,1,2024-11-19,C00700,P0008,T022,1,215000.0,0.0,Transferencia,Tienda Física,Black Friday,M
V003199,1,2025-03-25,C01058,P0018,T004,1,77000.0,0.2,Tarjeta Crédito,Tienda Física,Temporada Regular,S
V001526,1,2025-12-26,C00782,P0024,T009,1,216000.0,0.15,Tarjeta Débito,Tienda Física,Temporada Regular,S
V001269,2,2025-10-20,C00445,P0007,T026,2,61000.0,0.3,Tarjeta Crédito,Tienda Física,Temporada Regular,Xl
V001204,2,2024-10-04,C01739,P0016,T001,2,144000.0,0.0,Tarjeta Crédito,Tienda Física,Temporada De Diciembre,32
V002686,3,2024-01-10,C00577,P0026,T008,1,140000.0,0.0,Transferencia,Tienda Física,Vacaciones,S
V001858,1,2025-10-06,C00952,P0015,T019,2,175000.0,0.4,Transferencia,Tienda Física,Temporada De Diciembre,38
V000111,2,2023-04-15,C00234,P0019,T027,1,69000.0,0.3,Transferencia,Online,Temporada Regular,M
V002546,2,2025-06-23,C02129,P0014,T016,1,141000.0,0.0,Tarjeta Crédito,Tienda Física,Vacaciones,32
V000864,2,2023-01-01,C01333,P0025,T017,1,140000.0,0.0,Tarjeta Crédito,Tienda Física,Temporada De Diciembre,M
V003039,2,2024-08-19,C00597,P0022,T032,1,206000.0,0.0,Tarjeta Débito,Tienda Física,Black Friday,S
V002329,2,2023-06-22,C00272,P0014,T004,1,133000.0,0.0,Tarjeta Débito,Tienda Física,Temporada Regular,34
V000082,1,2024-03-12,C01754,P0025,T002,1,134000.0,0.2,Tarjeta Crédito,Tienda Física,Temporada Regular,Xl
V000534,1,2025-04-28,C02161,P0025,T032,2,144000.0,0.3,Efectivo,Online,Temporada Regular,Xs
V001219,2,2024-11-21,C02314,P0018,T015,3,79000.0,0.0,Efectivo,Tienda Física,Regreso A Clases,L
V002803,1,2023-04-09,C01730,P0024,T019,3,225000.0,0.0,Tarjeta Débito,Tienda Física,Temporada Regular,M
V000146,1,2025-02-03,C01117,P0006,T017,1,56000.0,0.1,Tarjeta Crédito,Tienda Física,Black Friday,Xxl
V003722,1,2024-02-05,C00928,P0005,T034,1,110000.0,0.0,Tarjeta Crédito,Tienda Física,Vacaciones,Xl
V000867,3,2025-11-06,C00847,P0005,T042,1,115000.0,0.0,Tarjeta Débito,Tienda Física,Temporada Regular,M
V002068,2,2025-03-31,C00698,P0014,T038,1,136000.0,0.0,Transferencia,Tienda Física,Temporada De Diciembre,36
V002225,1,2024-10-04,C02171,P0017,T023,1,153000.0,0.15,Transferencia,Tienda Física,Temporada Regular,L
V000231,1,2025-06-23,C01565,P0002,T015,2,153000.0,0.0,Tarjeta Crédito,Tienda Física,Temporada Regular,M
V000224,2,2023-04-03,C00475,P0022,T002,2,201000.0,0.3,Tarjeta Crédito,Online,Temporada Regular,M
V001689,1,2023-02-16,C00124,P0014,T025,1,142000.0,0.1,Transferencia,Tienda Física,Temporada Regular,30
V002580,1,2025-05-01,C00904,P0009,T034,1,132000.0,0.15,Efectivo,Tienda Física,Temporada Regular,S
V002975,2,2024-08-14,C01034,P0013,T033,1,55000.0,0.3,Tarjeta Crédito,Tienda Física,Temporada De Diciembre,L
V000044,1,2023-08-23,C01675,P0016,T038,2,134000.0,0.0,Efectivo,Tienda Física,Temporada Regular,40
V002209,1,2023-01-24,C01556,P0007,T015,1,60000.0,0.1,Tarjeta Crédito,Tienda Física,Temporada Regular,Xs
V003065,1,2024-03-22,C01445,P0002,T028,2,157000.0,0.0,Tarjeta Crédito,Tienda Física,Black Friday,Xl
V002394,1,2023-07-27,C02485,P0024,T004,2,206000.0,0.0,Efectivo,Tienda Física,Temporada De Diciembre,Xs
V003093,1,2023-10-29,C02123,P0012,T043,2,107000.0,0.0,Tarjeta Crédito,Tienda Física,Temporada Regular,Xs
V001232,1,2024-08-12,C00839,P0012,T040,1,114000.0,0.0,Tarjeta Crédito,Tienda Física,Temporada Regular,Xs
V002157,3,2025-06-12,C01820,P0020,T004,1,79000.0,0.1,Tarjeta Crédito,Tienda Física,Temporada De Diciembre,S
V002987,1,2024-09-10,C01016,P0015,T004,1,184000.0,0.0,Efectivo,Tienda Física,Temporada Regular,36
V003096,1,2024-03-27,C01150,P0015,T004,2,168000.0,0.0,Transferencia,Tienda Física,Temporada Regular,28
V003094,1,2025-06-20,C01121,P0013,T003,4,57000.0,0.0,Efectivo,Tienda Física,Temporada Regular,Xs
V003269,2,2025-05-02,C02620,P0018,T004,1,74000.0,0.3,Tarjeta Crédito,Tienda Física,Temporada Regular,Xl
V000419,2,2025-05-17,C00816,P0016,T034,2,143000.0,0.0,Tarjeta Débito,Tienda Física,Vacaciones,34
V001339,1,2023-08-30,C01031,P0008,T030,4,210000.0,0.0,Transferencia,Online,Temporada Regular,M
V001417,1,2023-05-05,C02713,P0026,T030,2,133000.0,0.1,Efectivo,Tienda Física,Temporada Regular,Xs
V003768,1,2025-04-05,C00959,P0026,T026,2,140000.0,0.4,Tarjeta Crédito,Tienda Física,Día Del Padre,M
V002333,3,2023-03-03,C00837,P0006,T023,1,57000.0,0.0,Tarjeta Débito,Tienda Física,Black Friday,Xl
V003349,1,2025-07-25,C01555,P0004,T018,4,180000.0,0.0,Tarjeta Crédito,Online,Día De La Madre,30
V001583,1,2025-10-06,C02617,P0008,T028,3,211000.0,0.0,Tarjeta Débito,Tienda Física,Temporada Regular,M
V003759,1,2024-05-17,C00292,P0020,T003,1,74000.0,0.0,Tarjeta Débito,Tienda Física,Día Del Padre,Xl
V002324,2,2025-01-30,C00212,P0015,T002,1,180000.0,0.0,Efectivo,Tienda Física,Temporada Regular,36
V003004,2,2024-04-01,C00935,P0024,T005,4,227000.0,0.1,Tarjeta Crédito,Tienda Física,Temporada Regular,Xs
V001818,1,2024-08-14,C01498,P0019,T041,1,73000.0,0.05,Transferencia,Tienda Física,Temporada Regular,L
V000382,1,2025-04-05,C00493,P0011,T004,1,136000.0,0.0,Tarjeta Crédito,Tienda Física,Vacaciones,S
V002082,1,2024-02-28,C01319,P0007,T004,1,57000.0,0.0,Tarjeta Débito,Tienda Física,Temporada Regular,Xxl
V003140,1,2024-03-05,C01271,P0015,T018,3,175000.0,0.0,Efectivo,Tienda Física,Temporada Regular,38
V003194,1,2024-11-30,C00777,P0008,T022,1,219000.0,0.0,Tarjeta Débito,Online,Temporada Regular,S
V003679,1,2023-02-20,C01509,P0014,T024,1,140000.0,0.0,Tarjeta Débito,Tienda Física,Temporada Regular,34
V001923,2,2025-07-15,C02787,P0017,T009,1,150000.0,0.0,Tarjeta Crédito,Online,Temporada Regular,Xxl
V002512,1,2023-09-01,C02625,P0007,T035,1,60000.0,0.0,Tarjeta Débito,Tienda Física,Temporada Regular,M
V003060,2,2023-09-28,C00190,P0006,T029,2,59000.0,0.1,Transferencia,Tienda Física,Black Friday,S
V001205,1,2023-05-24,C01282,P0003,T004,1,172000.0,0.0,Tarjeta Débito,Tienda Física,Temporada Regular,32
V002106,2,2025-01-17,C00608,P0010,T011,2,97000.0,0.0,Tarjeta Débito,Tienda Física,Día De La Madre,36
V002170,2,2025-11-21,C00721,P0008,T020,2,218000.0,0.05,Tarjeta Crédito,Tienda Física,Temporada Regular,S
V001672,1,2025-11-17,C01047,P0016,T004,3,142000.0,0.0,Efectivo,Tienda Física,Temporada Regular,40
V002362,1,2023-08-27,C02186,P0023,T031,4,78000.0,0.0,Tarjeta Débito,Tienda Física,Temporada Regular,Xs
V003462,3,2023-01-09,C02681,P0022,T002,2,201000.0,0.0,Efectivo,Tienda Física,Temporada Regular,M
V001509,2,2025-07-20,C02192,P0017,T017,2,148000.0,0.0,Tarjeta Crédito,Tienda Física,Temporada De Diciembre,Xl
V003668,2,2025-10-26,C00085,P0023,T008,3,74000.0,0.15,Transferencia,Tienda Física,Temporada Regular,M
V001951,1,2025-06-18,C01835,P0013,T013,3,57000.0,0.15,Efectivo,Tienda Física,Regreso A Clases,Xs
V000508,1,2024-09-18,C00140,P0009,T009,1,131000.0,0.0,Tarjeta Crédito,Tienda Física,Temporada Regular,S
V003571,1,2025-04-03,C02498,P0002,T004,2,157000.0,0.0,Transferencia,Tienda Física,Temporada Regular,Xxl
V002067,1,2024-09-05,C01578,P0023,T004,1,80000.0,0.0,Tarjeta Débito,Tienda Física,Temporada Regular,Xs
V001304,2,2025-10-03,C02522,P0012,T004,1,114000.0,0.1,Tarjeta Crédito,Tienda Física,Temporada Regular,Xxl
V001965,1,2023-09-26,C02632,P0019,T034,1,74000.0,0.0,Efectivo,Tienda Física,Temporada De Diciembre,M
V001256,1,2023-04-01,C00719,P0024,T043,1,225000.0,0.1,Tarjeta Débito,Tienda Física,Temporada Regular,L
V001303,1,2025-12-15,C02784,P0016,T027,2,140000.0,0.0,Tarjeta Débito,Online,Temporada Regular,30
V000795,1,2024-10-18,C02760,P0007,T007,4,62000.0,0.0,Efectivo,Tienda Física,Temporada Regular,L
V001757,2,2025-06-29,C00114,P0026,T004,2,139000.0,0.0,Tarjeta Crédito,Tienda Física,Día De La Madre,Xs
V001998,3,2025-10-21,C01909,P0002,T001,2,149000.0,0.1,Transferencia,Tienda Física,Temporada Regular,Xl
V003359,1,2023-11-19,C01324,P0023,T004,1,77000.0,0.0,Efectivo,Tienda Física,Temporada Regular,S
V001027,1,2024-12-01,C02495,P0014,T004,2,137000.0,0.4,Efectivo,Tienda Física,Temporada Regular,30
V001922,3,2023-07-20,C01795,P0024,T029,3,205000.0,0.0,Efectivo,Tienda Física,Temporada Regular,M
V003510,2,2023-12-21,C02749,P0018,T042,1,74000.0,0.0,Efectivo,Tienda Física,Temporada Regular,L
V000147,2,2025-10-25,C02467,P0022,T018,2,194000.0,0.1,Tarjeta Débito,Tienda Física,Temporada Regular,Xs
V000590,1,2025-08-18,C02642,P0006,T028,1,58000.0,0.0,Tarjeta Crédito,Tienda Física,Temporada De Diciembre,L
V002611,1,2023-11-07,C00982,P0014,T010,1,139000.0,0.0,Efectivo,Tienda Física,Temporada De Diciembre,28
V002285,3,2024-10-24,C00929,P0019,T008,1,75000.0,0.15,Tarjeta Crédito,Tienda Física,Temporada Regular,S
V000857,3,2023-04-04,C01702,P0024,T012,1,206000.0,0.0,Tarjeta Crédito,Tienda Física,Temporada Regular,M
V002859,2,2024-05-16,C02580,P0019,T038,3,75000.0,0.0,Tarjeta Crédito,Tienda Física,Black Friday,Xs
V001552,2,2023-05-17,C01695,P0017,T031,1,151000.0,0.0,Tarjeta Débito,Tienda Física,Temporada Regular,L
V001504,2,2025-08-09,C01352,P0001,T043,1,146000.0,0.15,Tarjeta Crédito,Tienda Física,Black Friday,38
V001083,1,2023-10-09,C00219,P0004,T007,3,167000.0,0.0,Tarjeta Crédito,Tienda Física,Temporada Regular,28
V001446,2,2023-04-25,C01997,P0016,T023,2,139000.0,0.0,Tarjeta Crédito,Tienda Física,Temporada Regular,40
V001922,2,2023-07-20,C01795,P0010,T029,1,92000.0,0.0,Efectivo,Tienda Física,Temporada Regular,36
V002291,1,2025-07-27,C00745,P0023,T032,1,75000.0,0.0,Tarjeta Crédito,Tienda Física,Temporada Regular,Xxl
V002243,2,2023-06-21,C01499,P0012,T042,1,111000.0,0.0,Transferencia,Online,Temporada Regular,S
V002191,1,2025-09-22,C02089,P0005,T043,4,110000.0,0.0,Tarjeta Débito,Tienda Física,Temporada Regular,Xxl
V000586,1,2025-06-09,C00340,P0008,T004,1,223000.0,0.0,Tarjeta Crédito,Tienda Física,Temporada Regular,S
V003052,1,2024-02-04,C01812,P0017,T014,2,139000.0,0.0,Transferencia,Tienda Física,Temporada De Diciembre,Xl
V003131,1,2023-07-31,C02596,P0003,T024,1,181000.0,0.05,Tarjeta Crédito,Tienda Física,Temporada Regular,30
V001434,1,2024-12-18,C00457,P0006,T009,1,56000.0,0.4,Tarjeta Crédito,Tienda Física,Día Del Padre,Xxl
V001338,1,2024-01-23,C01713,P0010,T042,1,99000.0,0.0,Tarjeta Crédito,Tienda Física,Temporada Regular,40
V000869,1,2025-03-21,C01314,P0015,T043,1,181000.0,0.0,Tarjeta Crédito,Tienda Física,Vacaciones,30
V001814,1,2025-10-18,C01993,P0017,T006,1,152000.0,0.0,Tarjeta Débito,Tienda Física,Temporada Regular,M
V003717,1,2023-04-26,C00625,P0016,T024,3,143000.0,0.0,Tarjeta Crédito,Tienda Física,Temporada Regular,38
V001070,3,2025-09-13,C00473,P0017,T022,4,148000.0,0.0,Tarjeta Crédito,Tienda Física,Temporada Regular,S
V003726,1,2024-06-22,C01781,P0021,T004,1,118000.0,0.0,Tarjeta Débito,Online,Temporada Regular,L
V003272,1,2023-09-30,C01542,P0024,T034,1,225000.0,0.0,Tarjeta Débito,Online,Temporada De Diciembre,Xs
V000168,2,2025-10-21,C00340,P0014,T004,4,135000.0,0.0,Efectivo,Tienda Física,Día Del Padre,30
V000469,1,2024-09-22,C01368,P0009,T032,4,124000.0,0.0,Tarjeta Débito,Tienda Física,Vacaciones,Xxl
V002443,1,2025-07-07,C00650,P0011,T033,2,128000.0,0.2,Tarjeta Débito,Tienda Física,Temporada Regular,L
V000811,1,2023-11-14,C00677,P0012,T039,3,108000.0,0.0,Tarjeta Crédito,Online,Temporada De Diciembre,S
V000770,1,2024-07-12,C01411,P0019,T007,1,72000.0,0.0,Efectivo,Tienda Física,Temporada Regular,Xxl
V002027,2,2023-08-07,C01042,P0026,T038,1,134000.0,0.0,Tarjeta Crédito,Tienda Física,Temporada Regular,M
V001195,2,2025-01-21,C01553,P0010,T027,1,98000.0,0.4,Transferencia,Tienda Física,Temporada Regular,32
V003774,1,2023-09-26,C01168,P0007,T037,1,62000.0,0.0,Tarjeta Crédito,Tienda Física,Día De La Madre,Xxl
V003725,1,2024-08-06,C02477,P0008,T005,2,224000.0,0.15,Tarjeta Débito,Tienda Física,Vacaciones,M
V001170,1,2025-10-04,C00188,P0022,T011,1,203000.0,0.0,Tarjeta Débito,Tienda Física,Temporada Regular,Xxl
V002190,1,2024-09-28,C00064,P0009,T004,1,128000.0,0.2,Tarjeta Débito,Tienda Física,Temporada Regular,Xs
V003662,1,2025-04-25,C02178,P0025,T004,2,139000.0,0.0,Tarjeta Débito,Online,Temporada Regular,Xs
V000799,1,2024-08-08,C01780,P0012,T014,4,105000.0,0.0,Tarjeta Crédito,Tienda Física,Temporada Regular,M
V000109,1,2025-04-13,C01676,P0023,T020,4,75000.0,0.0,Transferencia,Online,Temporada Regular,L
V003054,1,2025-03-24,C01441,P0010,T012,1,96000.0,0.0,Tarjeta Débito,Online,Black Friday,32
V001975,1,2023-05-31,C00128,P0023,T023,2,78000.0,0.15,Tarjeta Crédito,Tienda Física,Vacaciones,Xxl
V002833,1,2023-09-24,C01696,P0020,T004,1,75000.0,0.0,Tarjeta Crédito,Tienda Física,Temporada De Diciembre,S
V000980,2,2023-09-12,C01882,P0006,T011,1,54000.0,0.2,Tarjeta Crédito,Tienda Física,Vacaciones,L
V003771,2,2025-11-29,C00927,P0025,T004,3,135000.0,0.0,Transferencia,Tienda Física,Temporada Regular,S
V003650,1,2025-06-20,C01286,P0022,T009,2,202000.0,0.0,Tarjeta Crédito,Online,Temporada Regular,Xs
V001258,3,2025-10-18,C01086,P0001,T013,1,140000.0,0.1,Efectivo,Tienda Física,Temporada Regular,30
V003751,1,2025-10-16,C02223,P0013,T006,1,56000.0,0.0,Transferencia,Tienda Física,Día Del Padre,Xs
V000992,1,2025-01-25,C02709,P0002,T016,1,158000.0,0.0,Tarjeta Crédito,Tienda Física,Temporada Regular,Xxl
V003043,1,2023-12-30,C02189,P0026,T001,2,142000.0,0.0,Tarjeta Débito,Tienda Física,Regreso A Clases,M
V000465,1,2025-11-12,C01884,P0018,T041,3,73000.0,0.1,Tarjeta Crédito,Tienda Física,Temporada Regular,M
V001035,1,2025-05-12,C01862,P0012,T025,3,112000.0,0.3,Tarjeta Débito,Tienda Física,Temporada Regular,M
V002535,1,2023-08-30,C01235,P0011,T004,1,135000.0,0.0,Transferencia,Tienda Física,Día Del Padre,Xxl
V002862,3,2023-06-30,C00339,P0023,T017,2,81000.0,0.1,Tarjeta Crédito,Tienda Física,Temporada Regular,Xl
V003315,1,2023-01-10,C01302,P0026,T037,3,137000.0,0.1,Tarjeta Débito,Tienda Física,Black Friday,Xxl
V000245,1,2024-05-06,C00119,P0014,T014,2,133000.0,0.1,Efectivo,Tienda Física,Vacaciones,32
V002315,1,2023-02-24,C00238,P0002,T031,1,149000.0,0.0,Transferencia,Tienda Física,Temporada Regular,S
V002525,1,2023-03-15,C01574,P0006,T004,1,55000.0,0.0,Tarjeta Débito,Tienda Física,Black Friday,Xs
V003389,1,2024-03-16,C01090,P0014,T043,1,142000.0,0.0,Tarjeta Crédito,Tienda Física,Temporada De Diciembre,36
V001095,1,2024-02-13,C00566,P0005,T018,4,118000.0,0.05,Transferencia,Tienda Física,Temporada Regular,M
V000468,1,2025-03-29,C02296,P0018,T022,3,77000.0,0.0,Tarjeta Crédito,Tienda Física,Temporada Regular,Xs
V003372,3,2024-02-03,C02155,P0001,T004,1,145000.0,0.15,Tarjeta Crédito,Tienda Física,Vacaciones,30
V001974,2,2024-08-15,C01792,P0019,T041,4,71000.0,0.2,Tarjeta Débito,Online,Black Friday,L
V003588,1,2025-11-22,C02275,P0011,T009,3,135000.0,0.0,Tarjeta Débito,Tienda Física,Temporada Regular,M
V001201,2,2024-03-08,C00809,P0012,T025,1,114000.0,0.0,Tarjeta Crédito,Tienda Física,Temporada Regular,Xl
V002368,2,2024-11-24,C00669,P0010,T004,1,97000.0,0.2,Tarjeta Crédito,Online,Temporada Regular,32
V003591,2,2023-01-04,C00110,P0013,T003,1,58000.0,0.0,Tarjeta Crédito,Tienda Física,Black Friday,S
V001248,2,2025-02-12,C01004,P0001,T036,1,145000.0,0.1,Tarjeta Crédito,Tienda Física,Vacaciones,36
V002905,2,2024-02-05,C00214,P0025,T032,2,145000.0,0.05,Tarjeta Débito,Tienda Física,Temporada Regular,Xs
V000538,1,2025-12-07,C01986,P0022,T027,2,197000.0,0.0,Tarjeta Débito,Online,Temporada Regular,Xs
V000999,2,2023-06-24,C01746,P0006,T032,3,57000.0,0.0,Tarjeta Débito,Tienda Física,Temporada Regular,L
V002900,1,2023-01-27,C00983,P0012,T013,1,115000.0,0.2,Tarjeta Crédito,Tienda Física,Temporada Regular,Xxl
V002889,1,2024-12-14,C01761,P0011,T007,2,137000.0,0.0,Efectivo,Tienda Física,Temporada Regular,M
V000962,2,2025-05-08,C00665,P0023,T032,3,81000.0,0.3,Tarjeta Débito,Tienda Física,Regreso A Clases,L
V002605,1,2024-11-06,C00574,P0005,T004,1,115000.0,0.0,Tarjeta Débito,Tienda Física,Temporada Regular,M
V003296,1,2024-12-02,C01935,P0011,T001,1,140000.0,0.3,Tarjeta Débito,Tienda Física,Vacaciones,S
V001446,1,2023-04-25,C01997,P0001,T023,2,140000.0,0.0,Tarjeta Crédito,Tienda Física,Temporada Regular,40
V002287,2,2024-09-14,C02637,P0023,T004,2,82000.0,0.0,Tarjeta Débito,Tienda Física,Regreso A Clases,Xl
V003091,1,2024-04-08,C02689,P0008,T004,1,207000.0,0.4,Tarjeta Crédito,Tienda Física,Temporada Regular,M
V001196,1,2024-02-06,C02253,P0026,T041,2,141000.0,0.0,Tarjeta Débito,Tienda Física,Vacaciones,S
V002856,3,2023-12-15,C00768,P0006,T013,1,57000.0,0.0,Transferencia,Online,Regreso A Clases,Xl
V000030,2,2025-11-28,C01498,P0009,T024,4,132000.0,0.0,Efectivo,Tienda Física,Temporada Regular,S
V002860,3,2024-01-23,C02598,P0022,T039,4,201000.0,0.15,Efectivo,Online,Vacaciones,Xl
V002064,1,2024-10-15,C01517,P0024,T004,1,222000.0,0.0,Tarjeta Crédito,Tienda Física,Temporada Regular,Xxl
V000821,1,2025-07-25,C02753,P0019,T005,3,72000.0,0.0,Tarjeta Débito,Tienda Física,Día De La Madre,S
V002621,2,2024-08-27,C01574,P0008,T040,1,216000.0,0.4,Tarjeta Débito,Tienda Física,Temporada Regular,L
V002248,2,2025-06-23,C00169,P0022,T016,1,207000.0,0.4,Tarjeta Débito,Tienda Física,Temporada Regular,S
V003361,1,2024-12-21,C02317,P0008,T033,3,219000.0,0.05,Transferencia,Tienda Física,Temporada Regular,Xl
V002285,1,2024-10-24,C00929,P0007,T008,1,58000.0,0.0,Tarjeta Crédito,Tienda Física,Temporada Regular,S
V001878,1,2023-07-31,C00515,P0024,T031,2,217000.0,0.0,Tarjeta Crédito,Tienda Física,Temporada Regular,Xs
V001138,1,2025-10-23,C01973,P0018,T016,3,73000.0,0.0,Tarjeta Crédito,Tienda Física,Temporada Regular,M
V001285,3,2025-08-25,C00716,P0014,T014,4,133000.0,0.0,Tarjeta Débito,Tienda Física,Temporada Regular,36
V000622,1,2025-01-09,C00913,P0019,T037,2,73000.0,0.0,Tarjeta Débito,Tienda Física,Regreso A Clases,S
V002537,1,2025-11-22,C02269,P0004,T021,1,167000.0,0.0,Tarjeta Débito,Tienda Física,Temporada De Diciembre,28
V001950,3,2024-05-21,C01090,P0024,T028,2,214000.0,0.0,Tarjeta Débito,Tienda Física,Temporada Regular,S
V003268,2,2025-01-02,C00560,P0008,T010,1,214000.0,0.1,Tarjeta Débito,Tienda Física,Vacaciones,S
V002925,2,2023-04-10,C01028,P0016,T006,2,138000.0,0.0,Tarjeta Crédito,Tienda Física,Día Del Padre,36
V003748,1,2024-04-24,C01650,P0020,T004,4,79000.0,0.3,Efectivo,Tienda Física,Temporada Regular,S
V002196,2,2025-11-05,C00310,P0004,T029,4,176000.0,0.2,Efectivo,Tienda Física,Temporada Regular,38
V003739,1,2023-01-10,C01336,P0015,T024,3,181000.0,0.2,Tarjeta Débito,Tienda Física,Temporada Regular,34
V003398,2,2023-10-23,C01558,P0019,T037,1,72000.0,0.15,Tarjeta Débito,Tienda Física,Temporada Regular,S
V001162,1,2025-11-21,C02404,P0003,T006,2,183000.0,0.15,Efectivo,Tienda Física,Día Del Padre,38
V002438,2,2023-11-04,C00519,P0023,T031,2,82000.0,0.0,Tarjeta Débito,Online,Temporada Regular,Xxl
V003386,1,2024-05-21,C02067,P0009,T004,4,123000.0,0.0,Tarjeta Crédito,Tienda Física,Día De La Madre,Xs
V001789,1,2025-03-31,C00803,P0024,T011,1,218000.0,0.0,Efectivo,Tienda Física,Temporada Regular,Xxl
V003236,1,2025-05-18,C00447,P0012,T004,1,110000.0,0.15,Tarjeta Crédito,Tienda Física,Temporada Regular,M
V000743,2,2024-06-18,C02256,P0015,T043,1,178000.0,0.0,Tarjeta Crédito,Tienda Física,Vacaciones,30
V002559,1,2024-02-25,C00216,P0025,T040,4,138000.0,0.2,Tarjeta Crédito,Tienda Física,Vacaciones,Xxl
V001598,1,2024-09-22,C01131,P0004,T034,1,166000.0,0.2,Tarjeta Crédito,Tienda Física,Temporada Regular,38
V000497,1,2024-12-05,C01116,P0017,T031,1,144000.0,0.0,Tarjeta Débito,Online,Vacaciones,S
V002607,1,2023-07-27,C00504,P0014,T011,1,145000.0,0.0,Tarjeta Débito,Tienda Física,Temporada Regular,32
V002202,1,2023-10-17,C00965,P0011,T020,1,136000.0,0.05,Efectivo,Tienda Física,Temporada Regular,S
V003355,1,2024-10-27,C01396,P0023,T012,1,75000.0,0.0,Tarjeta Crédito,Tienda Física,Temporada Regular,S
V001659,1,2024-07-26,C01947,P0011,T031,2,129000.0,0.0,Tarjeta Débito,Tienda Física,Temporada Regular,L
V003225,2,2025-04-06,C02783,P0010,T009,3,95000.0,0.0,Tarjeta Crédito,Tienda Física,Vacaciones,28
V003326,2,2024-12-08,C01168,P0012,T004,1,114000.0,0.0,Transferencia,Tienda Física,Día Del Padre,L
V001346,1,2025-06-22,C00151,P0011,T004,1,129000.0,0.0,Efectivo,Tienda Física,Vacaciones,M
V002011,1,2024-06-30,C01761,P0022,T004,1,202000.0,0.0,Efectivo,Tienda Física,Temporada Regular,Xl
V001089,3,2024-06-11,C02792,P0012,T004,3,113000.0,0.05,Tarjeta Crédito,Tienda Física,Temporada De Diciembre,Xs
V001649,1,2025-09-24,C02229,P0008,T024,1,216000.0,0.1,Tarjeta Crédito,Tienda Física,Temporada Regular,Xs
V001556,2,2024-11-12,C02491,P0026,T035,1,136000.0,0.0,Tarjeta Débito,Tienda Física,Temporada Regular,L
V003100,1,2023-05-15,C01257,P0024,T041,1,214000.0,0.0,Tarjeta Crédito,Tienda Física,Black Friday,M
V000953,1,2023-09-22,C02066,P0025,T030,4,145000.0,0.4,Transferencia,Tienda Física,Black Friday,Xl
V002344,2,2023-05-03,C00565,P0009,T035,1,124000.0,0.4,Tarjeta Crédito,Tienda Física,Temporada Regular,Xl
V001313,2,2023-07-05,C01555,P0012,T036,3,113000.0,0.2,Efectivo,Online,Temporada Regular,Xs
V000417,2,2025-03-01,C00385,P0023,T026,1,80000.0,0.0,Tarjeta Débito,Tienda Física,Temporada De Diciembre,Xs
V002708,1,2025-01-27,C01455,P0010,T001,1,98000.0,0.05,Efectivo,Online,Día De La Madre,32
V003102,1,2025-12-27,C01263,P0026,T043,1,135000.0,0.0,Tarjeta Crédito,Tienda Física,Regreso A Clases,S
V003134,2,2024-08-27,C01128,P0022,T009,1,200000.0,0.05,Tarjeta Crédito,Tienda Física,Black Friday,Xs
V002484,1,2023-07-15,C01611,P0025,T029,3,137000.0,0.0,Efectivo,Tienda Física,Temporada De Diciembre,L
V002265,1,2023-06-20,C01258,P0008,T035,2,217000.0,0.0,Tarjeta Débito,Tienda Física,Temporada Regular,Xl
V000305,1,2025-05-19,C01722,P0003,T035,2,185000.0,0.05,Efectivo,Tienda Física,Black Friday,30
V002650,2,2023-01-21,C00415,P0024,T007,3,216000.0,0.15,Efectivo,Tienda Física,Temporada Regular,Xl
V002222,1,2023-10-11,C01838,P0023,T010,1,78000.0,0.1,Efectivo,Tienda Física,Temporada De Diciembre,S
V002123,1,2023-06-11,C01358,P0005,T036,1,113000.0,0.0,Tarjeta Crédito,Tienda Física,Temporada Regular,Xs
V000407,2,2024-03-10,C01480,P0023,T009,3,79000.0,0.3,Tarjeta Débito,Online,Temporada Regular,L
V001450,1,2025-09-08,C00842,P0012,T004,1,113000.0,0.0,Tarjeta Débito,Online,Temporada Regular,Xxl
V003490,1,2024-11-09,C01457,P0012,T007,1,114000.0,0.05,Tarjeta Débito,Tienda Física,Temporada Regular,S
V002289,1,2023-08-15,C00997,P0011,T040,2,134000.0,0.05,Transferencia,Tienda Física,Vacaciones,S
V002150,2,2024-10-12,C00950,P0020,T012,1,75000.0,0.0,Tarjeta Débito,Tienda Física,Temporada Regular,S
V002643,2,2023-06-22,C00462,P0011,T004,3,127000.0,0.0,Tarjeta Débito,Tienda Física,Temporada Regular,Xs
V003492,2,2024-05-14,C00953,P0025,T034,1,145000.0,0.15,Tarjeta Débito,Tienda Física,Vacaciones,L
V003248,1,2024-04-25,C01638,P0006,T002,1,58000.0,0.0,Efectivo,Tienda Física,Temporada Regular,M
V002955,1,2024-11-14,C01016,P0019,T014,1,70000.0,0.0,Tarjeta Débito,Tienda Física,Vacaciones,Xs
V002709,1,2024-06-19,C02737,P0010,T030,1,94000.0,0.05,Tarjeta Débito,Tienda Física,Temporada Regular,30
V003511,1,2024-02-09,C00139,P0002,T030,1,153000.0,0.1,Tarjeta Crédito,Online,Temporada Regular,Sin Talla
V000616,2,2023-09-03,C01642,P0018,T021,3,75000.0,0.0,Tarjeta Crédito,Tienda Física,Black Friday,L
V002710,1,2024-03-03,C02087,P0011,T027,4,139000.0,0.0,Tarjeta Crédito,Tienda Física,Temporada Regular,L
V001381,1,2023-04-06,C02783,P0002,T036,3,164000.0,0.2,Tarjeta Débito,Tienda Física,Temporada De Diciembre,M
V000336,1,2023-07-18,C00437,P0001,T024,2,141000.0,0.05,Tarjeta Crédito,Tienda Física,Temporada Regular,32
V003085,1,2025-06-25,C00532,P0012,T009,2,114000.0,0.0,Tarjeta Crédito,Tienda Física,Temporada Regular,Xs
V000846,2,2024-12-05,C01052,P0021,T015,4,123000.0,0.0,Transferencia,Tienda Física,Temporada Regular,Xl
V000234,1,2025-10-25,C00802,P0012,T004,4,110000.0,0.0,Tarjeta Débito,Tienda Física,Temporada De Diciembre,L
V001590,1,2024-08-20,C01668,P0026,T004,1,136000.0,0.0,Tarjeta Crédito,Online,Temporada Regular,Xs
V002968,2,2023-11-26,C02444,P0002,T042,2,153000.0,0.0,Efectivo,Online,Vacaciones,L
V002267,1,2023-04-30,C02352,P0025,T043,1,138000.0,0.0,Tarjeta Débito,Online,Temporada Regular,Xs
V002551,2,2025-04-15,C01299,P0022,T017,1,193000.0,0.3,Tarjeta Crédito,Tienda Física,Temporada Regular,S
V003073,1,2025-08-22,C00197,P0021,T024,1,119000.0,0.0,Tarjeta Débito,Tienda Física,Vacaciones,M
V003139,1,2023-07-03,C02752,P0004,T002,1,177000.0,0.0,Transferencia,Tienda Física,Temporada De Diciembre,38
V002540,1,2024-12-23,C00694,P0002,T018,1,153000.0,0.05,Tarjeta Débito,Tienda Física,Vacaciones,Xl
V002337,2,2024-06-04,C02554,P0011,T032,1,132000.0,0.1,Tarjeta Crédito,Tienda Física,Temporada Regular,Xl
V000255,1,2023-06-27,C01104,P0019,T011,2,69000.0,0.0,Transferencia,Tienda Física,Temporada Regular,Xxl
V002866,1,2023-12-27,C01886,P0013,T004,4,59000.0,0.0,Tarjeta Crédito,Online,Temporada Regular,S
V001516,2,2025-12-30,C01325,P0009,T026,1,131000.0,0.0,Tarjeta Débito,Tienda Física,Temporada Regular,L
V002675,1,2025-02-09,C00308,P0010,T018,1,92000.0,0.3,Efectivo,Tienda Física,Temporada Regular,32
V000789,3,2025-01-08,C00971,P0001,T004,1,144000.0,0.0,Tarjeta Crédito,Tienda Física,Temporada De Diciembre,28
V002299,1,2024-12-03,C01229,P0006,T015,1,57000.0,0.0,Efectivo,Tienda Física,Vacaciones,Xxl
V001871,2,2025-03-26,C02312,P0023,T004,3,78000.0,0.2,Tarjeta Débito,Tienda Física,Temporada Regular,L
V003442,2,2023-01-03,C00329,P0025,T039,1,143000.0,0.15,Efectivo,Tienda Física,Temporada Regular,M
V000096,2,2023-10-17,C01126,P0024,T022,1,211000.0,0.0,Efectivo,Tienda Física,Temporada Regular,M
V003629,1,2024-01-17,C01636,P0008,T019,3,211000.0,0.0,Tarjeta Débito,Tienda Física,Día De La Madre,Xs
V002964,2,2024-03-23,C00854,P0018,T031,2,73000.0,0.0,Tarjeta Débito,Tienda Física,Día De La Madre,L
V003203,2,2025-08-21,C01326,P0014,T004,2,137000.0,0.0,Tarjeta Crédito,Tienda Física,Temporada De Diciembre,28
V002688,2,2023-09-07,C01305,P0024,T006,1,214000.0,0.0,Tarjeta Crédito,Tienda Física,Temporada Regular,Xl
V000238,2,2023-03-17,C00283,P0024,T043,4,212000.0,0.0,Efectivo,Tienda Física,Regreso A Clases,M
V002080,1,2024-10-04,C02372,P0008,T032,2,206000.0,0.05,Efectivo,Tienda Física,Temporada Regular,S
V001979,2,2025-06-11,C02275,P0020,T027,2,81000.0,0.0,Tarjeta Débito,Tienda Física,Temporada Regular,Xl
V003110,1,2025-06-03,C01626,P0015,T021,3,172000.0,0.0,Tarjeta Crédito,Tienda Física,Temporada Regular,36
V001449,2,2024-10-10,C00413,P0004,T009,1,177000.0,0.3,Tarjeta Débito,Tienda Física,Día De La Madre,30
V002765,1,2024-11-05,C00207,P0004,T023,1,181000.0,0.0,Tarjeta Crédito,Tienda Física,Temporada Regular,40
V003303,1,2023-08-23,C01327,P0011,T028,2,140000.0,0.0,Tarjeta Crédito,Tienda Física,Día De La Madre,M
V001175,1,2025-12-31,C00917,P0017,T004,3,142000.0,0.0,Tarjeta Crédito,Tienda Física,Temporada Regular,Xxl
V000295,1,2025-03-15,C00474,P0016,T004,1,134000.0,0.0,Tarjeta Débito,Online,Día Del Padre,40
V001374,1,2025-06-04,C00628,P0018,T015,2,73000.0,0.0,Efectivo,Tienda Física,Temporada Regular,Xxl
V000673,2,2025-09-23,C00448,P0003,T017,1,185000.0,0.0,Tarjeta Débito,Tienda Física,Vacaciones,34
V002048,1,2025-01-19,C00550,P0026,T009,1,136000.0,0.4,Efectivo,Online,Vacaciones,Xxl
V001359,2,2025-09-24,C02202,P0023,T041,1,78000.0,0.0,Transferencia,Tienda Física,Temporada De Diciembre,Xs
V003461,1,2024-06-26,C01397,P0002,T027,2,157000.0,0.15,Transferencia,Tienda Física,Black Friday,L
V003733,2,2025-04-06,C00054,P0018,T019,3,79000.0,0.0,Efectivo,Tienda Física,Temporada Regular,Xl
V002034,1,2023-04-11,C01697,P0017,T018,2,147000.0,0.1,Transferencia,Tienda Física,Temporada Regular,Xl
V000628,1,2023-11-29,C00635,P0013,T009,4,56000.0,0.0,Tarjeta Débito,Tienda Física,Black Friday,S
V003670,2,2025-08-22,C00753,P0002,T009,1,162000.0,0.0,Tarjeta Crédito,Tienda Física,Temporada Regular,Xxl
V002601,1,2023-04-02,C01282,P0019,T022,4,72000.0,0.0,Tarjeta Crédito,Tienda Física,Temporada Regular,Xs
V001078,2,2024-03-09,C02319,P0008,T023,2,219000.0,0.05,Tarjeta Crédito,Tienda Física,Vacaciones,Xs
V002053,3,2023-03-28,C00890,P0009,T043,1,128000.0,0.0,Efectivo,Tienda Física,Regreso A Clases,S
V003268,3,2025-01-02,C00560,P0022,T010,1,202000.0,0.0,Tarjeta Débito,Tienda Física,Vacaciones,Xs
V000612,1,2024-07-25,C00425,P0021,T019,1,126000.0,0.0,Tarjeta Crédito,Tienda Física,Temporada Regular,Xl
V001710,1,2025-03-05,C01275,P0022,T035,4,194000.0,0.0,Efectivo,Tienda Física,Temporada Regular,Xs
V002138,1,2024-04-13,C00905,P0026,T009,3,140000.0,0.0,Tarjeta Débito,Online,Temporada De Diciembre,Xxl
V003402,3,2024-05-22,C02789,P0002,T001,1,149000.0,0.3,Tarjeta Crédito,Tienda Física,Temporada Regular,Xl
V001938,1,2023-06-25,C00806,P0019,T005,2,72000.0,0.3,Tarjeta Débito,Tienda Física,Temporada Regular,M
V000001,2,2023-02-11,C00548,P0009,T021,1,129000.0,0.0,Tarjeta Crédito,Tienda Física,Temporada Regular,L
V003117,3,2023-10-20,C01731,P0025,T014,1,146000.0,0.0,Transferencia,Tienda Física,Black Friday,Xs
V003174,1,2025-09-27,C01296,P0024,T004,1,213000.0,0.0,Tarjeta Crédito,Tienda Física,Temporada Regular,Xs
V000664,3,2023-07-16,C00086,P0023,T043,4,81000.0,0.05,Transferencia,Tienda Física,Temporada Regular,Xxl
V001073,2,2025-08-18,C02113,P0022,T004,1,204000.0,0.05,Efectivo,Tienda Física,Temporada Regular,Xs
V001751,2,2025-10-28,C01312,P0001,T013,3,140000.0,0.0,Tarjeta Crédito,Tienda Física,Temporada De Diciembre,30
V003216,1,2023-02-24,C01976,P0013,T028,1,54000.0,0.0,Transferencia,Online,Temporada Regular,Xl
V002431,1,2023-10-16,C01743,P0026,T001,1,142000.0,0.0,Tarjeta Crédito,Tienda Física,Temporada De Diciembre,M
V003378,1,2025-02-16,C00952,P0001,T022,2,150000.0,0.4,Tarjeta Débito,Tienda Física,Temporada Regular,32
V002519,2,2024-12-18,C02263,P0015,T033,1,178000.0,0.0,Efectivo,Tienda Física,Temporada Regular,40
V002636,2,2024-09-09,C02773,P0003,T018,2,181000.0,0.0,Tarjeta Débito,Online,Vacaciones,28
V002497,2,2023-04-21,C02309,P0022,T042,1,208000.0,0.0,Tarjeta Débito,Tienda Física,Temporada Regular,S
V000356,2,2025-10-02,C01544,P0008,T016,1,206000.0,0.15,Tarjeta Crédito,Tienda Física,Temporada De Diciembre,Xl
V001254,2,2023-01-14,C02379,P0011,T023,1,137000.0,0.0,Efectivo,Tienda Física,Vacaciones,Xl
V003134,3,2024-08-27,C01128,P0009,T009,1,125000.0,0.0,Tarjeta Crédito,Tienda Física,Black Friday,Sin Talla
V002600,2,2024-12-16,C01454,P0005,T009,2,114000.0,0.0,Tarjeta Crédito,Tienda Física,Temporada Regular,L
V000183,3,2025-10-26,C02360,P0015,T035,2,180000.0,0.0,Tarjeta Crédito,Tienda Física,Temporada Regular,40
V000458,1,2025-01-25,C00908,P0015,T019,1,178000.0,0.1,Tarjeta Débito,Tienda Física,Temporada Regular,40
V002496,2,2025-05-08,C01816,P0012,T028,2,112000.0,0.0,Tarjeta Débito,Tienda Física,Temporada Regular,Xl
V000374,3,2024-10-03,C00639,P0020,T029,3,76000.0,0.0,Tarjeta Crédito,Tienda Física,Black Friday,Xs
V001638,2,2024-01-19,C00349,P0022,T038,1,198000.0,0.15,Tarjeta Crédito,Tienda Física,Temporada Regular,M
V003706,1,2024-09-14,C01335,P0018,T028,1,75000.0,0.0,Tarjeta Crédito,Tienda Física,Temporada Regular,S
V001917,1,2023-01-29,C00681,P0004,T019,1,164000.0,0.0,Transferencia,Tienda Física,Temporada Regular,36
V002149,1,2025-03-14,C00814,P0026,T009,1,140000.0,0.15,Tarjeta Débito,Tienda Física,Regreso A Clases,Xxl
V002531,2,2023-02-05,C01807,P0004,T014,1,179000.0,0.0,Tarjeta Crédito,Tienda Física,Black Friday,28
V003237,1,2024-10-29,C01916,P0021,T008,1,118000.0,0.0,Transferencia,Tienda Física,Temporada Regular,Xxl
V001603,1,2025-01-29,C00924,P0002,T043,1,159000.0,0.15,Tarjeta Crédito,Tienda Física,Temporada Regular,Xs
V001829,2,2023-12-22,C00923,P0002,T032,3,153000.0,0.0,Tarjeta Débito,Tienda Física,Temporada Regular,S
V001769,1,2023-02-02,C00380,P0014,T010,2,136000.0,0.0,Tarjeta Débito,Tienda Física,Temporada Regular,28
V000432,1,2023-10-31,C00950,P0009,T004,4,130000.0,0.0,Efectivo,Tienda Física,Temporada Regular,Xl
V001392,2,2024-08-22,C01987,P0014,T002,2,135000.0,0.0,Efectivo,Online,Temporada De Diciembre,32
V003715,1,2023-04-16,C02730,P0008,T031,2,221000.0,0.4,Tarjeta Crédito,Tienda Física,Temporada Regular,L
V002520,1,2023-09-02,C02255,P0001,T004,1,143000.0,0.0,Efectivo,Tienda Física,Vacaciones,40
V000988,2,2023-12-03,C02466,P0015,T036,1,177000.0,0.0,Transferencia,Tienda Física,Temporada Regular,28
V003551,1,2025-02-23,C00487,P0003,T016,1,183000.0,0.0,Tarjeta Débito,Tienda Física,Temporada Regular,38
V002441,1,2025-05-29,C01261,P0002,T022,1,148000.0,0.0,Efectivo,Tienda Física,Vacaciones,S
V000162,1,2023-07-15,C01834,P0008,T009,1,218000.0,0.0,Tarjeta Crédito,Tienda Física,Vacaciones,M
V002205,2,2025-03-10,C00924,P0024,T027,1,209000.0,0.0,Tarjeta Débito,Tienda Física,Regreso A Clases,M
V002825,1,2025-02-09,C00734,P0017,T020,1,141000.0,0.0,Tarjeta Crédito,Tienda Física,Temporada Regular,Xl
V003238,1,2025-08-10,C02617,P0017,T031,4,152000.0,0.1,Tarjeta Crédito,Tienda Física,Temporada Regular,Xl
V003225,1,2025-04-06,C02783,P0006,T009,3,56000.0,0.4,Tarjeta Crédito,Tienda Física,Vacaciones,S
V000170,1,2024-01-20,C00655,P0017,T010,1,140000.0,0.0,Tarjeta Crédito,Tienda Física,Temporada De Diciembre,S
V002841,1,2025-01-19,C00625,P0017,T005,1,143000.0,0.05,Tarjeta Crédito,Tienda Física,Temporada Regular,L
V002854,2,2025-12-01,C01705,P0025,T034,2,144000.0,0.0,Efectivo,Tienda Física,Día De La Madre,L
V001738,1,2023-06-22,C02704,P0012,T026,4,114000.0,0.0,Transferencia,Tienda Física,Temporada Regular,S
V002794,1,2024-08-09,C01957,P0010,T027,1,94000.0,0.0,Efectivo,Tienda Física,Temporada Regular,32
V000055,2,2025-08-10,C01901,P0005,T030,2,112000.0,0.0,Tarjeta Crédito,Tienda Física,Temporada Regular,M
V001943,1,2024-06-26,C02255,P0015,T003,2,178000.0,0.3,Tarjeta Crédito,Tienda Física,Temporada De Diciembre,38
V001380,3,2024-08-07,C00016,P0025,T033,1,140000.0,0.05,Tarjeta Débito,Tienda Física,Temporada De Diciembre,L
V000595,3,2025-05-25,C02217,P0009,T041,1,127000.0,0.0,Efectivo,Tienda Física,Temporada Regular,L
V000532,1,2023-01-06,C02628,P0003,T027,3,175000.0,0.0,Tarjeta Crédito,Tienda Física,Temporada Regular,40
V002517,2,2024-01-08,C02780,P0014,T010,1,141000.0,0.0,Transferencia,Tienda Física,Regreso A Clases,30
V003409,1,2024-12-26,C00938,P0023,T004,1,75000.0,0.0,Efectivo,Tienda Física,Temporada Regular,S
V001286,1,2024-12-07,C01284,P0017,T016,2,144000.0,0.0,Efectivo,Tienda Física,Temporada Regular,Sin Talla
V003018,1,2025-01-30,C00765,P0009,T030,1,131000.0,0.0,Tarjeta Crédito,Tienda Física,Temporada Regular,Xxl
V000536,1,2023-08-10,C02044,P0013,T025,1,56000.0,0.0,Tarjeta Crédito,Tienda Física,Temporada De Diciembre,Xs
V002936,1,2025-03-31,C02388,P0013,T012,2,55000.0,0.0,Tarjeta Crédito,Tienda Física,Vacaciones,Xl
V001267,1,2024-11-05,C00386,P0025,T004,2,134000.0,0.0,Tarjeta Crédito,Tienda Física,Temporada Regular,M
V000834,1,2023-12-26,C01486,P0025,T016,1,139000.0,0.0,Tarjeta Débito,Tienda Física,Temporada Regular,S
V001263,1,2023-07-17,C02264,P0009,T008,1,124000.0,0.0,Transferencia,Tienda Física,Temporada Regular,Xxl
V001269,1,2025-10-20,C00445,P0025,T026,3,142000.0,0.0,Tarjeta Crédito,Tienda Física,Temporada Regular,L
V001664,1,2023-08-28,C00868,P0006,T007,2,59000.0,0.2,Tarjeta Crédito,Tienda Física,Temporada Regular,Xs
V002583,1,2025-10-13,C01356,P0020,T004,4,79000.0,0.0,Tarjeta Débito,Tienda Física,Temporada Regular,Xs
V000731,1,2025-12-21,C01278,P0023,T023,1,80000.0,0.15,Efectivo,Tienda Física,Día Del Padre,M
V001560,2,2025-07-19,C00095,P0004,T012,2,171000.0,0.0,Efectivo,Tienda Física,Día De La Madre,30
V003167,2,2024-02-03,C02293,P0026,T004,3,131000.0,0.3,Tarjeta Débito,Tienda Física,Temporada Regular,Xl
V001691,1,2025-08-15,C01153,P0006,T024,4,58000.0,0.0,Tarjeta Débito,Tienda Física,Temporada Regular,Xs
V002269,2,2025-05-12,C02147,P0021,T022,1,121000.0,0.0,Efectivo,Tienda Física,Vacaciones,S
V002865,2,2025-10-30,C02060,P0017,T003,1,152000.0,0.0,Tarjeta Débito,Tienda Física,Temporada Regular,Xs
V002416,2,2024-02-16,C00064,P0021,T001,4,126000.0,0.3,Tarjeta Débito,Tienda Física,Temporada Regular,Xxl
V001031,1,2024-01-12,C01147,P0014,T018,4,140000.0,0.15,Tarjeta Crédito,Online,Temporada Regular,38
V000118,1,2023-04-14,C01464,P0023,T004,3,79000.0,0.0,Efectivo,Online,Temporada Regular,Xl
V003769,3,2025-03-01,C01044,P0019,T024,2,74000.0,0.0,Tarjeta Débito,Tienda Física,Temporada Regular,L
V001992,1,2023-08-22,C02096,P0008,T021,1,223000.0,0.0,Tarjeta Débito,Tienda Física,Temporada Regular,L
V001169,2,2025-07-08,C02780,P0006,T036,3,56000.0,0.0,Tarjeta Débito,Tienda Física,Día Del Padre,Xs
V002963,3,2025-11-07,C00622,P0016,T003,4,141000.0,0.0,Tarjeta Crédito,Online,Vacaciones,32
V002862,1,2023-06-30,C00339,P0008,T017,2,219000.0,0.0,Tarjeta Crédito,Tienda Física,Temporada Regular,Xxl
V002024,2,2024-05-24,C02780,P0013,T004,4,60000.0,0.0,Efectivo,Tienda Física,Temporada Regular,Xxl
V002467,1,2025-03-14,C00946,P0002,T003,2,157000.0,0.4,Efectivo,Tienda Física,Temporada Regular,M
V003031,3,2024-03-17,C01271,P0012,T015,1,110000.0,0.0,Tarjeta Débito,Tienda Física,Día De La Madre,M
V003069,1,2024-01-27,C02495,P0021,T014,2,125000.0,0.1,Efectivo,Tienda Física,Día De La Madre,Xs
V003670,1,2025-08-22,C00753,P0001,T009,2,137000.0,0.1,Tarjeta Crédito,Tienda Física,Temporada Regular,36
V001319,2,2024-08-21,C01192,P0001,T007,1,146000.0,0.0,Tarjeta Débito,Tienda Física,Día De La Madre,36
V001314,2,2025-07-13,C00406,P0009,T037,1,126000.0,0.0,Efectivo,Tienda Física,Temporada Regular,Xxl
V003420,1,2023-01-22,C02690,P0026,T021,4,139000.0,0.3,Tarjeta Crédito,Tienda Física,Temporada Regular,M
V003335,1,2024-07-11,C01699,P0017,T001,1,141000.0,0.0,Tarjeta Débito,Tienda Física,Temporada Regular,M
V000130,1,2025-11-25,C01960,P0006,T012,2,54000.0,0.0,Tarjeta Débito,Tienda Física,Temporada Regular,Xxl
V001964,1,2023-12-16,C01031,P0014,T039,1,135000.0,0.1,Tarjeta Crédito,Tienda Física,Black Friday,30
V001262,1,2023-07-08,C00577,P0024,T038,1,226000.0,0.0,Transferencia,Tienda Física,Día De La Madre,L
V001830,1,2023-10-10,C01136,P0011,T003,1,134000.0,0.0,Tarjeta Crédito,Tienda Física,Día Del Padre,S
V000907,1,2023-01-09,C01617,P0011,T028,3,140000.0,0.0,Transferencia,Online,Regreso A Clases,Xl
V001746,1,2025-08-18,C01573,P0010,T004,3,98000.0,0.05,Tarjeta Crédito,Tienda Física,Día Del Padre,34
V003057,3,2024-12-03,C01381,P0024,T031,1,218000.0,0.05,Tarjeta Débito,Tienda Física,Temporada Regular,Xxl
V000327,3,2023-09-23,C01852,P0006,T028,1,55000.0,0.0,Tarjeta Débito,Tienda Física,Temporada Regular,S
V001065,1,2025-08-13,C00869,P0009,T034,2,128000.0,0.0,Tarjeta Crédito,Tienda Física,Temporada Regular,Xxl
V000385,1,2024-03-31,C00608,P0013,T017,3,58000.0,0.0,Tarjeta Crédito,Tienda Física,Temporada Regular,L
V002422,2,2024-12-06,C01137,P0025,T004,3,144000.0,0.0,Tarjeta Crédito,Tienda Física,Temporada Regular,L
V001513,2,2024-07-24,C02120,P0005,T011,3,111000.0,0.0,Tarjeta Crédito,Tienda Física,Vacaciones,Xs
V003076,2,2025-05-18,C00741,P0007,T009,1,59000.0,0.0,Tarjeta Crédito,Tienda Física,Temporada Regular,Xxl
V003698,2,2024-09-24,C00555,P0016,T012,1,139000.0,0.0,Tarjeta Crédito,Tienda Física,Vacaciones,34
V002320,1,2024-02-17,C01582,P0008,T004,2,212000.0,0.0,Efectivo,Tienda Física,Temporada Regular,S
V002052,1,2024-04-07,C00710,P0016,T004,3,138000.0,0.0,Tarjeta Crédito,Tienda Física,Black Friday,36
V003095,1,2024-07-05,C02285,P0019,T012,1,72000.0,0.0,Tarjeta Crédito,Tienda Física,Temporada Regular,L
V000493,1,2023-01-06,C01199,P0013,T040,1,57000.0,0.1,Transferencia,Online,Black Friday,Xxl
V002725,2,2025-07-12,C01398,P0012,T010,1,111000.0,0.0,Tarjeta Crédito,Tienda Física,Temporada Regular,L
V000328,1,2024-07-06,C02509,P0012,T037,1,111000.0,0.0,Tarjeta Débito,Tienda Física,Temporada Regular,Xl
V002253,1,2025-04-27,C00402,P0002,T021,4,161000.0,0.15,Tarjeta Débito,Tienda Física,Temporada Regular,Xl
V001705,1,2023-07-28,C02076,P0025,T007,1,140000.0,0.05,Transferencia,Online,Temporada Regular,Xl
V001985,2,2025-07-19,C01634,P0004,T013,1,164000.0,0.0,Tarjeta Débito,Tienda Física,Temporada Regular,32
V001383,1,2025-05-05,C02360,P0010,T008,4,94000.0,0.0,Tarjeta Crédito,Online,Temporada Regular,28
V002808,3,2023-03-16,C02169,P0015,T030,2,184000.0,0.1,Tarjeta Crédito,Tienda Física,Temporada Regular,28
V002542,1,2023-08-21,C02416,P0025,T031,1,140000.0,0.15,Tarjeta Crédito,Tienda Física,Día De La Madre,Xs
V002751,2,2023-10-04,C00869,P0003,T041,1,171000.0,0.0,Efectivo,Tienda Física,Temporada De Diciembre,36
V002930,1,2024-03-12,C00862,P0020,T031,4,76000.0,0.0,Tarjeta Débito,Tienda Física,Temporada Regular,Xs
V002184,2,2023-05-24,C01029,P0002,T004,1,160000.0,0.0,Tarjeta Crédito,Online,Día De La Madre,Xs
V002678,1,2024-06-08,C01321,P0019,T017,1,71000.0,0.05,Tarjeta Crédito,Online,Temporada Regular,L
V000994,1,2024-07-09,C00726,P0018,T018,3,74000.0,0.0,Tarjeta Débito,Tienda Física,Temporada Regular,S
V002182,1,2025-12-02,C02234,P0001,T005,2,146000.0,0.0,Tarjeta Débito,Tienda Física,Temporada Regular,40
V002089,1,2025-07-12,C00402,P0010,T004,1,96000.0,0.0,Tarjeta Crédito,Online,Día Del Padre,38
V000083,1,2025-07-11,C02440,P0002,T031,1,159000.0,0.05,Tarjeta Débito,Tienda Física,Día Del Padre,Xl
V000323,1,2024-03-16,C00735,P0007,T028,1,58000.0,0.0,Efectivo,Tienda Física,Black Friday,M
V001169,1,2025-07-08,C02780,P0017,T036,4,149000.0,0.0,Tarjeta Débito,Tienda Física,Día Del Padre,Xl
V003610,2,2023-06-04,C01375,P0002,T012,1,161000.0,0.0,Tarjeta Débito,Tienda Física,Temporada Regular,Xl
V002755,1,2023-11-22,C01611,P0021,T010,1,118000.0,0.3,Tarjeta Débito,Online,Temporada Regular,Xs
V002305,1,2025-05-27,C02748,P0021,T010,2,118000.0,0.2,Efectivo,Tienda Física,Black Friday,Xs
V000882,1,2025-11-30,C01454,P0021,T001,1,123000.0,0.3,Tarjeta Débito,Tienda Física,Vacaciones,Xxl
V001271,1,2025-07-09,C02332,P0021,T043,2,125000.0,0.0,Tarjeta Crédito,Tienda Física,Temporada Regular,Xxl
V002552,1,2025-06-18,C01849,P0009,T010,1,132000.0,0.0,Efectivo,Online,Regreso A Clases,Xl
V001809,1,2025-09-22,C01769,P0026,T033,1,142000.0,0.0,Transferencia,Tienda Física,Temporada Regular,Xxl
V000986,1,2024-08-03,C01221,P0011,T043,1,135000.0,0.0,Efectivo,Online,Temporada De Diciembre,L
V000318,2,2024-07-03,C01372,P0017,T042,1,149000.0,0.0,Tarjeta Débito,Tienda Física,Temporada Regular,Xs
V003211,1,2023-02-10,C00541,P0008,T018,4,218000.0,0.0,Tarjeta Débito,Tienda Física,Temporada Regular,S
V002531,1,2023-02-05,C01807,P0015,T014,4,183000.0,0.3,Tarjeta Crédito,Tienda Física,Black Friday,40
V002006,1,2023-10-02,C00653,P0001,T001,1,146000.0,0.0,Tarjeta Débito,Tienda Física,Temporada Regular,28
V000725,2,2025-04-05,C00151,P0026,T033,1,133000.0,0.15,Tarjeta Crédito,Tienda Física,Black Friday,Xxl
V002943,2,2023-01-30,C00734,P0007,T017,1,58000.0,0.05,Tarjeta Débito,Tienda Física,Temporada Regular,M
V002069,1,2023-10-22,C00878,P0024,T025,4,226000.0,0.0,Tarjeta Crédito,Tienda Física,Temporada Regular,S
V002099,1,2023-10-20,C01184,P0012,T041,1,107000.0,0.0,Tarjeta Débito,Tienda Física,Temporada Regular,Xxl
V002524,1,2024-12-24,C00001,P0025,T038,1,146000.0,0.0,Tarjeta Crédito,Tienda Física,Temporada Regular,S
V002968,3,2023-11-26,C02444,P0007,T042,1,63000.0,0.15,Efectivo,Online,Vacaciones,Xxl
V002079,1,2023-08-30,C00221,P0023,T042,1,80000.0,0.3,Tarjeta Crédito,Tienda Física,Temporada Regular,Xxl
V003753,1,2024-03-21,C00911,P0004,T020,4,168000.0,0.0,Efectivo,Tienda Física,Temporada Regular,30
V002018,1,2024-05-19,C01246,P0009,T033,2,127000.0,0.0,Tarjeta Crédito,Tienda Física,Temporada Regular,S
V001343,1,2025-10-16,C02515,P0005,T039,4,114000.0,0.0,Tarjeta Crédito,Online,Temporada Regular,M
V003065,2,2024-03-22,C01445,P0026,T028,1,130000.0,0.0,Tarjeta Crédito,Tienda Física,Black Friday,M
V000316,1,2023-09-26,C02243,P0014,T018,1,144000.0,0.0,Tarjeta Débito,Online,Temporada Regular,30
V001394,1,2023-12-16,C02782,P0018,T012,1,73000.0,0.0,Tarjeta Débito,Tienda Física,Temporada Regular,Xl
V002012,3,2023-12-09,C01378,P0008,T003,1,207000.0,0.0,Tarjeta Crédito,Tienda Física,Temporada Regular,S
V001431,1,2025-07-09,C01194,P0017,T007,1,145000.0,0.0,Tarjeta Crédito,Tienda Física,Día De La Madre,M
V000757,1,2023-12-06,C00614,P0009,T039,4,132000.0,0.0,Tarjeta Crédito,Tienda Física,Temporada Regular,Xl
V002694,1,2023-07-26,C00198,P0006,T039,4,54000.0,0.0,Tarjeta Débito,Online,Día Del Padre,Xxl
V002470,2,2025-04-04,C02492,P0001,T004,2,142000.0,0.0,Tarjeta Débito,Online,Temporada De Diciembre,28
V001890,3,2023-12-12,C01044,P0001,T026,2,150000.0,0.0,Tarjeta Crédito,Tienda Física,Temporada Regular,28
V002079,2,2023-08-30,C00221,P0012,T042,4,108000.0,0.05,Tarjeta Crédito,Tienda Física,Temporada Regular,M
V002141,1,2025-06-19,C01967,P0017,T015,2,143000.0,0.15,Tarjeta Crédito,Tienda Física,Temporada Regular,Xs
V003182,1,2025-01-27,C02346,P0013,T004,1,58000.0,0.0,Tarjeta Débito,Tienda Física,Temporada Regular,Xl
V000773,1,2023-04-02,C02354,P0007,T040,1,59000.0,0.2,Tarjeta Débito,Tienda Física,Temporada Regular,M
V000937,1,2025-11-18,C01128,P0023,T023,4,78000.0,0.0,Tarjeta Crédito,Tienda Física,Temporada Regular,L
V002946,1,2023-07-18,C01031,P0023,T018,2,76000.0,0.15,Transferencia,Tienda Física,Día De La Madre,M
V001245,2,2023-11-23,C00200,P0019,T004,1,69000.0,0.05,Tarjeta Crédito,Tienda Física,Día Del Padre,S
V003149,1,2025-08-05,C01117,P0020,T013,1,75000.0,0.0,Tarjeta Débito,Tienda Física,Temporada Regular,M
V002004,1,2023-12-21,C01552,P0024,T004,1,212000.0,0.1,Tarjeta Crédito,Tienda Física,Día Del Padre,Xs
V003232,2,2025-10-16,C01225,P0008,T020,1,221000.0,0.0,Tarjeta Crédito,Tienda Física,Temporada Regular,Xs
V002784,1,2023-08-24,C01458,P0005,T026,1,117000.0,0.0,Efectivo,Online,Día Del Padre,Xl
V001715,2,2024-03-16,C00854,P0013,T015,1,59000.0,0.0,Tarjeta Débito,Tienda Física,Temporada Regular,Xl
V001860,1,2023-03-08,C01512,P0017,T041,1,145000.0,0.2,Efectivo,Tienda Física,Día De La Madre,Xs
V003778,1,2024-12-29,C02433,P0009,T040,1,130000.0,0.3,Tarjeta Débito,Tienda Física,Temporada De Diciembre,L
V003585,2,2025-08-08,C02098,P0007,T013,1,59000.0,0.0,Efectivo,Tienda Física,Temporada Regular,Xl
V000365,3,2024-09-04,C00084,P0009,T002,3,123000.0,0.2,Tarjeta Débito,Tienda Física,Temporada Regular,Xs
V002373,2,2023-06-10,C01172,P0026,T008,1,129000.0,0.0,Tarjeta Débito,Tienda Física,Vacaciones,Xxl
V002630,1,2024-08-29,C02265,P0011,T028,1,136000.0,0.0,Tarjeta Débito,Online,Temporada Regular,S
V001192,1,2023-06-11,C01611,P0017,T027,1,145000.0,0.05,Tarjeta Crédito,Online,Temporada Regular,M
V001433,1,2024-06-28,C02047,P0023,T017,2,81000.0,0.0,Tarjeta Débito,Tienda Física,Temporada De Diciembre,Xxl
V001075,2,2024-05-13,C01631,P0020,T041,1,80000.0,0.2,Efectivo,Tienda Física,Día Del Padre,Xxl
V000221,2,2023-10-24,C01050,P0014,T026,2,134000.0,0.05,Tarjeta Crédito,Tienda Física,Temporada De Diciembre,28
V000461,1,2023-09-05,C02386,P0010,T019,4,93000.0,0.0,Transferencia,Online,Vacaciones,36
V002229,1,2024-01-18,C01512,P0002,T021,1,149000.0,0.0,Tarjeta Crédito,Tienda Física,Temporada Regular,M
V001226,1,2025-08-28,C01244,P0020,T042,1,78000.0,0.0,Tarjeta Débito,Online,Regreso A Clases,Xs
V000671,1,2024-09-28,C01985,P0004,T032,1,179000.0,0.0,Tarjeta Crédito,Tienda Física,Vacaciones,28
V003559,1,2025-11-07,C02198,P0012,T037,1,109000.0,0.2,Transferencia,Tienda Física,Temporada Regular,Xl
V002812,1,2023-04-20,C01777,P0006,T043,2,56000.0,0.2,Tarjeta Crédito,Online,Temporada Regular,S
V000327,2,2023-09-23,C01852,P0019,T028,2,69000.0,0.0,Tarjeta Débito,Tienda Física,Temporada Regular,S
V003240,1,2024-07-03,C00287,P0024,T013,1,213000.0,0.0,Tarjeta Crédito,Tienda Física,Regreso A Clases,Xl
V003228,1,2023-11-08,C01441,P0009,T032,1,124000.0,0.4,Efectivo,Tienda Física,Regreso A Clases,S
V002715,1,2025-02-21,C00004,P0019,T012,1,75000.0,0.05,Efectivo,Tienda Física,Temporada De Diciembre,Xxl
V002084,3,2023-03-15,C00645,P0014,T042,3,133000.0,0.0,Efectivo,Tienda Física,Temporada Regular,38
V000815,2,2023-05-09,C02177,P0019,T020,1,74000.0,0.0,Tarjeta Crédito,Tienda Física,Temporada Regular,Xs
V003656,1,2023-06-08,C01264,P0026,T009,1,136000.0,0.0,Tarjeta Débito,Tienda Física,Vacaciones,M
V000229,1,2023-06-22,C00657,P0004,T041,1,168000.0,0.3,Efectivo,Tienda Física,Temporada Regular,36
V002919,1,2023-08-29,C01513,P0019,T043,1,73000.0,0.3,Tarjeta Crédito,Tienda Física,Temporada Regular,L
V003278,1,2023-05-09,C01237,P0012,T043,2,109000.0,0.0,Tarjeta Crédito,Tienda Física,Vacaciones,Xs
V002167,1,2024-12-07,C01933,P0025,T030,1,138000.0,0.0,Tarjeta Débito,Tienda Física,Regreso A Clases,Xxl
V002850,1,2024-09-10,C00197,P0016,T015,1,143000.0,0.05,Efectivo,Tienda Física,Día De La Madre,38
V003145,1,2023-10-12,C02258,P0026,T038,1,134000.0,0.3,Tarjeta Crédito,Tienda Física,Temporada Regular,M
V002820,3,2025-08-10,C01032,P0012,T004,3,105000.0,0.3,Tarjeta Crédito,Tienda Física,Temporada Regular,Xl
V000760,1,2025-01-11,C02649,P0016,T036,1,144000.0,0.2,Efectivo,Tienda Física,Temporada Regular,38
V002467,2,2025-03-14,C00946,P0003,T003,1,185000.0,0.0,Efectivo,Tienda Física,Temporada Regular,30
V003017,1,2025-11-29,C02379,P0009,T037,1,123000.0,0.2,Efectivo,Tienda Física,Temporada Regular,M
V003013,1,2024-12-04,C01704,P0020,T016,1,75000.0,0.0,Tarjeta Débito,Tienda Física,Temporada Regular,S
V001939,2,2025-08-21,C00546,P0012,T043,1,115000.0,0.05,Transferencia,Tienda Física,Temporada Regular,Xs
V001299,1,2023-04-30,C02747,P0018,T042,1,75000.0,0.05,Tarjeta Crédito,Tienda Física,Black Friday,Xl
V002071,2,2024-03-03,C01220,P0013,T043,4,58000.0,0.0,Tarjeta Débito,Tienda Física,Black Friday,Xs
V003154,2,2025-03-02,C02746,P0024,T005,1,214000.0,0.0,Efectivo,Tienda Física,Temporada Regular,Xxl
V000302,2,2025-01-19,C02635,P0003,T009,1,175000.0,0.0,Tarjeta Débito,Tienda Física,Temporada Regular,32
V000206,1,2023-02-26,C01815,P0018,T016,1,76000.0,0.0,Tarjeta Crédito,Tienda Física,Día De La Madre,L
V000178,2,2023-03-17,C00405,P0011,T006,3,127000.0,0.0,Tarjeta Crédito,Tienda Física,Black Friday,M
V000006,1,2024-09-24,C01689,P0007,T024,1,59000.0,0.0,Tarjeta Crédito,Tienda Física,Regreso A Clases,Xs
V002318,3,2025-05-19,C02297,P0015,T032,1,167000.0,0.0,Tarjeta Crédito,Tienda Física,Temporada Regular,36
V002547,1,2025-09-25,C02631,P0006,T023,3,53000.0,0.0,Tarjeta Crédito,Tienda Física,Temporada Regular,L
V001507,2,2025-09-06,C02180,P0023,T033,3,81000.0,0.0,Tarjeta Débito,Tienda Física,Temporada Regular,L
V002290,1,2024-09-02,C00001,P0003,T004,2,177000.0,0.0,Efectivo,Tienda Física,Día De La Madre,40
V001846,1,2023-08-31,C01143,P0004,T004,4,172000.0,0.0,Efectivo,Online,Temporada Regular,36
V002951,2,2025-06-12,C01217,P0023,T018,2,76000.0,0.0,Tarjeta Crédito,Tienda Física,Temporada Regular,L
V001458,2,2024-01-27,C00035,P0019,T004,3,75000.0,0.0,Tarjeta Crédito,Tienda Física,Temporada Regular,M
V001143,1,2024-09-17,C00857,P0024,T023,3,212000.0,0.0,Tarjeta Crédito,Tienda Física,Temporada De Diciembre,Xs
V002361,1,2025-12-07,C02107,P0008,T009,4,207000.0,0.0,Efectivo,Tienda Física,Vacaciones,Xs
V003412,1,2023-03-02,C01526,P0017,T018,4,140000.0,0.05,Efectivo,Online,Black Friday,Xxl
V003247,1,2023-01-13,C02525,P0022,T043,2,209000.0,0.05,Efectivo,Online,Regreso A Clases,Xs
V002215,2,2023-04-30,C02674,P0021,T041,1,125000.0,0.0,Tarjeta Débito,Tienda Física,Temporada Regular,Xl
V000476,1,2024-07-24,C01898,P0001,T004,1,147000.0,0.0,Tarjeta Débito,Tienda Física,Temporada Regular,28
V001120,2,2025-05-06,C01796,P0019,T019,2,69000.0,0.05,Efectivo,Tienda Física,Temporada Regular,Xs
V002279,2,2024-08-07,C02361,P0019,T039,2,71000.0,0.1,Tarjeta Débito,Tienda Física,Vacaciones,S
V000326,2,2023-01-18,C02000,P0001,T023,4,146000.0,0.0,Tarjeta Crédito,Online,Día De La Madre,34
V003153,1,2025-06-05,C02623,P0017,T037,1,143000.0,0.0,Efectivo,Tienda Física,Temporada Regular,L
V000320,1,2024-08-03,C00726,P0026,T039,1,134000.0,0.05,Efectivo,Tienda Física,Temporada Regular,Xs
V003491,1,2023-04-14,C02239,P0012,T004,2,112000.0,0.0,Tarjeta Débito,Online,Temporada Regular,Xs
V002554,2,2025-04-14,C02064,P0018,T022,4,76000.0,0.0,Tarjeta Crédito,Tienda Física,Temporada De Diciembre,M
V002013,1,2023-06-28,C00177,P0022,T014,1,201000.0,0.0,Tarjeta Débito,Tienda Física,Temporada De Diciembre,Xs
V002108,1,2023-01-06,C02046,P0018,T025,1,74000.0,0.0,Tarjeta Crédito,Tienda Física,Temporada Regular,M
V003121,1,2025-03-10,C00463,P0015,T009,1,171000.0,0.0,Efectivo,Tienda Física,Temporada Regular,34
V002761,1,2025-06-27,C01768,P0022,T009,2,196000.0,0.0,Tarjeta Débito,Tienda Física,Temporada Regular,Xl
V001404,1,2025-01-05,C02665,P0023,T031,1,77000.0,0.0,Tarjeta Débito,Tienda Física,Temporada Regular,M
V001471,2,2024-05-02,C01171,P0017,T025,1,149000.0,0.0,Transferencia,Tienda Física,Temporada Regular,S
V002994,3,2025-04-04,C01615,P0016,T013,2,133000.0,0.0,Efectivo,Tienda Física,Temporada Regular,40
V002577,3,2025-05-29,C02271,P0001,T004,1,142000.0,0.0,Tarjeta Crédito,Tienda Física,Temporada Regular,40
V003161,2,2025-08-01,C02240,P0022,T007,1,198000.0,0.0,Efectivo,Tienda Física,Temporada Regular,Xl
V003713,2,2025-08-31,C01651,P0026,T028,1,132000.0,0.0,Tarjeta Débito,Tienda Física,Temporada Regular,Xs
V001666,2,2023-07-09,C01448,P0024,T043,1,212000.0,0.4,Tarjeta Crédito,Tienda Física,Temporada Regular,L
V000573,1,2024-01-24,C02522,P0018,T009,2,79000.0,0.15,Tarjeta Débito,Tienda Física,Temporada Regular,M
V003279,1,2023-07-27,C01272,P0018,T038,2,76000.0,0.0,Efectivo,Tienda Física,Temporada De Diciembre,S
V003265,1,2024-11-20,C01489,P0014,T008,4,138000.0,0.0,Transferencia,Tienda Física,Temporada De Diciembre,34
V002392,1,2024-12-13,C01122,P0024,T021,4,211000.0,0.3,Tarjeta Débito,Tienda Física,Temporada Regular,M
V000681,1,2023-05-14,C02691,P0014,T013,1,142000.0,0.2,Efectivo,Online,Temporada Regular,32
V003701,2,2024-09-18,C01617,P0004,T009,1,180000.0,0.2,Tarjeta Crédito,Tienda Física,Temporada Regular,40
V000832,1,2025-02-20,C02408,P0006,T034,1,56000.0,0.15,Tarjeta Crédito,Online,Temporada Regular,L
V000168,3,2025-10-21,C00340,P0022,T004,1,204000.0,0.0,Efectivo,Tienda Física,Día Del Padre,S
V003694,1,2024-06-10,C02051,P0020,T004,1,76000.0,0.0,Tarjeta Débito,Tienda Física,Temporada De Diciembre,Xs
V002179,1,2025-04-22,C01813,P0009,T007,1,132000.0,0.4,Tarjeta Crédito,Tienda Física,Vacaciones,Xl
V000818,1,2024-01-02,C00602,P0009,T004,4,121000.0,0.0,Transferencia,Tienda Física,Temporada Regular,M
V000233,1,2025-10-28,C00201,P0014,T022,4,139000.0,0.0,Tarjeta Débito,Online,Temporada Regular,36
V000054,1,2025-08-09,C02791,P0023,T004,2,81000.0,0.2,Transferencia,Tienda Física,Vacaciones,Xxl
V001401,1,2024-03-22,C01787,P0026,T033,1,137000.0,0.0,Tarjeta Crédito,Tienda Física,Día De La Madre,M
V000114,1,2025-06-06,C00892,P0009,T012,3,132000.0,0.05,Transferencia,Tienda Física,Temporada De Diciembre,M
V003587,1,2025-04-27,C00046,P0019,T043,1,73000.0,0.0,Tarjeta Crédito,Tienda Física,Temporada Regular,L
V003045,1,2025-06-19,C02327,P0006,T022,3,57000.0,0.0,Efectivo,Tienda Física,Temporada Regular,M
V000235,2,2024-07-13,C00810,P0013,T009,1,57000.0,0.0,Tarjeta Crédito,Tienda Física,Temporada Regular,Xl
V001841,1,2024-07-23,C02351,P0006,T021,4,54000.0,0.0,Tarjeta Débito,Online,Día Del Padre,Xl
V002153,1,2024-01-25,C01960,P0017,T021,3,152000.0,0.0,Transferencia,Tienda Física,Temporada Regular,S
V003683,1,2025-08-03,C02372,P0013,T005,2,55000.0,0.0,Tarjeta Crédito,Tienda Física,Día De La Madre,Xxl
V000456,1,2025-09-22,C02511,P0022,T015,1,205000.0,0.0,Efectivo,Tienda Física,Vacaciones,M
V000274,3,2023-10-22,C00290,P0025,T016,2,133000.0,0.0,Tarjeta Crédito,Tienda Física,Temporada De Diciembre,Xs
V000435,1,2025-05-03,C02111,P0016,T030,4,136000.0,0.0,Transferencia,Tienda Física,Regreso A Clases,32
V002399,1,2025-10-02,C00935,P0011,T032,2,128000.0,0.0,Tarjeta Débito,Tienda Física,Temporada Regular,Xxl
V001744,2,2024-08-09,C00870,P0014,T010,1,144000.0,0.0,Tarjeta Débito,Tienda Física,Regreso A Clases,32
V003447,1,2023-04-15,C01032,P0001,T004,1,144000.0,0.0,Transferencia,Tienda Física,Temporada Regular,28
V003595,1,2025-11-13,C00240,P0005,T036,2,116000.0,0.2,Tarjeta Crédito,Tienda Física,Temporada Regular,Xs
V001020,1,2024-02-01,C02567,P0018,T004,1,77000.0,0.1,Transferencia,Tienda Física,Temporada Regular,M
V000732,2,2024-03-11,C00818,P0017,T017,1,146000.0,0.0,Tarjeta Crédito,Tienda Física,Temporada Regular,Xs
V001028,1,2025-07-22,C01496,P0003,T004,1,172000.0,0.3,Tarjeta Crédito,Tienda Física,Día Del Padre,30
V000655,1,2024-02-08,C02788,P0014,T016,2,142000.0,0.0,Tarjeta Crédito,Tienda Física,Temporada Regular,30
V002613,2,2024-05-04,C01937,P0026,T002,1,136000.0,0.0,Tarjeta Crédito,Tienda Física,Temporada Regular,L
V002473,1,2024-08-02,C02602,P0008,T025,1,226000.0,0.0,Tarjeta Crédito,Tienda Física,Temporada Regular,M
V000179,1,2023-05-31,C01017,P0014,T026,2,133000.0,0.1,Tarjeta Débito,Tienda Física,Regreso A Clases,36
V003219,2,2023-09-19,C02769,P0016,T007,4,144000.0,0.0,Transferencia,Tienda Física,Temporada Regular,40
V003122,1,2025-04-01,C00290,P0012,T022,1,112000.0,0.0,Tarjeta Crédito,Tienda Física,Temporada Regular,Xl
V001568,2,2023-12-17,C00845,P0008,T026,1,213000.0,0.0,Tarjeta Crédito,Tienda Física,Temporada Regular,Xl
V003761,1,2024-02-13,C02251,P0018,T005,1,79000.0,0.3,Tarjeta Crédito,Tienda Física,Temporada Regular,Xl
V002826,1,2023-10-28,C00708,P0022,T004,2,210000.0,0.0,Tarjeta Débito,Tienda Física,Temporada Regular,L
V002640,1,2024-07-09,C02457,P0012,T005,1,114000.0,0.05,Tarjeta Débito,Tienda Física,Temporada Regular,Xxl
V001916,1,2023-08-31,C01814,P0013,T016,2,55000.0,0.4,Tarjeta Crédito,Tienda Física,Black Friday,Xs
V002864,1,2025-06-08,C00501,P0026,T004,1,132000.0,0.0,Tarjeta Débito,Tienda Física,Temporada Regular,Xs
V000831,1,2025-04-05,C00906,P0020,T038,2,78000.0,0.1,Efectivo,Tienda Física,Temporada Regular,S
V000319,1,2024-05-03,C00927,P0004,T042,1,166000.0,0.0,Tarjeta Crédito,Tienda Física,Vacaciones,32
V003458,3,2025-04-17,C00309,P0011,T034,4,128000.0,0.05,Tarjeta Crédito,Tienda Física,Temporada Regular,Xl
V000643,1,2024-04-19,C00878,P0009,T009,1,122000.0,0.1,Efectivo,Online,Vacaciones,Xl
V003671,1,2025-09-20,C01509,P0015,T038,1,180000.0,0.0,Tarjeta Débito,Online,Temporada Regular,34
V001902,1,2023-10-11,C01566,P0013,T012,1,56000.0,0.0,Efectivo,Tienda Física,Temporada Regular,L
V001136,1,2024-04-29,C00409,P0024,T016,1,214000.0,0.4,Efectivo,Online,Temporada Regular,L
V002903,1,2025-12-16,C01457,P0007,T026,1,58000.0,0.0,Tarjeta Débito,Tienda Física,Regreso A Clases,M
V003461,2,2024-06-26,C01397,P0019,T027,2,72000.0,0.0,Transferencia,Tienda Física,Black Friday,Xl
V001312,1,2025-09-25,C00393,P0004,T038,1,172000.0,0.0,Tarjeta Crédito,Tienda Física,Vacaciones,34
V003223,1,2025-08-08,C02252,P0008,T019,1,215000.0,0.0,Tarjeta Débito,Tienda Física,Temporada Regular,Xl
V000135,1,2023-05-15,C00826,P0026,T017,2,136000.0,0.4,Tarjeta Crédito,Tienda Física,Black Friday,Xs
V002047,1,2024-08-17,C01123,P0015,T029,4,170000.0,0.05,Efectivo,Tienda Física,Black Friday,28
V003665,1,2023-02-05,C01914,P0011,T008,1,132000.0,0.0,Transferencia,Tienda Física,Temporada Regular,M
V002213,2,2024-04-22,C00576,P0001,T005,2,149000.0,0.05,Transferencia,Tienda Física,Temporada De Diciembre,40
V003483,2,2023-10-08,C02441,P0013,T008,1,57000.0,0.0,Tarjeta Crédito,Tienda Física,Temporada Regular,L
V003525,1,2024-05-06,C00917,P0021,T018,3,126000.0,0.0,Tarjeta Débito,Tienda Física,Temporada De Diciembre,Xxl
V003597,1,2023-10-25,C00840,P0015,T012,1,171000.0,0.0,Transferencia,Tienda Física,Temporada Regular,32
V001872,3,2024-06-21,C00695,P0017,T004,1,145000.0,0.0,Tarjeta Débito,Tienda Física,Regreso A Clases,M
V000952,1,2025-05-16,C01470,P0019,T009,1,71000.0,0.0,Tarjeta Débito,Tienda Física,Temporada Regular,L
V003375,1,2024-04-25,C01306,P0012,T020,1,113000.0,0.0,Tarjeta Débito,Tienda Física,Temporada Regular,Xxl
V003617,1,2024-09-12,C01529,P0021,T037,4,116000.0,0.0,Tarjeta Crédito,Tienda Física,Día De La Madre,Xxl
V000298,1,2025-12-06,C00638,P0026,T041,1,130000.0,0.0,Tarjeta Crédito,Online,Temporada Regular,Xs
V001905,1,2023-06-07,C01763,P0010,T018,4,98000.0,0.0,Transferencia,Tienda Física,Temporada Regular,34
V000076,1,2025-02-22,C01771,P0024,T042,2,211000.0,0.05,Efectivo,Tienda Física,Temporada De Diciembre,Xl
V000044,2,2023-08-23,C01675,P0019,T038,3,70000.0,0.0,Efectivo,Tienda Física,Temporada Regular,S
V001254,1,2023-01-14,C02379,P0021,T023,2,118000.0,0.0,Efectivo,Tienda Física,Vacaciones,Xxl
V001957,1,2024-05-19,C00070,P0006,T029,2,58000.0,0.0,Tarjeta Crédito,Tienda Física,Temporada Regular,S
V003270,3,2024-07-29,C01840,P0011,T011,1,130000.0,0.0,Efectivo,Tienda Física,Temporada De Diciembre,L
V002353,1,2024-03-19,C00122,P0022,T004,2,191000.0,0.1,Tarjeta Débito,Tienda Física,Temporada Regular,Xl
V003783,1,2023-12-21,C01125,P0016,T004,1,145000.0,0.2,Tarjeta Crédito,Tienda Física,Temporada Regular,38
V000073,1,2025-04-19,C01572,P0004,T004,2,166000.0,0.0,Tarjeta Crédito,Tienda Física,Vacaciones,28
V001015,1,2024-04-18,C02361,P0014,T018,2,145000.0,0.15,Tarjeta Crédito,Tienda Física,Temporada Regular,32
V000954,3,2023-07-01,C01582,P0007,T006,1,59000.0,0.0,Efectivo,Tienda Física,Temporada Regular,Xxl
V003708,1,2024-11-05,C01162,P0018,T035,3,74000.0,0.0,Tarjeta Débito,Tienda Física,Día Del Padre,L
V001120,3,2025-05-06,C01796,P0024,T019,2,217000.0,0.0,Efectivo,Tienda Física,Temporada Regular,Xs
V000782,1,2025-05-29,C00748,P0005,T029,2,108000.0,0.0,Efectivo,Online,Temporada De Diciembre,Xs
V002952,1,2024-11-18,C00736,P0010,T004,2,91000.0,0.0,Efectivo,Tienda Física,Temporada De Diciembre,36
V001601,1,2023-08-04,C00617,P0023,T034,4,80000.0,0.05,Transferencia,Online,Temporada Regular,S
V001255,1,2024-02-25,C01461,P0010,T008,1,94000.0,0.0,Tarjeta Crédito,Tienda Física,Día Del Padre,36
V001632,1,2024-08-12,C01707,P0005,T031,1,108000.0,0.0,Transferencia,Tienda Física,Black Friday,L
V001071,1,2023-05-20,C01181,P0026,T005,1,134000.0,0.0,Tarjeta Débito,Tienda Física,Temporada Regular,Xxl
V003142,1,2024-04-22,C01775,P0023,T011,2,79000.0,0.0,Efectivo,Tienda Física,Temporada Regular,M
V000680,1,2025-03-28,C00561,P0026,T009,1,137000.0,0.0,Tarjeta Crédito,Tienda Física,Black Friday,Xl
V003219,1,2023-09-19,C02769,P0024,T007,1,223000.0,0.0,Transferencia,Tienda Física,Temporada Regular,Xs
V001047,1,2023-10-18,C00949,P0023,T004,1,75000.0,0.0,Tarjeta Débito,Tienda Física,Temporada Regular,Xxl
V001788,2,2023-07-16,C02089,P0021,T030,2,116000.0,0.0,Tarjeta Débito,Tienda Física,Temporada Regular,L
V000593,1,2024-12-10,C02359,P0024,T009,1,226000.0,0.05,Transferencia,Tienda Física,Temporada Regular,Xl
V003246,2,2025-07-19,C02401,P0011,T041,3,134000.0,0.0,Transferencia,Tienda Física,Día Del Padre,Xs
V001868,1,2025-12-04,C02696,P0001,T029,1,144000.0,0.0,Tarjeta Débito,Tienda Física,Día De La Madre,40
V000288,1,2025-02-18,C01785,P0025,T043,1,140000.0,0.1,Tarjeta Débito,Tienda Física,Temporada De Diciembre,L
V001744,1,2024-08-09,C00870,P0020,T010,1,74000.0,0.1,Tarjeta Débito,Tienda Física,Regreso A Clases,Xs
V002192,1,2024-06-03,C00378,P0023,T004,2,78000.0,0.0,Tarjeta Crédito,Tienda Física,Temporada Regular,Xs
V000094,1,2025-06-19,C02590,P0018,T022,2,77000.0,0.05,Tarjeta Débito,Tienda Física,Temporada Regular,L
V001566,1,2023-02-06,C00866,P0021,T008,1,124000.0,0.0,Tarjeta Crédito,Tienda Física,Temporada De Diciembre,Xxl
V002325,1,2024-07-10,C00873,P0012,T033,2,108000.0,0.15,Tarjeta Crédito,Tienda Física,Temporada Regular,Xs
V001317,1,2025-11-10,C01996,P0025,T038,1,142000.0,0.15,Tarjeta Crédito,Tienda Física,Temporada Regular,Xl
V000704,2,2024-05-14,C01989,P0025,T010,3,141000.0,0.2,Efectivo,Tienda Física,Temporada Regular,L
V000322,1,2023-09-08,C01643,P0010,T026,2,98000.0,0.3,Tarjeta Débito,Tienda Física,Temporada Regular,40
V001127,1,2025-08-03,C00759,P0004,T008,2,171000.0,0.0,Efectivo,Tienda Física,Temporada Regular,36
V002983,1,2025-10-31,C01286,P0025,T038,2,140000.0,0.15,Efectivo,Tienda Física,Temporada Regular,Xs
V002800,3,2024-07-19,C00632,P0020,T043,1,74000.0,0.0,Efectivo,Online,Vacaciones,Xxl
V003263,2,2023-08-13,C00234,P0005,T018,1,112000.0,0.2,Efectivo,Tienda Física,Vacaciones,M
V002808,2,2023-03-16,C02169,P0003,T030,4,187000.0,0.0,Tarjeta Crédito,Tienda Física,Temporada Regular,38
V001096,1,2023-05-15,C01716,P0018,T012,1,80000.0,0.0,Efectivo,Tienda Física,Temporada Regular,S
V000878,1,2023-10-29,C00228,P0011,T010,1,137000.0,0.3,Transferencia,Tienda Física,Temporada Regular,Xxl
V001129,1,2025-06-04,C01264,P0012,T001,1,110000.0,0.0,Tarjeta Crédito,Tienda Física,Día Del Padre,Xs
V003003,1,2023-12-29,C00319,P0023,T002,1,75000.0,0.0,Efectivo,Tienda Física,Temporada Regular,M
V000962,1,2025-05-08,C00665,P0020,T032,1,74000.0,0.0,Tarjeta Débito,Tienda Física,Regreso A Clases,Xs
V000315,1,2025-05-17,C00446,P0010,T004,1,94000.0,0.4,Tarjeta Crédito,Tienda Física,Temporada De Diciembre,40
V000990,2,2025-09-19,C01380,P0011,T019,1,135000.0,0.0,Transferencia,Tienda Física,Temporada Regular,Xs
V002389,2,2024-07-26,C02386,P0016,T043,4,144000.0,0.0,Efectivo,Tienda Física,Vacaciones,36
V001219,1,2024-11-21,C02314,P0002,T015,1,149000.0,0.0,Efectivo,Tienda Física,Regreso A Clases,S
V000668,1,2024-01-03,C01080,P0026,T004,4,141000.0,0.2,Transferencia,Tienda Física,Temporada Regular,Xxl
V002782,1,2023-10-11,C01578,P0003,T004,1,186000.0,0.0,Tarjeta Crédito,Tienda Física,Día De La Madre,30
V000944,1,2024-09-16,C01200,P0006,T041,2,57000.0,0.0,Tarjeta Crédito,Tienda Física,Black Friday,S
V003115,1,2025-07-28,C02727,P0005,T024,2,112000.0,0.1,Tarjeta Débito,Online,Temporada De Diciembre,L
V003563,2,2024-09-01,C01638,P0004,T027,2,167000.0,0.0,Tarjeta Débito,Tienda Física,Temporada De Diciembre,34
V003036,2,2024-09-22,C01929,P0010,T025,2,93000.0,0.0,Tarjeta Crédito,Tienda Física,Temporada Regular,30
V001995,2,2024-06-28,C01976,P0012,T043,2,111000.0,0.2,Transferencia,Tienda Física,Temporada Regular,L
V002152,2,2024-03-05,C00106,P0023,T004,2,79000.0,0.0,Tarjeta Débito,Tienda Física,Temporada Regular,Xxl
V002324,1,2025-01-30,C00212,P0002,T002,4,154000.0,0.0,Efectivo,Tienda Física,Temporada Regular,Xxl
V003500,2,2024-03-09,C02632,P0017,T024,2,150000.0,0.0,Tarjeta Débito,Online,Temporada Regular,Xxl
V000296,1,2024-06-18,C01078,P0015,T009,1,169000.0,0.0,Tarjeta Crédito,Online,Día De La Madre,34
V003533,1,2025-04-21,C01117,P0012,T004,1,111000.0,0.0,Tarjeta Débito,Tienda Física,Temporada Regular,Xs
V001589,1,2025-06-01,C01965,P0025,T032,2,138000.0,0.0,Transferencia,Tienda Física,Regreso A Clases,Xl
V001721,1,2024-03-15,C02267,P0003,T009,1,170000.0,0.0,Tarjeta Crédito,Tienda Física,Temporada Regular,38
V000912,1,2025-03-16,C00732,P0023,T021,1,77000.0,0.1,Tarjeta Crédito,Tienda Física,Temporada Regular,M
V001182,2,2024-05-18,C01131,P0026,T004,1,134000.0,0.0,Transferencia,Tienda Física,Temporada Regular,M
V000029,2,2024-04-25,C01600,P0010,T041,1,97000.0,0.0,Tarjeta Crédito,Tienda Física,Temporada Regular,34
V001479,2,2024-08-01,C02093,P0008,T038,1,205000.0,0.05,Tarjeta Débito,Tienda Física,Temporada Regular,L
V000128,1,2024-06-09,C01642,P0011,T007,1,139000.0,0.0,Tarjeta Débito,Tienda Física,Día Del Padre,S
V000050,2,2024-09-01,C00947,P0017,T011,2,152000.0,0.0,Transferencia,Tienda Física,Black Friday,M
V002274,1,2025-07-02,C01317,P0026,T009,2,135000.0,0.0,Tarjeta Débito,Online,Temporada Regular,M
V001356,1,2023-05-14,C00883,P0005,T036,1,115000.0,0.0,Tarjeta Crédito,Online,Temporada Regular,L
V001357,2,2024-05-30,C02320,P0025,T043,3,141000.0,0.0,Tarjeta Crédito,Tienda Física,Temporada Regular,Xxl
V003674,1,2024-09-20,C01011,P0023,T037,1,82000.0,0.0,Tarjeta Crédito,Tienda Física,Temporada Regular,Xl
V001960,2,2023-08-07,C01437,P0021,T026,2,117000.0,0.2,Efectivo,Online,Temporada Regular,M
V000817,2,2023-10-08,C01637,P0014,T023,4,139000.0,0.05,Tarjeta Débito,Tienda Física,Temporada Regular,28
V002498,1,2024-09-23,C02053,P0015,T041,4,183000.0,0.0,Tarjeta Crédito,Tienda Física,Día De La Madre,38
V000651,1,2024-06-08,C00528,P0012,T032,4,112000.0,0.0,Tarjeta Débito,Tienda Física,Temporada Regular,Xl
V002269,3,2025-05-12,C02147,P0005,T022,3,117000.0,0.1,Efectivo,Tienda Física,Vacaciones,L
V003709,3,2023-04-06,C01901,P0009,T004,1,133000.0,0.0,Tarjeta Débito,Tienda Física,Temporada Regular,Xs
V002499,1,2024-01-14,C00669,P0002,T043,1,154000.0,0.0,Tarjeta Crédito,Tienda Física,Temporada De Diciembre,S
V001977,1,2023-12-06,C01429,P0004,T001,2,171000.0,0.0,Efectivo,Tienda Física,Temporada De Diciembre,34
V000460,2,2024-10-01,C01261,P0009,T002,4,127000.0,0.05,Efectivo,Tienda Física,Temporada Regular,Xxl
V003639,3,2023-02-26,C00584,P0025,T009,1,138000.0,0.0,Transferencia,Tienda Física,Temporada Regular,Xs
V001835,1,2024-10-13,C01833,P0013,T010,2,60000.0,0.1,Transferencia,Tienda Física,Temporada Regular,Xxl
V000963,1,2023-07-30,C01771,P0022,T017,1,196000.0,0.0,Tarjeta Crédito,Tienda Física,Temporada Regular,Xs
V000997,1,2025-05-13,C00168,P0013,T020,3,58000.0,0.0,Tarjeta Débito,Tienda Física,Temporada Regular,Xs
V001374,2,2025-06-04,C00628,P0024,T015,3,207000.0,0.05,Efectivo,Tienda Física,Temporada Regular,L
V001854,1,2023-06-01,C02364,P0005,T026,1,112000.0,0.0,Tarjeta Débito,Online,Día De La Madre,Xs
V003589,1,2024-07-18,C00544,P0005,T009,1,112000.0,0.1,Tarjeta Crédito,Tienda Física,Temporada Regular,Xxl
V002469,1,2023-04-28,C01333,P0013,T010,1,57000.0,0.05,Tarjeta Débito,Tienda Física,Temporada Regular,Xs
V002161,1,2024-03-01,C00146,P0006,T010,2,57000.0,0.0,Tarjeta Débito,Tienda Física,Día De La Madre,Xs
V001298,1,2024-12-09,C02495,P0002,T013,1,157000.0,0.1,Tarjeta Débito,Tienda Física,Temporada Regular,Xs
V002126,3,2024-04-17,C01166,P0001,T008,1,148000.0,0.0,Tarjeta Crédito,Online,Temporada Regular,30
V001150,1,2025-03-21,C02658,P0023,T024,2,76000.0,0.05,Tarjeta Crédito,Tienda Física,Regreso A Clases,S
V002915,1,2025-04-17,C00969,P0009,T001,1,122000.0,0.05,Efectivo,Tienda Física,Temporada Regular,M
V003791,2,2025-04-19,C01174,P0021,T004,1,119000.0,0.3,Efectivo,Tienda Física,Temporada Regular,S
V000156,1,2024-07-23,C00990,P0007,T022,1,62000.0,0.0,Efectivo,Tienda Física,Temporada Regular,Xl
V003147,2,2024-11-06,C02027,P0006,T006,2,56000.0,0.0,Tarjeta Crédito,Tienda Física,Temporada Regular,S
V003720,1,2023-08-13,C01716,P0006,T030,3,57000.0,0.05,Transferencia,Tienda Física,Temporada Regular,Xs
V000565,1,2025-12-17,C00044,P0011,T018,2,134000.0,0.0,Tarjeta Débito,Tienda Física,Temporada Regular,Xl
V000030,1,2025-11-28,C01498,P0015,T024,1,172000.0,0.0,Efectivo,Tienda Física,Temporada Regular,30
V001947,1,2023-02-20,C00805,P0015,T032,2,180000.0,0.0,Tarjeta Crédito,Online,Temporada Regular,30
V002296,1,2023-11-07,C00422,P0004,T013,1,173000.0,0.3,Tarjeta Débito,Tienda Física,Temporada Regular,28
V003236,3,2025-05-18,C00447,P0004,T004,3,167000.0,0.0,Tarjeta Crédito,Tienda Física,Temporada Regular,34
V003121,2,2025-03-10,C00463,P0017,T009,1,148000.0,0.05,Efectivo,Tienda Física,Temporada Regular,M
V002463,1,2025-02-24,C02296,P0006,T002,1,57000.0,0.0,Tarjeta Crédito,Tienda Física,Temporada Regular,Xs
V002972,1,2024-04-22,C01171,P0012,T035,4,112000.0,0.0,Tarjeta Débito,Tienda Física,Temporada Regular,Xxl
V000353,2,2025-12-15,C01232,P0004,T024,2,173000.0,0.0,Tarjeta Débito,Tienda Física,Black Friday,40
V002219,1,2025-03-24,C01533,P0018,T005,1,73000.0,0.0,Efectivo,Tienda Física,Temporada Regular,Xxl
V000611,2,2025-10-18,C02345,P0011,T003,1,128000.0,0.4,Tarjeta Débito,Tienda Física,Temporada Regular,Xs
V001672,2,2025-11-17,C01047,P0011,T004,1,130000.0,0.0,Efectivo,Tienda Física,Temporada Regular,Xxl
V000317,1,2024-07-13,C02395,P0025,T009,1,147000.0,0.1,Tarjeta Crédito,Tienda Física,Vacaciones,S
V001685,1,2025-07-24,C01044,P0019,T041,1,71000.0,0.4,Tarjeta Débito,Tienda Física,Temporada Regular,Xs
V000312,1,2025-01-21,C01387,P0016,T009,1,142000.0,0.0,Tarjeta Crédito,Tienda Física,Día Del Padre,36
V001938,2,2023-06-25,C00806,P0002,T005,3,156000.0,0.3,Tarjeta Débito,Tienda Física,Temporada Regular,L
V002383,1,2025-03-10,C02525,P0013,T042,1,56000.0,0.3,Efectivo,Online,Vacaciones,Xxl
V001816,3,2024-07-16,C01320,P0009,T015,1,129000.0,0.3,Transferencia,Tienda Física,Temporada Regular,Xs
V002957,1,2025-02-19,C00177,P0011,T026,3,128000.0,0.0,Tarjeta Crédito,Tienda Física,Temporada De Diciembre,L
V002147,3,2023-02-10,C02708,P0015,T019,3,180000.0,0.0,Transferencia,Tienda Física,Temporada De Diciembre,34
V001668,1,2024-11-11,C00364,P0024,T005,4,208000.0,0.0,Tarjeta Crédito,Tienda Física,Temporada Regular,L
V000983,2,2024-07-26,C01231,P0011,T019,1,136000.0,0.1,Efectivo,Tienda Física,Temporada Regular,L
V002321,2,2023-09-12,C01706,P0003,T022,1,174000.0,0.0,Efectivo,Tienda Física,Temporada Regular,30
V002836,1,2023-03-14,C02079,P0017,T043,4,142000.0,0.05,Efectivo,Online,Regreso A Clases,Xl
V000182,1,2024-06-03,C00964,P0009,T003,1,129000.0,0.4,Tarjeta Débito,Tienda Física,Temporada Regular,Xl
V002092,1,2023-01-17,C01865,P0020,T040,1,76000.0,0.3,Tarjeta Débito,Tienda Física,Día Del Padre,Xxl
V000441,2,2023-12-28,C02098,P0006,T019,1,59000.0,0.15,Efectivo,Tienda Física,Temporada Regular,S
V003505,1,2025-06-07,C00578,P0022,T006,1,210000.0,0.0,Transferencia,Tienda Física,Temporada De Diciembre,Xl
V001012,2,2024-05-29,C01420,P0003,T022,3,183000.0,0.05,Tarjeta Crédito,Tienda Física,Temporada Regular,30
V001673,2,2024-01-23,C00153,P0016,T007,1,139000.0,0.15,Tarjeta Crédito,Tienda Física,Temporada Regular,28
V001371,1,2023-12-07,C02630,P0007,T032,4,61000.0,0.3,Tarjeta Crédito,Tienda Física,Temporada Regular,Xxl
V002734,1,2025-09-23,C01412,P0009,T013,1,131000.0,0.2,Tarjeta Débito,Tienda Física,Temporada Regular,L
V001066,2,2023-09-06,C02234,P0011,T007,1,136000.0,0.0,Tarjeta Crédito,Tienda Física,Vacaciones,M
V003447,2,2023-04-15,C01032,P0018,T004,1,72000.0,0.15,Transferencia,Tienda Física,Temporada Regular,S
V001086,1,2023-07-31,C02624,P0008,T037,1,206000.0,0.2,Transferencia,Tienda Física,Temporada Regular,M
V002387,3,2024-02-14,C01216,P0001,T042,1,136000.0,0.0,Tarjeta Débito,Tienda Física,Temporada Regular,34
V000226,1,2023-09-08,C00310,P0004,T029,3,176000.0,0.0,Tarjeta Crédito,Tienda Física,Temporada Regular,32
V003543,1,2024-09-29,C00277,P0020,T020,1,77000.0,0.0,Tarjeta Crédito,Tienda Física,Temporada Regular,Xxl
V003661,1,2025-05-03,C00617,P0026,T004,2,136000.0,0.1,Tarjeta Crédito,Tienda Física,Temporada Regular,S
V000348,1,2023-01-09,C01063,P0013,T043,1,57000.0,0.05,Tarjeta Crédito,Tienda Física,Temporada De Diciembre,L
V002355,1,2024-03-13,C01096,P0017,T035,3,139000.0,0.0,Tarjeta Crédito,Online,Regreso A Clases,Xs
V002811,3,2024-09-10,C02283,P0019,T026,2,76000.0,0.15,Tarjeta Débito,Tienda Física,Temporada Regular,S
V003783,2,2023-12-21,C01125,P0020,T004,3,80000.0,0.05,Tarjeta Crédito,Tienda Física,Temporada Regular,L
V002921,2,2025-03-28,C02085,P0001,T004,3,142000.0,0.0,Tarjeta Débito,Tienda Física,Temporada Regular,28
V000955,1,2024-08-05,C00380,P0011,T006,2,140000.0,0.0,Tarjeta Crédito,Tienda Física,Temporada De Diciembre,S
V002560,3,2023-03-07,C01589,P0002,T025,1,160000.0,0.05,Tarjeta Crédito,Tienda Física,Temporada Regular,S
V000422,1,2023-11-16,C00082,P0024,T009,3,209000.0,0.05,Transferencia,Tienda Física,Temporada Regular,Xl
V000333,1,2025-05-22,C02633,P0018,T028,3,75000.0,0.0,Transferencia,Tienda Física,Temporada Regular,L
V000835,1,2023-11-20,C00786,P0009,T034,2,133000.0,0.0,Transferencia,Tienda Física,Temporada Regular,Xs
V000164,2,2023-09-01,C01248,P0017,T022,1,146000.0,0.4,Efectivo,Tienda Física,Regreso A Clases,Xs
V002122,1,2023-01-22,C02313,P0011,T015,1,135000.0,0.0,Tarjeta Débito,Tienda Física,Temporada De Diciembre,S
V003273,2,2025-11-13,C01437,P0025,T034,3,133000.0,0.0,Tarjeta Crédito,Tienda Física,Vacaciones,Xl
V000204,2,2025-10-02,C00385,P0023,T029,2,78000.0,0.0,Tarjeta Débito,Tienda Física,Temporada Regular,Xs
V003791,1,2025-04-19,C01174,P0006,T004,1,57000.0,0.05,Efectivo,Tienda Física,Temporada Regular,Xl
V001443,1,2023-07-30,C02756,P0007,T008,1,60000.0,0.0,Tarjeta Crédito,Tienda Física,Regreso A Clases,M
V003416,1,2024-07-26,C01011,P0005,T026,2,112000.0,0.0,Tarjeta Crédito,Tienda Física,Temporada Regular,Xl
V001351,1,2024-02-02,C02500,P0019,T018,4,68000.0,0.0,Efectivo,Tienda Física,Día De La Madre,Xxl
V001640,2,2024-09-25,C01375,P0009,T001,1,122000.0,0.0,Tarjeta Débito,Tienda Física,Temporada De Diciembre,M
V001362,1,2024-08-26,C00050,P0022,T018,2,196000.0,0.15,Tarjeta Crédito,Tienda Física,Temporada Regular,Xl
V002144,2,2023-08-11,C02673,P0011,T042,2,138000.0,0.0,Efectivo,Tienda Física,Temporada Regular,Xs
V002075,1,2025-03-08,C00108,P0022,T029,2,205000.0,0.15,Tarjeta Débito,Tienda Física,Temporada Regular,Xl
V000950,1,2023-07-19,C02033,P0009,T037,1,126000.0,0.0,Efectivo,Tienda Física,Temporada Regular,L
V003488,1,2025-03-20,C00110,P0011,T010,1,130000.0,0.0,Efectivo,Tienda Física,Temporada Regular,Xxl
V001812,2,2023-12-23,C01663,P0018,T029,2,78000.0,0.05,Tarjeta Débito,Tienda Física,Black Friday,L
V003091,2,2024-04-08,C02689,P0015,T004,2,176000.0,0.3,Tarjeta Crédito,Tienda Física,Temporada Regular,38
V003269,3,2025-05-02,C02620,P0016,T004,3,135000.0,0.1,Tarjeta Crédito,Tienda Física,Temporada Regular,34
V000022,1,2023-03-09,C01622,P0008,T039,1,206000.0,0.05,Tarjeta Crédito,Tienda Física,Día De La Madre,Xs
V002514,1,2023-05-01,C00024,P0015,T030,2,169000.0,0.05,Tarjeta Débito,Tienda Física,Temporada Regular,36
V000003,2,2025-08-02,C01596,P0010,T037,3,97000.0,0.0,Tarjeta Débito,Tienda Física,Temporada De Diciembre,34
V001735,1,2025-08-02,C00530,P0014,T004,1,138000.0,0.0,Tarjeta Débito,Tienda Física,Temporada Regular,32
V002680,2,2023-07-14,C02288,P0020,T018,4,78000.0,0.0,Efectivo,Tienda Física,Temporada Regular,L
V003158,1,2024-11-07,C01644,P0025,T033,1,139000.0,0.0,Efectivo,Tienda Física,Vacaciones,Xs
V001696,3,2023-08-11,C02032,P0023,T003,1,75000.0,0.1,Tarjeta Débito,Tienda Física,Vacaciones,L
V001141,1,2024-02-21,C00058,P0021,T001,4,125000.0,0.0,Tarjeta Crédito,Tienda Física,Temporada Regular,L
V000649,1,2025-03-10,C00119,P0001,T002,1,140000.0,0.15,Tarjeta Débito,Tienda Física,Temporada Regular,30
V000293,1,2025-05-17,C00603,P0003,T004,1,174000.0,0.0,Tarjeta Crédito,Tienda Física,Temporada De Diciembre,32
V000512,1,2025-01-13,C00959,P0012,T042,1,105000.0,0.1,Tarjeta Débito,Online,Temporada De Diciembre,L
V000077,1,2025-06-06,C02536,P0004,T024,3,166000.0,0.0,Tarjeta Débito,Tienda Física,Temporada De Diciembre,32
V001517,1,2023-02-14,C01409,P0007,T007,1,62000.0,0.0,Tarjeta Débito,Tienda Física,Vacaciones,Xs
V003690,1,2023-05-07,C01203,P0018,T031,2,73000.0,0.1,Efectivo,Tienda Física,Black Friday,Xl
V000370,1,2023-08-01,C02356,P0024,T010,4,206000.0,0.0,Tarjeta Crédito,Online,Temporada Regular,Xs
V001384,2,2025-04-28,C01858,P0011,T022,2,140000.0,0.0,Efectivo,Tienda Física,Temporada Regular,S
V001985,1,2025-07-19,C01634,P0014,T013,2,143000.0,0.4,Tarjeta Débito,Tienda Física,Temporada Regular,30
V000958,2,2024-01-12,C01480,P0020,T026,2,78000.0,0.05,Tarjeta Débito,Tienda Física,Día Del Padre,Xxl
V000352,2,2023-10-02,C01283,P0016,T042,2,134000.0,0.0,Tarjeta Crédito,Online,Temporada Regular,40
V001534,2,2023-10-05,C02142,P0021,T036,1,122000.0,0.05,Transferencia,Tienda Física,Vacaciones,L
V000654,3,2024-01-03,C01191,P0007,T028,1,59000.0,0.1,Tarjeta Débito,Tienda Física,Temporada Regular,Xl
V000477,3,2024-09-29,C00867,P0015,T037,2,169000.0,0.0,Efectivo,Tienda Física,Temporada Regular,30
V002752,2,2025-12-05,C01860,P0018,T004,3,73000.0,0.0,Tarjeta Débito,Tienda Física,Día De La Madre,M
V002595,1,2023-03-22,C02493,P0009,T020,1,133000.0,0.1,Tarjeta Crédito,Tienda Física,Regreso A Clases,Xl
V002544,1,2025-09-26,C01608,P0019,T017,4,71000.0,0.0,Tarjeta Crédito,Online,Temporada Regular,Xxl
V003263,1,2023-08-13,C00234,P0006,T018,2,58000.0,0.0,Efectivo,Tienda Física,Vacaciones,M
V002561,1,2023-08-19,C02147,P0020,T024,1,76000.0,0.0,Transferencia,Tienda Física,Temporada Regular,M
V000936,1,2023-06-20,C02732,P0026,T031,1,142000.0,0.4,Tarjeta Débito,Tienda Física,Día De La Madre,M
V002393,2,2023-05-12,C00357,P0003,T009,1,179000.0,0.15,Efectivo,Tienda Física,Temporada Regular,34
V000149,1,2025-07-06,C01211,P0010,T028,2,95000.0,0.1,Tarjeta Crédito,Tienda Física,Día Del Padre,28
V003320,2,2023-07-20,C00263,P0004,T037,1,179000.0,0.4,Tarjeta Débito,Tienda Física,Temporada De Diciembre,34
V001842,1,2025-10-08,C01291,P0015,T009,1,170000.0,0.3,Efectivo,Tienda Física,Temporada Regular,34
V000990,1,2025-09-19,C01380,P0002,T019,1,162000.0,0.0,Transferencia,Tienda Física,Temporada Regular,S
V003464,1,2025-11-08,C01887,P0017,T004,1,150000.0,0.1,Tarjeta Crédito,Tienda Física,Temporada Regular,L
V000404,1,2023-10-31,C02786,P0023,T017,2,75000.0,0.0,Transferencia,Tienda Física,Temporada Regular,S
V003027,3,2023-11-10,C01175,P0008,T011,4,217000.0,0.0,Tarjeta Débito,Tienda Física,Temporada Regular,S
V001526,2,2025-12-26,C00782,P0002,T009,1,161000.0,0.3,Tarjeta Débito,Tienda Física,Temporada Regular,M
V000444,2,2025-11-18,C01047,P0004,T015,2,180000.0,0.05,Transferencia,Tienda Física,Temporada Regular,38
V002988,1,2024-07-31,C01511,P0003,T002,1,179000.0,0.0,Efectivo,Tienda Física,Regreso A Clases,36
V001991,1,2025-05-12,C00579,P0004,T043,1,178000.0,0.2,Tarjeta Crédito,Tienda Física,Regreso A Clases,30
V001899,2,2024-09-13,C00714,P0004,T037,4,167000.0,0.0,Tarjeta Crédito,Tienda Física,Black Friday,32
V003377,1,2025-03-06,C02470,P0020,T039,1,78000.0,0.0,Tarjeta Débito,Tienda Física,Temporada Regular,Xl
V000140,1,2025-12-14,C01312,P0007,T009,1,60000.0,0.1,Tarjeta Crédito,Tienda Física,Black Friday,Xl
V002107,2,2024-10-05,C00278,P0002,T020,2,152000.0,0.0,Tarjeta Crédito,Tienda Física,Temporada Regular,Xs
V003509,1,2025-04-04,C00934,P0008,T007,1,207000.0,0.0,Tarjeta Crédito,Tienda Física,Regreso A Clases,S
V001600,1,2025-08-05,C01238,P0025,T011,1,137000.0,0.3,Tarjeta Crédito,Tienda Física,Vacaciones,M
V002452,1,2024-12-28,C02684,P0019,T008,2,70000.0,0.0,Tarjeta Crédito,Tienda Física,Temporada Regular,Xs
V003361,3,2024-12-21,C02317,P0012,T033,1,108000.0,0.0,Transferencia,Tienda Física,Temporada Regular,Xs
V001805,1,2023-02-18,C00700,P0007,T029,1,59000.0,0.15,Transferencia,Tienda Física,Temporada Regular,L
V000248,1,2023-01-02,C01065,P0007,T004,1,57000.0,0.0,Tarjeta Débito,Online,Temporada Regular,Xl
V003770,3,2024-11-04,C02496,P0003,T005,1,177000.0,0.0,Tarjeta Débito,Tienda Física,Black Friday,34
V002868,1,2025-08-10,C01302,P0020,T004,2,77000.0,0.0,Tarjeta Crédito,Tienda Física,Temporada Regular,Xl
V001498,1,2024-01-11,C01762,P0003,T017,2,176000.0,0.4,Tarjeta Crédito,Online,Temporada Regular,30
V002574,1,2024-04-21,C01333,P0024,T042,4,215000.0,0.0,Transferencia,Tienda Física,Temporada Regular,Xl
V000714,1,2025-01-28,C01459,P0022,T022,2,202000.0,0.0,Tarjeta Crédito,Tienda Física,Día De La Madre,M
V001782,1,2025-06-14,C01528,P0010,T001,1,93000.0,0.0,Transferencia,Online,Temporada Regular,32
V003553,1,2023-05-28,C01764,P0018,T004,4,74000.0,0.0,Efectivo,Tienda Física,Temporada Regular,Xl
V002576,1,2025-12-30,C01107,P0002,T004,2,152000.0,0.15,Tarjeta Crédito,Tienda Física,Temporada Regular,M
V003315,2,2023-01-10,C01302,P0015,T037,3,174000.0,0.0,Tarjeta Débito,Tienda Física,Black Friday,30
V001942,1,2024-03-05,C01610,P0015,T001,2,180000.0,0.2,Tarjeta Débito,Online,Temporada De Diciembre,34
V001559,1,2025-04-11,C00704,P0006,T016,4,57000.0,0.0,Transferencia,Tienda Física,Vacaciones,Xxl
V000978,1,2024-02-23,C02163,P0003,T019,2,181000.0,0.0,Efectivo,Tienda Física,Temporada Regular,34
V001569,2,2025-01-19,C01438,P0022,T021,2,196000.0,0.0,Transferencia,Tienda Física,Temporada Regular,Xl
V003079,1,2023-11-29,C02657,P0008,T002,4,219000.0,0.0,Transferencia,Online,Temporada Regular,L
V000708,1,2025-07-04,C00749,P0012,T008,2,111000.0,0.0,Tarjeta Débito,Tienda Física,Vacaciones,Xl
V003396,1,2024-11-06,C02219,P0004,T036,1,175000.0,0.0,Tarjeta Débito,Tienda Física,Temporada Regular,28
V002275,2,2024-06-15,C02594,P0025,T006,4,147000.0,0.3,Efectivo,Tienda Física,Temporada Regular,M
V003033,1,2024-06-07,C02347,P0014,T017,3,139000.0,0.0,Efectivo,Tienda Física,Temporada Regular,34
V001153,1,2023-12-11,C02297,P0024,T005,1,208000.0,0.15,Tarjeta Crédito,Tienda Física,Vacaciones,L
V001364,1,2024-10-17,C02595,P0008,T026,3,219000.0,0.1,Efectivo,Tienda Física,Temporada Regular,Xxl
V001443,2,2023-07-30,C02756,P0003,T008,4,184000.0,0.0,Tarjeta Crédito,Tienda Física,Regreso A Clases,32
V000768,1,2024-07-13,C01542,P0004,T036,1,180000.0,0.0,Tarjeta Débito,Online,Día De La Madre,30
V001632,2,2024-08-12,C01707,P0002,T031,3,151000.0,0.05,Transferencia,Tienda Física,Black Friday,Xxl
V000657,1,2024-09-26,C02029,P0017,T012,2,149000.0,0.0,Tarjeta Crédito,Tienda Física,Temporada Regular,S
V001794,1,2024-10-07,C01386,P0002,T009,1,156000.0,0.0,Tarjeta Crédito,Tienda Física,Temporada Regular,L
V003192,1,2024-12-20,C00001,P0010,T035,1,100000.0,0.2,Tarjeta Débito,Tienda Física,Temporada Regular,40
V003385,2,2024-04-09,C00278,P0011,T017,1,139000.0,0.0,Tarjeta Crédito,Tienda Física,Temporada Regular,Xs
V000967,1,2024-05-10,C00261,P0015,T009,1,175000.0,0.4,Tarjeta Crédito,Tienda Física,Temporada Regular,38
V003482,1,2023-06-29,C01238,P0004,T004,1,168000.0,0.0,Efectivo,Tienda Física,Temporada Regular,34
V000541,3,2023-01-15,C00366,P0020,T006,3,75000.0,0.1,Tarjeta Crédito,Tienda Física,Temporada De Diciembre,Xl
V003463,1,2023-03-08,C02190,P0008,T003,1,216000.0,0.15,Tarjeta Débito,Tienda Física,Temporada Regular,M
V000361,1,2024-03-04,C01236,P0010,T016,3,91000.0,0.0,Tarjeta Débito,Online,Black Friday,40
V003095,3,2024-07-05,C02285,P0020,T012,1,76000.0,0.3,Tarjeta Crédito,Tienda Física,Temporada Regular,S
V001623,1,2023-02-16,C02596,P0002,T040,1,152000.0,0.0,Tarjeta Crédito,Tienda Física,Temporada Regular,Xxl
V001410,2,2024-08-31,C00138,P0007,T013,4,62000.0,0.3,Tarjeta Crédito,Tienda Física,Temporada Regular,Xl
V000576,2,2024-07-28,C01462,P0008,T025,1,224000.0,0.0,Tarjeta Débito,Tienda Física,Temporada Regular,M
V003291,1,2024-09-28,C02052,P0023,T022,1,78000.0,0.0,Efectivo,Tienda Física,Vacaciones,M
V003172,1,2025-07-24,C00601,P0016,T042,2,136000.0,0.05,Tarjeta Débito,Tienda Física,Temporada De Diciembre,32
V001004,1,2023-12-24,C00507,P0024,T036,2,212000.0,0.0,Efectivo,Tienda Física,Temporada Regular,Xl
V003173,1,2024-05-10,C00121,P0022,T004,2,204000.0,0.05,Efectivo,Tienda Física,Temporada Regular,L
V002310,1,2025-05-28,C02164,P0017,T026,3,153000.0,0.0,Tarjeta Débito,Tienda Física,Temporada Regular,L
V002627,1,2025-03-09,C01670,P0016,T013,1,132000.0,0.0,Tarjeta Crédito,Tienda Física,Vacaciones,34
V002837,1,2024-03-08,C01271,P0009,T028,2,127000.0,0.05,Tarjeta Crédito,Tienda Física,Vacaciones,S
V000959,2,2023-03-24,C01402,P0001,T004,1,141000.0,0.0,Tarjeta Crédito,Tienda Física,Regreso A Clases,40
V002916,1,2023-08-28,C01572,P0021,T023,1,124000.0,0.0,Tarjeta Crédito,Online,Temporada Regular,S
V001472,1,2024-03-31,C02434,P0002,T010,1,156000.0,0.0,Tarjeta Crédito,Tienda Física,Temporada De Diciembre,Xl
V001295,1,2025-01-31,C02342,P0019,T004,2,73000.0,0.0,Tarjeta Crédito,Tienda Física,Temporada Regular,Xl
V002396,1,2024-02-14,C02438,P0005,T025,2,112000.0,0.3,Tarjeta Débito,Online,Temporada Regular,M
V002346,1,2025-12-04,C01803,P0008,T031,2,208000.0,0.0,Tarjeta Crédito,Tienda Física,Temporada Regular,L
V001563,1,2025-10-24,C00781,P0025,T028,3,135000.0,0.05,Tarjeta Débito,Tienda Física,Día Del Padre,L
V000145,1,2025-04-04,C02286,P0015,T025,1,171000.0,0.0,Efectivo,Online,Día De La Madre,30
V000039,1,2023-12-19,C02076,P0015,T012,1,180000.0,0.0,Efectivo,Online,Temporada Regular,40
V001891,3,2023-12-21,C01088,P0013,T018,2,54000.0,0.0,Efectivo,Tienda Física,Temporada De Diciembre,Xl
V001982,1,2024-01-27,C02004,P0008,T015,2,207000.0,0.05,Tarjeta Débito,Tienda Física,Temporada Regular,Xxl
V003457,1,2023-12-25,C02206,P0002,T007,2,161000.0,0.0,Tarjeta Crédito,Tienda Física,Temporada Regular,Xs
V001405,2,2023-04-22,C00399,P0022,T043,2,206000.0,0.3,Tarjeta Crédito,Tienda Física,Temporada Regular,Xs
V002217,2,2024-01-22,C02474,P0008,T009,1,207000.0,0.15,Tarjeta Crédito,Tienda Física,Regreso A Clases,L
V001904,1,2025-07-10,C02102,P0015,T040,1,172000.0,0.0,Tarjeta Débito,Tienda Física,Temporada De Diciembre,32
V001109,1,2024-01-15,C00651,P0016,T041,2,134000.0,0.2,Tarjeta Crédito,Tienda Física,Día De La Madre,38
V000046,1,2025-06-10,C02104,P0009,T017,2,126000.0,0.0,Tarjeta Crédito,Online,Temporada Regular,Xs
V002829,2,2024-12-05,C00961,P0022,T004,2,210000.0,0.0,Tarjeta Crédito,Tienda Física,Vacaciones,S
V002766,2,2023-10-01,C00603,P0003,T005,1,180000.0,0.0,Efectivo,Online,Temporada Regular,32
V000321,1,2025-01-23,C00664,P0010,T027,2,97000.0,0.0,Tarjeta Crédito,Tienda Física,Temporada Regular,30
V001529,1,2024-02-19,C00151,P0017,T019,1,147000.0,0.05,Tarjeta Crédito,Tienda Física,Día De La Madre,M
V000423,1,2025-07-11,C01131,P0014,T002,2,144000.0,0.0,Efectivo,Online,Regreso A Clases,32
V002367,3,2024-09-24,C01703,P0019,T015,1,70000.0,0.0,Tarjeta Crédito,Tienda Física,Temporada Regular,Xl
V003781,1,2023-11-30,C00537,P0010,T014,4,98000.0,0.15,Efectivo,Tienda Física,Temporada Regular,34
V002808,1,2023-03-16,C02169,P0013,T030,2,55000.0,0.0,Tarjeta Crédito,Tienda Física,Temporada Regular,M
V003470,1,2024-11-01,C01627,P0002,T042,1,162000.0,0.0,Tarjeta Crédito,Tienda Física,Temporada Regular,Xxl
V003116,2,2025-11-13,C00016,P0008,T023,1,219000.0,0.0,Efectivo,Tienda Física,Temporada Regular,Xs
V001950,2,2024-05-21,C01090,P0004,T028,1,170000.0,0.0,Tarjeta Débito,Tienda Física,Temporada Regular,32
V003256,1,2023-07-19,C02529,P0021,T021,2,116000.0,0.2,Tarjeta Débito,Online,Temporada De Diciembre,L
V002424,2,2025-12-29,C00226,P0020,T004,1,80000.0,0.05,Tarjeta Crédito,Tienda Física,Temporada Regular,M
V001014,2,2024-05-08,C01476,P0008,T030,2,206000.0,0.15,Tarjeta Crédito,Tienda Física,Temporada Regular,L
V003617,2,2024-09-12,C01529,P0017,T037,1,142000.0,0.0,Tarjeta Crédito,Tienda Física,Día De La Madre,M
V001113,1,2025-11-27,C00571,P0014,T020,1,135000.0,0.0,Efectivo,Tienda Física,Vacaciones,40
V002063,2,2025-05-18,C02055,P0022,T037,3,208000.0,0.05,Efectivo,Tienda Física,Temporada Regular,Xl
V002311,1,2025-03-17,C00211,P0021,T004,3,115000.0,0.0,Tarjeta Débito,Tienda Física,Temporada Regular,Xxl
V003044,2,2023-05-04,C02544,P0012,T038,4,113000.0,0.0,Tarjeta Crédito,Tienda Física,Black Friday,M
V003083,1,2023-08-25,C00961,P0018,T011,2,77000.0,0.0,Efectivo,Tienda Física,Temporada Regular,Xs
V000104,2,2025-07-13,C00003,P0003,T020,1,185000.0,0.0,Efectivo,Tienda Física,Temporada Regular,34
V000594,1,2024-07-27,C02717,P0011,T001,1,135000.0,0.0,Tarjeta Crédito,Tienda Física,Temporada Regular,S
V001193,1,2025-10-17,C02365,P0019,T023,1,71000.0,0.0,Efectivo,Online,Black Friday,Xs
V002771,1,2025-10-07,C01565,P0013,T025,3,57000.0,0.0,Tarjeta Débito,Tienda Física,Temporada Regular,Xl
V000851,1,2023-04-10,C01411,P0008,T010,1,206000.0,0.1,Tarjeta Débito,Tienda Física,Temporada Regular,Xl
V001419,1,2023-03-06,C02657,P0002,T034,1,160000.0,0.0,Tarjeta Débito,Tienda Física,Temporada Regular,Xl
V002330,1,2025-01-22,C02560,P0019,T023,1,71000.0,0.0,Tarjeta Crédito,Tienda Física,Temporada Regular,Xs
V001898,1,2023-02-21,C00253,P0019,T012,2,75000.0,0.2,Tarjeta Débito,Tienda Física,Día De La Madre,L
V000829,1,2025-01-12,C00326,P0010,T033,1,94000.0,0.0,Efectivo,Tienda Física,Temporada Regular,28
V001718,1,2023-02-17,C01379,P0014,T028,1,145000.0,0.0,Tarjeta Crédito,Tienda Física,Regreso A Clases,36
V001733,2,2025-02-05,C00509,P0020,T020,3,79000.0,0.2,Tarjeta Crédito,Tienda Física,Día Del Padre,Xs
V001238,2,2023-07-30,C00306,P0025,T010,1,135000.0,0.0,Tarjeta Débito,Online,Vacaciones,S
V001444,2,2024-12-26,C02365,P0009,T010,2,132000.0,0.0,Tarjeta Crédito,Tienda Física,Temporada Regular,L
V001100,1,2025-03-28,C01634,P0011,T018,2,130000.0,0.0,Efectivo,Online,Temporada Regular,S
V000656,2,2023-04-03,C00440,P0011,T012,1,130000.0,0.0,Tarjeta Crédito,Tienda Física,Temporada Regular,Xl
V000154,2,2024-09-07,C00930,P0016,T029,2,145000.0,0.0,Tarjeta Crédito,Tienda Física,Temporada Regular,28
V002711,2,2023-06-23,C00348,P0024,T023,2,223000.0,0.0,Efectivo,Tienda Física,Vacaciones,Xl
V000033,1,2023-03-24,C00295,P0008,T009,1,216000.0,0.1,Transferencia,Tienda Física,Black Friday,M
V001740,1,2023-08-14,C01256,P0012,T028,2,109000.0,0.0,Tarjeta Crédito,Online,Black Friday,Xs
V002818,1,2025-05-23,C01866,P0018,T040,1,73000.0,0.0,Tarjeta Crédito,Tienda Física,Temporada Regular,S
V000642,2,2024-12-13,C02297,P0021,T004,1,121000.0,0.0,Efectivo,Tienda Física,Temporada De Diciembre,S
V001929,2,2025-12-31,C01290,P0012,T004,3,106000.0,0.0,Transferencia,Tienda Física,Temporada Regular,Xl
V001627,2,2025-05-11,C02044,P0013,T014,1,56000.0,0.0,Tarjeta Crédito,Tienda Física,Temporada Regular,Xxl
V000152,1,2023-06-09,C02705,P0022,T018,2,207000.0,0.0,Tarjeta Débito,Tienda Física,Día De La Madre,Xs
V002821,1,2025-04-10,C02613,P0001,T025,1,144000.0,0.0,Tarjeta Débito,Tienda Física,Temporada Regular,32
V002984,3,2025-05-31,C01872,P0024,T034,2,224000.0,0.0,Tarjeta Crédito,Online,Temporada Regular,Xl
V001586,2,2025-09-20,C02101,P0011,T040,1,128000.0,0.0,Tarjeta Crédito,Online,Vacaciones,S
V002778,1,2023-11-09,C02669,P0024,T029,4,220000.0,0.0,Tarjeta Débito,Tienda Física,Temporada Regular,L
V001038,1,2023-07-11,C00581,P0019,T009,1,70000.0,0.15,Efectivo,Tienda Física,Temporada Regular,M
V002577,2,2025-05-29,C02271,P0003,T004,1,185000.0,0.0,Tarjeta Crédito,Tienda Física,Temporada Regular,28
V003144,1,2025-04-18,C01394,P0009,T034,2,131000.0,0.1,Tarjeta Débito,Tienda Física,Temporada Regular,L
V002448,1,2023-10-28,C02671,P0023,T024,1,75000.0,0.0,Transferencia,Tienda Física,Temporada De Diciembre,S
V000827,1,2023-05-30,C01793,P0016,T009,2,146000.0,0.0,Tarjeta Crédito,Tienda Física,Temporada Regular,30
V002630,2,2024-08-29,C02265,P0024,T028,2,212000.0,0.05,Tarjeta Débito,Online,Temporada Regular,Xl
V003660,1,2023-06-08,C00712,P0007,T009,2,62000.0,0.0,Tarjeta Débito,Tienda Física,Temporada Regular,Xs
V000119,2,2025-07-08,C02154,P0022,T004,1,198000.0,0.0,Tarjeta Crédito,Tienda Física,Black Friday,M
V000924,1,2023-12-10,C01307,P0005,T028,3,116000.0,0.0,Tarjeta Crédito,Tienda Física,Vacaciones,M
V000567,1,2023-01-09,C02643,P0015,T037,2,182000.0,0.3,Efectivo,Tienda Física,Black Friday,34
V000002,1,2023-01-30,C00037,P0018,T024,2,73000.0,0.0,Tarjeta Débito,Tienda Física,Temporada Regular,Xs
V001918,1,2024-03-26,C02514,P0010,T016,4,95000.0,0.1,Tarjeta Crédito,Tienda Física,Black Friday,32
V001981,2,2024-01-31,C01256,P0014,T036,3,138000.0,0.0,Tarjeta Crédito,Tienda Física,Temporada De Diciembre,28
V003141,1,2025-11-25,C01664,P0007,T032,3,59000.0,0.2,Efectivo,Tienda Física,Temporada Regular,S
V000418,2,2025-02-26,C02456,P0013,T040,2,55000.0,0.0,Tarjeta Débito,Tienda Física,Temporada Regular,L
V002773,1,2023-12-27,C00957,P0002,T023,1,154000.0,0.0,Efectivo,Tienda Física,Vacaciones,Xs
V000798,1,2024-04-08,C00775,P0023,T006,1,75000.0,0.0,Efectivo,Tienda Física,Temporada Regular,L
V003252,1,2025-06-03,C00555,P0021,T039,2,115000.0,0.15,Efectivo,Tienda Física,Black Friday,Xxl
V000739,2,2024-12-04,C02619,P0024,T009,1,206000.0,0.0,Efectivo,Tienda Física,Temporada Regular,Xxl
V002029,1,2024-12-18,C02168,P0020,T040,3,75000.0,0.1,Efectivo,Tienda Física,Día Del Padre,Xl
V003038,1,2024-04-14,C01444,P0003,T004,3,181000.0,0.05,Tarjeta Crédito,Tienda Física,Temporada De Diciembre,38
V000605,1,2025-06-25,C02663,P0013,T024,2,59000.0,0.0,Tarjeta Débito,Tienda Física,Temporada Regular,Xl
V000213,1,2024-03-08,C00394,P0019,T023,4,71000.0,0.15,Tarjeta Crédito,Tienda Física,Temporada De Diciembre,Xs
V000364,2,2025-06-24,C01963,P0015,T004,4,168000.0,0.0,Efectivo,Tienda Física,Temporada Regular,36
V000956,1,2023-07-25,C00080,P0011,T001,3,138000.0,0.0,Tarjeta Débito,Tienda Física,Temporada Regular,S
V002381,2,2025-04-18,C00492,P0002,T004,1,149000.0,0.1,Efectivo,Tienda Física,Temporada Regular,Xl
V000928,1,2023-08-08,C00392,P0026,T008,2,137000.0,0.0,Tarjeta Débito,Tienda Física,Temporada Regular,Xxl
V001920,1,2024-11-25,C00835,P0013,T001,1,56000.0,0.0,Tarjeta Crédito,Tienda Física,Temporada Regular,S
V001358,3,2023-01-16,C00472,P0012,T027,1,111000.0,0.1,Efectivo,Tienda Física,Temporada Regular,M
V003159,3,2025-04-29,C00039,P0015,T001,1,175000.0,0.0,Tarjeta Débito,Tienda Física,Regreso A Clases,28
V002224,1,2024-03-07,C01952,P0019,T007,4,73000.0,0.0,Tarjeta Crédito,Tienda Física,Temporada Regular,L
V003024,1,2023-06-11,C01315,P0014,T007,1,135000.0,0.15,Efectivo,Tienda Física,Temporada Regular,34
V000677,1,2025-09-22,C01809,P0009,T004,4,122000.0,0.0,Transferencia,Tienda Física,Vacaciones,Xl
V003027,1,2023-11-10,C01175,P0011,T011,1,135000.0,0.0,Tarjeta Débito,Tienda Física,Temporada Regular,Xl
V002722,1,2024-10-16,C02655,P0010,T004,1,92000.0,0.15,Tarjeta Crédito,Online,Día De La Madre,34
V000503,3,2024-04-19,C00136,P0001,T016,2,140000.0,0.0,Tarjeta Débito,Tienda Física,Temporada Regular,40
V002008,2,2023-06-07,C02383,P0019,T011,2,70000.0,0.0,Transferencia,Tienda Física,Temporada Regular,S
V003776,2,2023-09-15,C00922,P0023,T039,2,79000.0,0.3,Tarjeta Débito,Tienda Física,Temporada Regular,S
V001522,3,2023-02-28,C02796,P0018,T021,2,80000.0,0.0,Tarjeta Crédito,Tienda Física,Temporada Regular,Xl
V000342,1,2024-09-19,C00658,P0010,T004,1,97000.0,0.15,Efectivo,Tienda Física,Temporada Regular,36
V000268,1,2023-03-15,C00736,P0014,T004,3,136000.0,0.0,Efectivo,Tienda Física,Temporada Regular,34
V000833,1,2024-06-23,C00542,P0018,T042,3,77000.0,0.0,Tarjeta Crédito,Online,Temporada Regular,S
V001752,1,2023-07-25,C01246,P0018,T033,2,78000.0,0.1,Transferencia,Tienda Física,Temporada Regular,Xl
V003352,2,2025-08-17,C01961,P0015,T007,2,175000.0,0.0,Tarjeta Crédito,Tienda Física,Temporada Regular,28
V002779,1,2024-07-15,C02472,P0014,T022,1,144000.0,0.4,Tarjeta Débito,Tienda Física,Temporada Regular,30
V001120,1,2025-05-06,C01796,P0001,T019,2,137000.0,0.0,Efectivo,Tienda Física,Temporada Regular,28
V002800,1,2024-07-19,C00632,P0010,T043,4,91000.0,0.1,Efectivo,Online,Vacaciones,38
V000637,1,2024-05-04,C02511,P0020,T009,1,73000.0,0.0,Tarjeta Crédito,Tienda Física,Temporada Regular,Xxl
V002265,2,2023-06-20,C01258,P0013,T035,1,54000.0,0.0,Tarjeta Débito,Tienda Física,Temporada Regular,M
V002435,1,2024-06-15,C01976,P0001,T002,2,146000.0,0.4,Efectivo,Tienda Física,Temporada De Diciembre,34
V003001,2,2025-02-15,C01300,P0012,T037,3,111000.0,0.0,Efectivo,Tienda Física,Temporada Regular,L
V000772,2,2025-06-20,C01374,P0016,T027,2,136000.0,0.0,Tarjeta Débito,Tienda Física,Black Friday,36
V003259,1,2024-03-05,C01105,P0015,T031,2,173000.0,0.0,Tarjeta Crédito,Tienda Física,Temporada De Diciembre,32
V000766,2,2024-06-25,C00654,P0021,T039,1,125000.0,0.0,Tarjeta Crédito,Tienda Física,Día Del Padre,Xs
V003105,1,2024-04-02,C02053,P0001,T012,1,141000.0,0.0,Efectivo,Tienda Física,Temporada Regular,38
V000638,1,2025-10-19,C02152,P0006,T040,1,56000.0,0.0,Tarjeta Crédito,Tienda Física,Regreso A Clases,Xs
V001390,1,2024-02-16,C01228,P0003,T038,1,171000.0,0.05,Tarjeta Crédito,Tienda Física,Temporada De Diciembre,30
V000108,2,2025-01-03,C01608,P0006,T026,2,53000.0,0.0,Tarjeta Débito,Tienda Física,Regreso A Clases,Xl
V000381,2,2024-11-22,C00710,P0012,T015,2,115000.0,0.3,Tarjeta Débito,Tienda Física,Temporada Regular,S
V002946,2,2023-07-18,C01031,P0018,T018,3,73000.0,0.0,Transferencia,Tienda Física,Día De La Madre,S
V000940,2,2024-08-22,C02348,P0024,T040,4,213000.0,0.3,Tarjeta Débito,Online,Temporada Regular,S
V002905,3,2024-02-05,C00214,P0010,T032,4,93000.0,0.0,Tarjeta Débito,Tienda Física,Temporada Regular,32
V000248,2,2023-01-02,C01065,P0012,T004,1,108000.0,0.0,Tarjeta Débito,Online,Temporada Regular,Xs
V002648,1,2023-05-22,C00126,P0018,T021,3,79000.0,0.0,Tarjeta Crédito,Tienda Física,Temporada Regular,S
V003050,1,2023-04-12,C00237,P0023,T014,1,81000.0,0.0,Tarjeta Débito,Tienda Física,Temporada Regular,S
V001053,1,2025-11-23,C00964,P0017,T032,2,143000.0,0.0,Tarjeta Débito,Tienda Física,Temporada Regular,Xs
V003306,2,2023-09-04,C00804,P0007,T018,2,58000.0,0.0,Tarjeta Crédito,Tienda Física,Temporada Regular,M
V000815,3,2023-05-09,C02177,P0024,T020,3,227000.0,0.0,Tarjeta Crédito,Tienda Física,Temporada Regular,M
V002953,1,2023-02-20,C01194,P0003,T022,4,178000.0,0.3,Tarjeta Crédito,Tienda Física,Temporada Regular,32
V002049,1,2025-12-24,C02421,P0013,T005,1,58000.0,0.0,Tarjeta Crédito,Tienda Física,Temporada De Diciembre,Xs
V000160,2,2024-03-28,C02227,P0002,T016,1,156000.0,0.0,Tarjeta Crédito,Tienda Física,Temporada Regular,Xs
V003429,1,2024-09-26,C02481,P0024,T019,1,225000.0,0.0,Tarjeta Crédito,Tienda Física,Temporada Regular,Xs
V001370,2,2023-03-12,C00518,P0009,T019,1,125000.0,0.0,Transferencia,Tienda Física,Temporada Regular,S
V002780,1,2024-01-22,C02387,P0006,T018,4,54000.0,0.0,Efectivo,Tienda Física,Temporada Regular,M
V003254,1,2024-09-05,C02040,P0024,T010,4,223000.0,0.0,Efectivo,Online,Regreso A Clases,L
V001194,1,2025-04-18,C00148,P0010,T023,4,95000.0,0.15,Efectivo,Online,Temporada Regular,28
V001588,1,2023-03-14,C01258,P0023,T018,1,74000.0,0.0,Tarjeta Crédito,Tienda Física,Temporada De Diciembre,Xs
V000389,1,2023-09-01,C00288,P0022,T004,1,201000.0,0.15,Tarjeta Débito,Tienda Física,Black Friday,L
V002062,1,2024-04-11,C00030,P0022,T035,1,210000.0,0.0,Efectivo,Online,Temporada Regular,Xs
V000189,1,2024-10-10,C00212,P0006,T003,3,55000.0,0.0,Tarjeta Crédito,Tienda Física,Temporada Regular,Xxl
V003278,3,2023-05-09,C01237,P0009,T043,3,124000.0,0.0,Tarjeta Crédito,Tienda Física,Vacaciones,L
V001311,1,2023-03-05,C01110,P0024,T032,1,210000.0,0.05,Tarjeta Crédito,Tienda Física,Temporada Regular,Xxl
V000089,1,2025-09-07,C00746,P0020,T027,1,76000.0,0.0,Tarjeta Crédito,Tienda Física,Vacaciones,S
V000490,2,2025-01-11,C00155,P0011,T009,4,135000.0,0.0,Tarjeta Débito,Tienda Física,Temporada Regular,M
V002851,2,2024-07-07,C02729,P0015,T033,2,180000.0,0.0,Efectivo,Tienda Física,Temporada Regular,38
V003754,1,2023-11-07,C00851,P0005,T023,1,108000.0,0.0,Transferencia,Tienda Física,Temporada Regular,Xs
V000756,1,2023-06-05,C02583,P0018,T003,2,74000.0,0.0,Tarjeta Crédito,Tienda Física,Temporada Regular,M
V001008,1,2023-07-28,C01708,P0008,T031,3,221000.0,0.0,Efectivo,Tienda Física,Día De La Madre,Xxl
V000331,1,2023-08-12,C02476,P0002,T036,2,152000.0,0.4,Tarjeta Débito,Tienda Física,Día Del Padre,Xs
V002193,2,2025-04-17,C01366,P0006,T041,1,56000.0,0.0,Tarjeta Débito,Tienda Física,Temporada Regular,Xs
V002711,1,2023-06-23,C00348,P0019,T023,1,71000.0,0.0,Efectivo,Tienda Física,Vacaciones,Xxl
V000265,1,2024-04-06,C00165,P0007,T003,1,59000.0,0.3,Tarjeta Débito,Tienda Física,Temporada Regular,L
V000050,1,2024-09-01,C00947,P0007,T011,2,61000.0,0.0,Transferencia,Tienda Física,Black Friday,Xs
V002740,3,2024-12-21,C02239,P0018,T004,1,76000.0,0.0,Tarjeta Crédito,Tienda Física,Temporada De Diciembre,L
V003213,2,2025-03-05,C01238,P0004,T006,2,177000.0,0.0,Efectivo,Tienda Física,Temporada Regular,28
V002764,1,2024-03-09,C01617,P0002,T024,1,156000.0,0.15,Tarjeta Débito,Tienda Física,Regreso A Clases,Xl
V003268,1,2025-01-02,C00560,P0015,T010,2,170000.0,0.1,Tarjeta Débito,Tienda Física,Vacaciones,38
V002313,1,2023-04-10,C02654,P0018,T029,3,73000.0,0.05,Tarjeta Débito,Tienda Física,Vacaciones,M
V002355,3,2024-03-13,C01096,P0007,T035,2,58000.0,0.0,Tarjeta Crédito,Online,Regreso A Clases,Xxl
V001129,2,2025-06-04,C01264,P0011,T001,4,134000.0,0.0,Tarjeta Crédito,Tienda Física,Día Del Padre,Xl
V001325,1,2025-06-26,C02272,P0020,T033,4,77000.0,0.0,Tarjeta Débito,Tienda Física,Temporada De Diciembre,Xl
V002948,2,2023-06-17,C01302,P0007,T034,4,60000.0,0.0,Efectivo,Tienda Física,Temporada Regular,Xl
V003698,1,2024-09-24,C00555,P0024,T012,1,212000.0,0.15,Tarjeta Crédito,Tienda Física,Vacaciones,Xxl
V001527,1,2024-07-18,C02624,P0026,T029,2,139000.0,0.0,Tarjeta Crédito,Tienda Física,Temporada Regular,M
V002975,1,2024-08-14,C01034,P0018,T033,1,74000.0,0.0,Tarjeta Crédito,Tienda Física,Temporada De Diciembre,Xxl
V001228,2,2024-10-05,C02133,P0010,T018,1,96000.0,0.0,Tarjeta Débito,Tienda Física,Regreso A Clases,38
V001759,2,2023-06-29,C01448,P0003,T004,2,175000.0,0.0,Transferencia,Tienda Física,Temporada Regular,32
V001914,1,2023-02-09,C01463,P0014,T018,3,134000.0,0.0,Tarjeta Débito,Online,Vacaciones,30
V002600,1,2024-12-16,C01454,P0009,T009,4,123000.0,0.1,Tarjeta Crédito,Tienda Física,Temporada Regular,M
V000772,1,2025-06-20,C01374,P0019,T027,1,69000.0,0.2,Tarjeta Débito,Tienda Física,Black Friday,M
V003752,1,2023-10-18,C00080,P0007,T034,1,61000.0,0.0,Tarjeta Débito,Tienda Física,Día De La Madre,Xxl
V001031,2,2024-01-12,C01147,P0001,T018,1,142000.0,0.05,Tarjeta Crédito,Online,Temporada Regular,34
V001665,1,2024-07-10,C00067,P0010,T030,1,95000.0,0.0,Tarjeta Débito,Tienda Física,Día Del Padre,38
V003216,2,2023-02-24,C01976,P0014,T028,4,142000.0,0.1,Transferencia,Online,Temporada Regular,30
V000710,1,2023-06-06,C01905,P0025,T021,2,147000.0,0.0,Tarjeta Crédito,Tienda Física,Temporada Regular,L
V002065,1,2023-03-01,C02638,P0021,T009,2,121000.0,0.0,Transferencia,Tienda Física,Temporada Regular,Xs
V001609,1,2023-01-28,C00310,P0014,T020,1,142000.0,0.0,Tarjeta Crédito,Tienda Física,Temporada Regular,34
V000599,3,2023-07-27,C02343,P0015,T030,1,183000.0,0.0,Efectivo,Tienda Física,Temporada Regular,34
V002025,1,2025-01-01,C02530,P0016,T004,2,145000.0,0.15,Tarjeta Débito,Tienda Física,Temporada Regular,30
V003148,1,2024-03-28,C01284,P0013,T009,2,59000.0,0.05,Tarjeta Crédito,Online,Temporada De Diciembre,Xl
V003628,1,2024-12-12,C00172,P0012,T043,2,110000.0,0.0,Tarjeta Crédito,Tienda Física,Temporada Regular,Xl
V000856,1,2023-07-15,C01332,P0014,T036,2,136000.0,0.0,Tarjeta Débito,Tienda Física,Temporada Regular,36
V001987,1,2025-02-07,C00863,P0018,T036,1,79000.0,0.0,Efectivo,Tienda Física,Temporada Regular,M
V002642,3,2024-10-04,C00265,P0015,T017,1,169000.0,0.0,Tarjeta Débito,Tienda Física,Temporada Regular,36
V000882,2,2025-11-30,C01454,P0013,T001,2,58000.0,0.4,Tarjeta Débito,Tienda Física,Vacaciones,Xxl
V000174,1,2024-03-01,C02315,P0003,T004,1,174000.0,0.15,Tarjeta Crédito,Tienda Física,Temporada Regular,30
V002058,1,2025-02-18,C01852,P0002,T016,3,160000.0,0.0,Transferencia,Tienda Física,Temporada Regular,L
V000183,1,2025-10-26,C02360,P0004,T035,1,180000.0,0.2,Tarjeta Crédito,Tienda Física,Temporada Regular,40
V001537,1,2024-06-19,C00883,P0004,T037,1,165000.0,0.05,Tarjeta Crédito,Tienda Física,Regreso A Clases,28
V000405,1,2024-01-07,C00399,P0017,T008,1,143000.0,0.0,Tarjeta Crédito,Online,Temporada Regular,Xl
V002204,2,2025-02-18,C02374,P0023,T027,1,77000.0,0.0,Tarjeta Débito,Tienda Física,Temporada Regular,Xxl
V003466,1,2023-01-06,C02786,P0010,T025,4,97000.0,0.0,Tarjeta Crédito,Tienda Física,Temporada Regular,38
V003422,1,2024-04-16,C00132,P0026,T009,3,140000.0,0.0,Tarjeta Crédito,Tienda Física,Temporada Regular,L
V001906,1,2023-03-16,C02029,P0001,T039,1,148000.0,0.0,Tarjeta Débito,Tienda Física,Vacaciones,36
V001949,1,2025-06-05,C00099,P0023,T028,3,77000.0,0.0,Tarjeta Crédito,Tienda Física,Temporada Regular,M
V003390,3,2023-01-04,C01383,P0004,T037,1,164000.0,0.0,Transferencia,Online,Regreso A Clases,38
V002950,2,2024-03-02,C01831,P0004,T004,2,180000.0,0.0,Tarjeta Crédito,Tienda Física,Temporada Regular,36
V002895,1,2024-05-01,C00768,P0016,T020,1,144000.0,0.0,Efectivo,Tienda Física,Temporada Regular,28
V002774,3,2025-08-30,C00974,P0019,T013,1,69000.0,0.0,Tarjeta Débito,Tienda Física,Temporada Regular,Xl
V000690,1,2025-01-29,C00766,P0015,T006,1,173000.0,0.0,Efectivo,Online,Día De La Madre,28
V002248,1,2025-06-23,C00169,P0004,T016,1,165000.0,0.05,Tarjeta Débito,Tienda Física,Temporada Regular,40
V001369,1,2023-02-02,C01719,P0015,T028,1,168000.0,0.0,Tarjeta Débito,Tienda Física,Temporada Regular,30
V001371,2,2023-12-07,C02630,P0021,T032,3,121000.0,0.0,Tarjeta Crédito,Tienda Física,Temporada Regular,S
V000602,1,2024-12-10,C01960,P0005,T014,1,117000.0,0.0,Tarjeta Crédito,Tienda Física,Temporada Regular,S
V000427,1,2023-10-15,C00691,P0019,T012,4,72000.0,0.0,Tarjeta Débito,Online,Día Del Padre,Xl
V000820,1,2024-01-31,C02786,P0013,T009,1,59000.0,0.0,Efectivo,Tienda Física,Temporada Regular,Xs
V002464,1,2025-09-04,C01103,P0004,T038,4,174000.0,0.0,Tarjeta Débito,Online,Temporada Regular,40
V000713,1,2024-07-23,C02319,P0001,T022,1,138000.0,0.0,Tarjeta Débito,Tienda Física,Regreso A Clases,34
V002519,1,2024-12-18,C02263,P0005,T033,2,111000.0,0.05,Efectivo,Tienda Física,Temporada Regular,Xxl
V000047,2,2023-10-29,C01841,P0011,T035,1,136000.0,0.05,Efectivo,Tienda Física,Regreso A Clases,Xl
V002876,1,2025-09-02,C01656,P0017,T027,1,148000.0,0.0,Tarjeta Débito,Tienda Física,Black Friday,Xxl
V000819,1,2024-04-11,C01177,P0001,T025,3,137000.0,0.1,Tarjeta Débito,Tienda Física,Vacaciones,30
V001171,1,2024-08-23,C01786,P0025,T003,1,135000.0,0.1,Efectivo,Tienda Física,Temporada Regular,S
V001941,1,2024-05-05,C01057,P0026,T010,1,138000.0,0.0,Efectivo,Tienda Física,Temporada Regular,L
V001057,1,2023-03-22,C02671,P0014,T037,2,143000.0,0.0,Tarjeta Débito,Tienda Física,Temporada De Diciembre,38
V003248,2,2024-04-25,C01638,P0003,T002,1,170000.0,0.0,Efectivo,Tienda Física,Temporada Regular,34
V003035,1,2023-07-29,C02625,P0023,T006,3,82000.0,0.0,Tarjeta Crédito,Online,Temporada Regular,Xs
V002708,2,2025-01-27,C01455,P0022,T001,3,191000.0,0.3,Efectivo,Online,Día De La Madre,Xxl
V000112,1,2024-07-30,C00739,P0005,T018,4,116000.0,0.0,Tarjeta Crédito,Tienda Física,Temporada Regular,Xxl
V003630,1,2025-04-21,C01064,P0022,T004,2,208000.0,0.05,Tarjeta Crédito,Tienda Física,Temporada Regular,Xl
V002171,1,2023-04-30,C01152,P0010,T032,3,93000.0,0.3,Efectivo,Online,Vacaciones,34
V002175,1,2025-04-10,C01064,P0024,T017,4,206000.0,0.0,Tarjeta Crédito,Online,Black Friday,Xxl
V003755,2,2024-06-22,C01890,P0013,T018,1,54000.0,0.0,Tarjeta Débito,Tienda Física,Regreso A Clases,Xs
V001892,3,2024-04-10,C01244,P0018,T003,4,74000.0,0.0,Efectivo,Tienda Física,Temporada Regular,Xxl
V003735,2,2025-04-05,C02503,P0024,T004,1,214000.0,0.0,Tarjeta Crédito,Tienda Física,Temporada Regular,M
V003524,1,2023-10-22,C00503,P0024,T004,3,216000.0,0.0,Tarjeta Débito,Tienda Física,Temporada De Diciembre,L
V003486,2,2025-08-30,C00106,P0001,T032,1,150000.0,0.0,Tarjeta Débito,Tienda Física,Temporada Regular,34
V000043,1,2025-06-01,C00862,P0021,T035,2,116000.0,0.0,Tarjeta Débito,Tienda Física,Temporada Regular,Xxl
V001012,1,2024-05-29,C01420,P0013,T022,1,58000.0,0.05,Tarjeta Crédito,Tienda Física,Temporada Regular,Xxl
V000379,2,2024-12-18,C02539,P0010,T012,1,99000.0,0.0,Efectivo,Tienda Física,Temporada Regular,30
V001717,1,2024-03-16,C00355,P0021,T032,1,122000.0,0.05,Tarjeta Crédito,Tienda Física,Día Del Padre,Xs
V000154,1,2024-09-07,C00930,P0020,T029,4,80000.0,0.1,Tarjeta Crédito,Tienda Física,Temporada Regular,Xl
V001634,2,2024-07-20,C01452,P0024,T042,3,208000.0,0.0,Tarjeta Débito,Tienda Física,Regreso A Clases,M
V001827,2,2023-12-19,C01103,P0015,T028,2,182000.0,0.0,Tarjeta Crédito,Tienda Física,Temporada De Diciembre,30
V002736,2,2023-01-05,C02188,P0003,T038,4,172000.0,0.0,Tarjeta Crédito,Tienda Física,Temporada Regular,40
V003578,2,2023-01-07,C00253,P0009,T004,1,131000.0,0.0,Transferencia,Tienda Física,Regreso A Clases,Xs
V001333,1,2024-12-29,C00352,P0016,T004,3,146000.0,0.05,Efectivo,Tienda Física,Temporada Regular,32
V002196,3,2025-11-05,C00310,P0002,T029,1,152000.0,0.15,Efectivo,Tienda Física,Temporada Regular,Xs
V000072,1,2025-05-08,C02152,P0021,T028,4,127000.0,0.0,Tarjeta Crédito,Tienda Física,Día Del Padre,M
V002792,1,2024-03-30,C01913,P0008,T029,4,216000.0,0.0,Transferencia,Tienda Física,Temporada Regular,Xl
V000075,2,2023-11-25,C00582,P0026,T028,2,137000.0,0.2,Tarjeta Débito,Tienda Física,Temporada Regular,Xxl
V003348,2,2025-07-29,C01870,P0002,T004,1,149000.0,0.0,Efectivo,Tienda Física,Día Del Padre,L
V002039,1,2023-06-10,C01130,P0011,T033,1,133000.0,0.0,Tarjeta Débito,Tienda Física,Temporada Regular,L
V000391,1,2024-06-11,C00348,P0008,T036,1,218000.0,0.4,Efectivo,Online,Temporada Regular,Xxl
V002449,1,2025-05-13,C02593,P0023,T022,1,74000.0,0.0,Efectivo,Tienda Física,Temporada Regular,M
V002121,2,2023-10-18,C00041,P0015,T041,1,176000.0,0.3,Tarjeta Débito,Online,Temporada Regular,36
V003541,3,2024-02-12,C02601,P0022,T011,4,202000.0,0.0,Tarjeta Débito,Tienda Física,Temporada De Diciembre,L
V000281,1,2025-03-07,C01027,P0020,T018,1,74000.0,0.05,Transferencia,Tienda Física,Temporada Regular,S
V003078,1,2025-08-06,C01899,P0016,T022,1,133000.0,0.3,Efectivo,Tienda Física,Temporada Regular,40
V000709,3,2024-02-22,C00690,P0022,T025,1,202000.0,0.0,Transferencia,Tienda Física,Temporada Regular,Xxl
V001144,1,2025-07-03,C02730,P0021,T016,3,122000.0,0.0,Tarjeta Crédito,Tienda Física,Temporada Regular,Xl
V003072,3,2023-04-06,C02446,P0010,T004,4,97000.0,0.0,Tarjeta Crédito,Tienda Física,Temporada Regular,40
V001044,2,2024-10-14,C02525,P0023,T014,1,79000.0,0.05,Transferencia,Tienda Física,Día Del Padre,Xs
V000280,2,2023-02-04,C00334,P0007,T018,1,63000.0,0.4,Transferencia,Tienda Física,Temporada Regular,L
V003417,1,2024-02-16,C00768,P0014,T037,1,133000.0,0.0,Tarjeta Débito,Tienda Física,Black Friday,36
V002549,3,2023-04-20,C01617,P0025,T012,4,141000.0,0.1,Tarjeta Débito,Tienda Física,Temporada Regular,Xxl
V000019,1,2023-06-19,C00425,P0005,T004,1,118000.0,0.0,Transferencia,Tienda Física,Regreso A Clases,L
V003477,1,2025-04-08,C01140,P0019,T009,1,72000.0,0.1,Transferencia,Tienda Física,Regreso A Clases,Xxl
V001733,1,2025-02-05,C00509,P0002,T020,3,150000.0,0.1,Tarjeta Crédito,Tienda Física,Día Del Padre,M
V000927,2,2024-09-11,C01264,P0010,T039,2,92000.0,0.0,Tarjeta Crédito,Tienda Física,Temporada Regular,30
V002032,2,2025-02-14,C02567,P0001,T004,4,150000.0,0.0,Tarjeta Crédito,Tienda Física,Temporada Regular,30
V002985,1,2024-12-19,C01809,P0015,T039,1,171000.0,0.0,Tarjeta Crédito,Tienda Física,Temporada Regular,32
V002277,1,2025-12-04,C02228,P0024,T019,1,215000.0,0.0,Tarjeta Crédito,Tienda Física,Temporada De Diciembre,M
V000263,1,2024-01-19,C00637,P0026,T014,1,141000.0,0.0,Efectivo,Tienda Física,Temporada Regular,S
V003687,1,2023-02-15,C01864,P0026,T039,1,134000.0,0.0,Tarjeta Débito,Tienda Física,Temporada Regular,L
V001421,2,2025-04-21,C00565,P0013,T004,3,56000.0,0.0,Tarjeta Crédito,Online,Regreso A Clases,Xxl
V002213,1,2024-04-22,C00576,P0008,T005,1,224000.0,0.1,Transferencia,Tienda Física,Temporada De Diciembre,Xs
V000394,1,2023-07-29,C00565,P0006,T004,2,55000.0,0.0,Tarjeta Crédito,Tienda Física,Temporada Regular,M
V003264,1,2025-07-14,C01799,P0011,T025,1,135000.0,0.1,Tarjeta Crédito,Tienda Física,Temporada Regular,L
V001413,1,2023-08-18,C01502,P0002,T012,1,150000.0,0.1,Tarjeta Crédito,Tienda Física,Temporada Regular,L
V003612,1,2025-01-29,C01074,P0017,T020,2,139000.0,0.0,Tarjeta Crédito,Tienda Física,Temporada Regular,Xl
V003407,1,2023-04-04,C00842,P0020,T017,3,75000.0,0.0,Tarjeta Crédito,Tienda Física,Temporada Regular,S
V003245,3,2025-04-23,C02637,P0021,T017,4,119000.0,0.3,Efectivo,Tienda Física,Temporada Regular,Xxl
V003677,1,2024-11-04,C02350,P0005,T002,2,113000.0,0.0,Tarjeta Débito,Tienda Física,Temporada Regular,Xl
V000739,3,2024-12-04,C02619,P0025,T009,1,145000.0,0.0,Efectivo,Tienda Física,Temporada Regular,L
V002107,3,2024-10-05,C00278,P0026,T020,1,132000.0,0.0,Tarjeta Crédito,Tienda Física,Temporada Regular,Xl
V002371,1,2025-12-20,C01921,P0010,T004,1,96000.0,0.0,Tarjeta Crédito,Online,Black Friday,38
V002130,1,2023-02-20,C00343,P0005,T019,1,113000.0,0.05,Tarjeta Crédito,Tienda Física,Temporada Regular,M
V002183,1,2023-07-08,C00882,P0011,T009,1,136000.0,0.0,Tarjeta Crédito,Tienda Física,Temporada Regular,M
V000231,2,2025-06-23,C01565,P0014,T015,1,141000.0,0.0,Tarjeta Crédito,Tienda Física,Temporada Regular,38
V003778,2,2024-12-29,C02433,P0012,T040,2,110000.0,0.0,Tarjeta Débito,Tienda Física,Temporada De Diciembre,M
V001308,1,2024-07-05,C02715,P0001,T018,2,142000.0,0.0,Tarjeta Débito,Tienda Física,Día De La Madre,32
V003520,1,2024-02-26,C02665,P0019,T033,1,73000.0,0.0,Tarjeta Crédito,Tienda Física,Día De La Madre,S
V002699,1,2025-12-30,C01233,P0015,T003,1,175000.0,0.0,Tarjeta Crédito,Tienda Física,Black Friday,40
V001653,2,2023-02-03,C00434,P0022,T034,1,205000.0,0.05,Tarjeta Débito,Tienda Física,Temporada Regular,L
V002847,1,2023-08-30,C02720,P0004,T022,1,172000.0,0.0,Tarjeta Crédito,Tienda Física,Temporada Regular,36
V002767,1,2024-02-03,C00873,P0003,T004,1,177000.0,0.0,Efectivo,Tienda Física,Temporada De Diciembre,36
V000542,2,2023-02-06,C01531,P0026,T004,4,130000.0,0.0,Efectivo,Online,Regreso A Clases,S
V002660,1,2024-11-25,C02051,P0023,T017,1,80000.0,0.15,Tarjeta Débito,Tienda Física,Regreso A Clases,M
V000912,2,2025-03-16,C00732,P0018,T021,1,72000.0,0.0,Tarjeta Crédito,Tienda Física,Temporada Regular,Xxl
V001791,2,2024-01-20,C00015,P0006,T004,1,58000.0,0.15,Transferencia,Tienda Física,Temporada Regular,S
V003459,3,2024-12-18,C02416,P0020,T006,4,76000.0,0.1,Tarjeta Débito,Tienda Física,Temporada Regular,Xs
V002401,1,2023-11-17,C01298,P0021,T009,1,120000.0,0.1,Tarjeta Débito,Tienda Física,Temporada Regular,M
V002752,3,2025-12-05,C01860,P0003,T004,1,171000.0,0.05,Tarjeta Débito,Tienda Física,Día De La Madre,36
V000217,2,2025-03-26,C00178,P0017,T019,2,144000.0,0.0,Tarjeta Débito,Tienda Física,Temporada Regular,Xl
V002778,2,2023-11-09,C02669,P0002,T029,2,163000.0,0.0,Tarjeta Débito,Tienda Física,Temporada Regular,Xxl
V001838,1,2023-06-28,C01860,P0013,T027,3,58000.0,0.0,Tarjeta Crédito,Tienda Física,Black Friday,Xs
V003648,1,2023-12-20,C02444,P0012,T005,2,114000.0,0.0,Efectivo,Tienda Física,Temporada De Diciembre,L
V002886,1,2024-11-09,C01683,P0006,T028,3,57000.0,0.0,Efectivo,Tienda Física,Temporada Regular,S
V003113,2,2023-06-08,C00091,P0013,T025,2,56000.0,0.1,Tarjeta Débito,Tienda Física,Temporada Regular,Xl
V003157,1,2025-03-17,C01050,P0011,T040,1,138000.0,0.0,Efectivo,Online,Temporada Regular,S
V000583,1,2024-01-09,C02063,P0021,T036,2,119000.0,0.05,Tarjeta Crédito,Tienda Física,Temporada Regular,Xs
V001118,2,2025-05-01,C02503,P0026,T003,1,138000.0,0.1,Efectivo,Tienda Física,Temporada Regular,L
V003604,2,2023-03-14,C00910,P0016,T006,1,143000.0,0.0,Tarjeta Crédito,Tienda Física,Temporada Regular,36
V000580,1,2023-06-04,C00114,P0023,T024,1,74000.0,0.0,Transferencia,Tienda Física,Temporada De Diciembre,Xs
V000182,2,2024-06-03,C00964,P0008,T003,4,213000.0,0.0,Tarjeta Débito,Tienda Física,Temporada Regular,S
V003785,3,2023-04-13,C00367,P0003,T005,3,179000.0,0.1,Tarjeta Débito,Tienda Física,Temporada De Diciembre,40
V001879,1,2023-04-10,C01785,P0019,T030,1,72000.0,0.0,Efectivo,Tienda Física,Regreso A Clases,L
V000541,1,2023-01-15,C00366,P0007,T006,3,61000.0,0.4,Tarjeta Crédito,Tienda Física,Temporada De Diciembre,M
V001460,1,2024-02-19,C02151,P0023,T010,3,80000.0,0.0,Transferencia,Online,Temporada Regular,Xs
V002743,1,2023-04-07,C01728,P0026,T004,1,132000.0,0.0,Efectivo,Online,Temporada Regular,M
V002110,1,2024-07-21,C00067,P0018,T005,1,79000.0,0.05,Tarjeta Crédito,Tienda Física,Vacaciones,Xl
V002378,1,2023-09-24,C01165,P0026,T037,3,142000.0,0.0,Efectivo,Tienda Física,Temporada Regular,M
V002286,1,2024-03-08,C00590,P0002,T011,1,159000.0,0.0,Tarjeta Débito,Tienda Física,Vacaciones,Xxl
V001052,3,2023-03-02,C00637,P0022,T001,1,204000.0,0.0,Tarjeta Débito,Tienda Física,Vacaciones,L
V000964,2,2025-07-11,C01079,P0023,T006,1,78000.0,0.0,Tarjeta Débito,Tienda Física,Temporada Regular,Xxl
V001611,2,2023-07-08,C01258,P0010,T011,3,95000.0,0.0,Tarjeta Crédito,Tienda Física,Temporada Regular,34
V001089,2,2024-06-11,C02792,P0008,T004,1,217000.0,0.0,Tarjeta Crédito,Tienda Física,Temporada De Diciembre,Xl
V001156,1,2023-11-24,C01751,P0019,T019,1,74000.0,0.0,Tarjeta Crédito,Online,Temporada Regular,Xl
V001361,3,2024-05-27,C01669,P0017,T036,3,154000.0,0.15,Tarjeta Crédito,Tienda Física,Black Friday,M
V000435,2,2025-05-03,C02111,P0022,T030,1,207000.0,0.0,Transferencia,Tienda Física,Regreso A Clases,Xs
V000670,1,2023-12-19,C01636,P0010,T012,4,91000.0,0.0,Efectivo,Online,Vacaciones,38
V003614,1,2024-11-16,C00433,P0001,T031,2,144000.0,0.2,Tarjeta Crédito,Tienda Física,Temporada Regular,32
V003772,1,2025-11-03,C01081,P0014,T006,1,138000.0,0.0,Efectivo,Online,Temporada Regular,36
V002968,1,2023-11-26,C02444,P0017,T042,3,151000.0,0.1,Efectivo,Online,Vacaciones,M
V002344,1,2023-05-03,C00565,P0022,T035,3,194000.0,0.0,Tarjeta Crédito,Tienda Física,Temporada Regular,S
V001469,1,2024-06-12,C01642,P0006,T038,2,55000.0,0.3,Tarjeta Débito,Tienda Física,Temporada Regular,Xl
V000498,2,2023-09-30,C02734,P0013,T009,4,57000.0,0.0,Tarjeta Débito,Online,Temporada Regular,Xl
V001618,1,2023-12-15,C01306,P0004,T008,1,170000.0,0.0,Tarjeta Débito,Tienda Física,Temporada Regular,38
V000591,1,2024-10-28,C00101,P0019,T018,1,71000.0,0.0,Tarjeta Débito,Online,Black Friday,M
V001828,2,2023-12-02,C01544,P0005,T004,4,117000.0,0.1,Tarjeta Crédito,Tienda Física,Temporada Regular,Xs
V000164,3,2023-09-01,C01248,P0003,T022,1,183000.0,0.0,Efectivo,Tienda Física,Regreso A Clases,38
V002669,1,2025-10-22,C02635,P0004,T007,1,176000.0,0.05,Tarjeta Crédito,Online,Temporada Regular,36
V002515,1,2024-01-18,C01746,P0021,T006,3,118000.0,0.0,Tarjeta Débito,Tienda Física,Día De La Madre,M
V000416,1,2023-03-31,C00822,P0026,T004,2,136000.0,0.2,Efectivo,Tienda Física,Vacaciones,Xs
V003560,2,2025-02-23,C02059,P0014,T027,2,133000.0,0.4,Tarjeta Crédito,Tienda Física,Día Del Padre,30
V000955,2,2024-08-05,C00380,P0026,T006,1,137000.0,0.3,Tarjeta Crédito,Tienda Física,Temporada De Diciembre,Xl
V002357,2,2024-04-09,C01735,P0006,T002,1,58000.0,0.0,Tarjeta Débito,Tienda Física,Temporada Regular,S
V002376,1,2023-03-19,C01934,P0004,T027,1,164000.0,0.1,Tarjeta Crédito,Tienda Física,Temporada Regular,36
V000303,1,2025-05-30,C01623,P0018,T038,1,75000.0,0.0,Tarjeta Débito,Tienda Física,Temporada Regular,L
V000523,1,2025-10-11,C00189,P0001,T032,1,146000.0,0.05,Tarjeta Crédito,Tienda Física,Temporada Regular,38
V000262,1,2024-03-04,C02641,P0004,T009,3,178000.0,0.05,Efectivo,Tienda Física,Temporada Regular,40
V003790,1,2024-11-04,C02193,P0025,T016,1,139000.0,0.15,Efectivo,Online,Temporada Regular,Xl
V002004,2,2023-12-21,C01552,P0018,T004,3,77000.0,0.0,Tarjeta Crédito,Tienda Física,Día Del Padre,L
V000701,1,2025-11-17,C00531,P0005,T033,1,110000.0,0.1,Tarjeta Crédito,Tienda Física,Temporada Regular,Xs
V000787,2,2025-07-21,C01391,P0009,T004,1,131000.0,0.0,Efectivo,Tienda Física,Día De La Madre,S
V000285,1,2024-04-12,C01340,P0010,T014,1,93000.0,0.0,Tarjeta Crédito,Online,Temporada Regular,36
V001236,2,2024-01-03,C01504,P0025,T006,4,145000.0,0.15,Tarjeta Débito,Online,Temporada Regular,Xs
V003497,1,2023-01-27,C00617,P0009,T017,2,124000.0,0.0,Tarjeta Débito,Tienda Física,Vacaciones,Xl
V001044,1,2024-10-14,C02525,P0001,T014,1,142000.0,0.0,Transferencia,Tienda Física,Día Del Padre,32
V001353,1,2024-09-15,C01763,P0010,T017,1,96000.0,0.3,Transferencia,Tienda Física,Temporada Regular,36
V002055,2,2024-01-28,C00501,P0009,T031,3,121000.0,0.3,Transferencia,Tienda Física,Temporada Regular,S
V001321,2,2023-12-18,C01376,P0018,T004,1,74000.0,0.0,Tarjeta Débito,Tienda Física,Vacaciones,Xs
V003558,1,2023-03-08,C02770,P0001,T031,2,149000.0,0.0,Tarjeta Débito,Tienda Física,Temporada Regular,30
V001611,1,2023-07-08,C01258,P0024,T011,2,205000.0,0.0,Tarjeta Crédito,Tienda Física,Temporada Regular,M
V001639,1,2023-11-11,C02230,P0015,T004,4,171000.0,0.2,Tarjeta Débito,Tienda Física,Temporada Regular,40
V000913,1,2025-07-04,C02599,P0013,T012,1,59000.0,0.0,Efectivo,Tienda Física,Temporada Regular,S
V002728,1,2025-12-27,C02743,P0015,T012,4,175000.0,0.15,Efectivo,Tienda Física,Temporada Regular,28
V003320,1,2023-07-20,C00263,P0007,T037,2,62000.0,0.15,Tarjeta Débito,Tienda Física,Temporada De Diciembre,Xs
V002410,2,2024-05-08,C02719,P0006,T004,1,57000.0,0.0,Tarjeta Débito,Tienda Física,Día Del Padre,Xs
V003600,1,2023-06-16,C00662,P0022,T021,3,208000.0,0.0,Efectivo,Tienda Física,Temporada Regular,L
V000334,2,2025-03-11,C01214,P0015,T007,2,181000.0,0.1,Tarjeta Crédito,Tienda Física,Temporada Regular,36
V001063,1,2025-09-09,C01311,P0009,T010,1,131000.0,0.0,Tarjeta Crédito,Tienda Física,Vacaciones,Xs
V002507,1,2023-01-07,C01721,P0001,T015,2,144000.0,0.3,Transferencia,Tienda Física,Temporada Regular,38
V002659,1,2023-04-03,C01972,P0011,T009,2,138000.0,0.0,Tarjeta Crédito,Tienda Física,Temporada Regular,L
V000600,2,2024-01-16,C02449,P0001,T024,1,150000.0,0.0,Efectivo,Tienda Física,Vacaciones,40
V001314,1,2025-07-13,C00406,P0004,T037,4,172000.0,0.0,Efectivo,Tienda Física,Temporada Regular,34
V001618,2,2023-12-15,C01306,P0013,T008,2,58000.0,0.0,Tarjeta Débito,Tienda Física,Temporada Regular,Xs
V000926,2,2023-11-09,C01922,P0008,T004,1,219000.0,0.0,Tarjeta Débito,Tienda Física,Temporada De Diciembre,L
V002094,2,2024-07-09,C00827,P0003,T008,2,182000.0,0.0,Tarjeta Crédito,Tienda Física,Temporada Regular,32
V001007,1,2025-12-29,C02247,P0008,T010,2,223000.0,0.2,Efectivo,Online,Temporada Regular,L
V002225,2,2024-10-04,C02171,P0010,T023,2,93000.0,0.0,Transferencia,Tienda Física,Temporada Regular,32
V000246,1,2024-03-02,C01037,P0005,T004,1,118000.0,0.0,Transferencia,Tienda Física,Vacaciones,S
V002200,1,2024-10-18,C02701,P0010,T012,4,97000.0,0.1,Efectivo,Tienda Física,Temporada De Diciembre,28
V002027,3,2023-08-07,C01042,P0006,T038,3,56000.0,0.0,Tarjeta Crédito,Tienda Física,Temporada Regular,Xs
V001207,2,2025-03-31,C02114,P0011,T017,1,140000.0,0.05,Efectivo,Tienda Física,Temporada Regular,M
V003115,3,2025-07-28,C02727,P0011,T024,2,131000.0,0.0,Tarjeta Débito,Online,Temporada De Diciembre,Xl
V001438,1,2024-02-18,C01786,P0025,T018,2,140000.0,0.4,Efectivo,Tienda Física,Temporada Regular,M
V001807,1,2023-06-25,C01621,P0008,T001,3,213000.0,0.2,Efectivo,Online,Temporada Regular,Xxl
V003530,1,2025-10-24,C01011,P0006,T004,1,56000.0,0.1,Tarjeta Débito,Tienda Física,Vacaciones,Xs
V003649,2,2025-01-05,C01758,P0020,T018,1,77000.0,0.0,Transferencia,Tienda Física,Temporada Regular,Xs
V003616,3,2023-11-02,C02686,P0005,T009,3,115000.0,0.0,Tarjeta Crédito,Tienda Física,Vacaciones,Xs
V000558,1,2023-04-22,C02279,P0006,T017,1,55000.0,0.15,Transferencia,Online,Día De La Madre,Xxl
V001874,2,2023-04-21,C01252,P0022,T020,4,192000.0,0.0,Tarjeta Débito,Tienda Física,Temporada De Diciembre,L
V002264,1,2025-08-12,C01706,P0006,T043,2,56000.0,0.0,Efectivo,Tienda Física,Temporada Regular,S
V000060,2,2025-03-21,C00863,P0024,T004,3,211000.0,0.0,Tarjeta Débito,Tienda Física,Regreso A Clases,M
V003367,3,2024-03-16,C02288,P0018,T001,1,77000.0,0.0,Tarjeta Crédito,Tienda Física,Temporada Regular,Xl
V002894,1,2025-01-05,C02645,P0021,T019,3,120000.0,0.1,Tarjeta Crédito,Tienda Física,Temporada Regular,Xs
V002939,1,2024-07-15,C00377,P0019,T004,1,71000.0,0.0,Efectivo,Tienda Física,Temporada Regular,Xl
V002339,1,2024-04-11,C01026,P0011,T001,1,131000.0,0.0,Tarjeta Crédito,Tienda Física,Temporada Regular,L
V001649,2,2025-09-24,C02229,P0018,T024,2,79000.0,0.0,Tarjeta Crédito,Tienda Física,Temporada Regular,S
V003579,2,2023-08-02,C02345,P0002,T037,4,149000.0,0.0,Tarjeta Crédito,Tienda Física,Temporada Regular,Xs
V002870,2,2025-06-23,C00551,P0025,T004,1,143000.0,0.0,Tarjeta Débito,Online,Temporada Regular,M
V002517,1,2024-01-08,C02780,P0017,T010,1,143000.0,0.0,Transferencia,Tienda Física,Regreso A Clases,M
V000012,1,2024-06-01,C02543,P0004,T004,3,180000.0,0.0,Tarjeta Débito,Tienda Física,Temporada De Diciembre,30
V000749,1,2023-07-23,C01220,P0009,T018,2,125000.0,0.05,Tarjeta Débito,Tienda Física,Vacaciones,M
V002780,2,2024-01-22,C02387,P0013,T018,1,59000.0,0.0,Efectivo,Tienda Física,Temporada Regular,Xxl
V000094,2,2025-06-19,C02590,P0002,T022,1,162000.0,0.0,Tarjeta Débito,Tienda Física,Temporada Regular,L
V001681,1,2023-01-19,C02458,P0024,T013,3,226000.0,0.0,Efectivo,Tienda Física,Temporada Regular,S
V002581,1,2023-03-16,C02651,P0025,T004,3,135000.0,0.1,Efectivo,Tienda Física,Temporada Regular,Xl
V003571,2,2025-04-03,C02498,P0024,T004,3,212000.0,0.3,Transferencia,Tienda Física,Temporada Regular,Xxl
V002459,1,2024-09-16,C02498,P0026,T022,1,139000.0,0.2,Tarjeta Débito,Tienda Física,Temporada Regular,Xl
V001848,1,2024-12-10,C02777,P0016,T016,1,143000.0,0.0,Tarjeta Débito,Online,Temporada Regular,40
V001876,1,2023-07-25,C02005,P0020,T005,3,79000.0,0.15,Efectivo,Tienda Física,Temporada Regular,Xxl
V002301,1,2023-08-13,C01777,P0011,T009,1,136000.0,0.0,Tarjeta Crédito,Tienda Física,Día Del Padre,Xl
V001170,2,2025-10-04,C00188,P0013,T011,1,59000.0,0.0,Tarjeta Débito,Tienda Física,Temporada Regular,S
V000968,1,2023-02-14,C01047,P0025,T015,1,141000.0,0.0,Tarjeta Débito,Online,Temporada Regular,L
V002616,1,2025-12-19,C02037,P0014,T019,1,146000.0,0.1,Efectivo,Tienda Física,Temporada De Diciembre,38
V000984,1,2024-06-12,C02684,P0018,T008,1,79000.0,0.0,Tarjeta Débito,Tienda Física,Temporada Regular,M
V003448,1,2025-02-23,C01247,P0005,T004,1,116000.0,0.0,Tarjeta Crédito,Tienda Física,Regreso A Clases,Xxl
V000542,1,2023-02-06,C01531,P0022,T004,1,198000.0,0.4,Efectivo,Online,Regreso A Clases,L
V002929,1,2023-12-12,C01636,P0011,T043,1,139000.0,0.4,Tarjeta Crédito,Online,Temporada Regular,Xs
V003402,2,2024-05-22,C02789,P0010,T001,4,98000.0,0.15,Tarjeta Crédito,Tienda Física,Temporada Regular,34
V000220,2,2025-03-04,C00426,P0016,T036,1,136000.0,0.3,Transferencia,Tienda Física,Black Friday,38
V001455,1,2025-01-11,C02250,P0024,T001,1,218000.0,0.0,Tarjeta Crédito,Online,Regreso A Clases,M
V001667,2,2023-02-12,C02067,P0016,T004,1,144000.0,0.0,Tarjeta Crédito,Tienda Física,Temporada Regular,30
V002124,1,2023-05-28,C01083,P0008,T034,1,224000.0,0.15,Tarjeta Débito,Tienda Física,Temporada Regular,Xxl
V001820,2,2025-03-03,C01930,P0004,T017,2,173000.0,0.0,Transferencia,Tienda Física,Temporada Regular,30
V003185,1,2024-05-24,C01193,P0018,T018,4,73000.0,0.0,Transferencia,Online,Vacaciones,Xs
V002197,1,2023-03-21,C01182,P0005,T035,2,116000.0,0.0,Tarjeta Débito,Tienda Física,Black Friday,Xxl
V003295,1,2025-01-10,C01055,P0022,T013,1,195000.0,0.05,Tarjeta Débito,Tienda Física,Temporada Regular,M
V003274,2,2025-06-22,C02781,P0024,T040,1,222000.0,0.0,Tarjeta Débito,Tienda Física,Temporada Regular,Xl
V001380,1,2024-08-07,C00016,P0017,T033,1,141000.0,0.3,Tarjeta Débito,Tienda Física,Temporada De Diciembre,Xs
V001332,1,2023-10-21,C00201,P0025,T004,1,133000.0,0.0,Tarjeta Crédito,Tienda Física,Regreso A Clases,L
V002670,1,2023-11-12,C00165,P0009,T036,1,133000.0,0.0,Efectivo,Tienda Física,Temporada Regular,Xl
V003056,1,2024-01-24,C00069,P0016,T021,1,138000.0,0.0,Tarjeta Débito,Online,Temporada Regular,40
V003183,2,2023-03-21,C00964,P0009,T033,1,127000.0,0.2,Efectivo,Tienda Física,Día Del Padre,Xs
V000345,2,2025-09-19,C00064,P0009,T002,4,130000.0,0.0,Transferencia,Tienda Física,Vacaciones,Xl
V003011,2,2023-12-23,C02281,P0011,T005,1,137000.0,0.0,Tarjeta Crédito,Tienda Física,Black Friday,Xs
V000934,1,2023-04-17,C00069,P0007,T018,1,62000.0,0.0,Efectivo,Tienda Física,Temporada Regular,S
V000584,1,2024-06-25,C02597,P0016,T004,2,136000.0,0.0,Tarjeta Crédito,Tienda Física,Temporada Regular,32
V001547,1,2025-03-13,C02103,P0022,T036,3,204000.0,0.1,Tarjeta Débito,Tienda Física,Temporada Regular,Xs
V002860,1,2024-01-23,C02598,P0012,T039,3,112000.0,0.0,Efectivo,Online,Vacaciones,L
V000346,2,2025-08-02,C01561,P0022,T004,4,202000.0,0.0,Tarjeta Crédito,Online,Temporada Regular,Xs
V001515,1,2023-04-28,C00662,P0026,T032,1,136000.0,0.0,Tarjeta Crédito,Online,Día De La Madre,S
V002754,3,2025-02-19,C02140,P0010,T026,2,91000.0,0.0,Efectivo,Tienda Física,Temporada De Diciembre,28
V002395,1,2023-02-14,C01714,P0010,T004,2,92000.0,0.0,Tarjeta Crédito,Online,Temporada Regular,34
V001220,1,2025-08-02,C02460,P0004,T008,2,175000.0,0.05,Tarjeta Crédito,Tienda Física,Vacaciones,40
V000496,1,2024-09-27,C02608,P0017,T014,3,147000.0,0.05,Tarjeta Crédito,Tienda Física,Temporada Regular,S
V001470,1,2024-08-22,C00107,P0003,T013,3,178000.0,0.0,Tarjeta Débito,Tienda Física,Temporada De Diciembre,32
V000767,1,2025-04-15,C01854,P0024,T009,1,223000.0,0.15,Tarjeta Crédito,Tienda Física,Temporada Regular,L
V003331,2,2023-02-21,C00957,P0019,T004,1,73000.0,0.0,Tarjeta Débito,Tienda Física,Vacaciones,Xl
V002877,1,2023-10-06,C01090,P0022,T008,2,198000.0,0.0,Tarjeta Crédito,Tienda Física,Temporada Regular,Xl
V000237,1,2025-10-11,C01780,P0025,T008,1,145000.0,0.0,Tarjeta Crédito,Tienda Física,Temporada Regular,S
V001489,1,2023-04-05,C00364,P0024,T030,4,217000.0,0.05,Tarjeta Crédito,Tienda Física,Temporada Regular,S
V000598,1,2023-10-30,C01818,P0002,T034,1,158000.0,0.05,Tarjeta Crédito,Tienda Física,Temporada Regular,S
V003508,1,2024-10-13,C01131,P0004,T042,2,176000.0,0.0,Tarjeta Débito,Tienda Física,Temporada Regular,34
V003737,1,2023-06-14,C00668,P0018,T015,1,79000.0,0.0,Transferencia,Tienda Física,Regreso A Clases,M
V002290,2,2024-09-02,C00001,P0013,T004,1,56000.0,0.0,Efectivo,Tienda Física,Día De La Madre,M
V000685,1,2023-08-13,C00348,P0009,T024,1,122000.0,0.2,Efectivo,Online,Regreso A Clases,Xl
V002328,1,2023-11-11,C02524,P0026,T004,1,138000.0,0.3,Efectivo,Online,Temporada Regular,Xs
V002534,2,2025-12-05,C01322,P0013,T015,1,56000.0,0.0,Efectivo,Tienda Física,Temporada Regular,Xs
V000926,1,2023-11-09,C01922,P0022,T004,2,208000.0,0.0,Tarjeta Débito,Tienda Física,Temporada De Diciembre,Xl
V001090,1,2025-01-29,C02631,P0001,T004,1,146000.0,0.1,Tarjeta Débito,Tienda Física,Temporada Regular,40
V003340,1,2025-08-24,C01391,P0024,T009,1,226000.0,0.1,Tarjeta Crédito,Tienda Física,Día Del Padre,L
V002584,1,2025-01-13,C02407,P0018,T003,1,76000.0,0.0,Tarjeta Crédito,Tienda Física,Temporada Regular,Xs
V000009,2,2024-03-05,C00632,P0020,T012,1,77000.0,0.15,Tarjeta Débito,Tienda Física,Temporada Regular,Xl
V000586,2,2025-06-09,C00340,P0002,T004,1,153000.0,0.0,Tarjeta Crédito,Tienda Física,Temporada Regular,Xxl
V000225,1,2023-10-18,C02047,P0023,T004,4,78000.0,0.05,Tarjeta Débito,Tienda Física,Día Del Padre,M
V001372,2,2024-03-02,C01777,P0004,T037,1,167000.0,0.15,Efectivo,Tienda Física,Black Friday,40
V002014,2,2025-05-30,C01048,P0026,T009,2,133000.0,0.0,Tarjeta Crédito,Tienda Física,Día Del Padre,S
V001570,2,2024-10-22,C01372,P0011,T034,2,127000.0,0.0,Tarjeta Crédito,Tienda Física,Temporada Regular,Xxl
V001328,1,2023-11-21,C00739,P0011,T002,1,138000.0,0.0,Tarjeta Débito,Tienda Física,Día De La Madre,Xs
V002976,3,2023-07-16,C00940,P0025,T018,4,138000.0,0.0,Tarjeta Débito,Tienda Física,Vacaciones,L
V000561,1,2025-08-31,C02682,P0014,T012,1,139000.0,0.0,Tarjeta Débito,Online,Temporada Regular,34
V002642,1,2024-10-04,C00265,P0018,T017,4,74000.0,0.0,Tarjeta Débito,Tienda Física,Temporada Regular,M
V000700,1,2023-07-22,C01648,P0021,T011,3,122000.0,0.0,Efectivo,Online,Temporada Regular,M
V000222,1,2025-11-25,C00986,P0024,T043,1,220000.0,0.2,Tarjeta Crédito,Tienda Física,Temporada De Diciembre,Xxl
V000775,2,2024-12-02,C01820,P0003,T035,1,184000.0,0.0,Tarjeta Débito,Online,Vacaciones,40
V001931,1,2025-09-27,C01282,P0017,T014,1,148000.0,0.0,Tarjeta Crédito,Tienda Física,Temporada Regular,Xxl
V002843,1,2023-03-26,C02595,P0025,T004,2,134000.0,0.05,Tarjeta Débito,Online,Temporada De Diciembre,S
V001630,1,2023-07-31,C01328,P0005,T036,1,114000.0,0.0,Tarjeta Crédito,Tienda Física,Black Friday,L
V003739,2,2023-01-10,C01336,P0014,T024,1,142000.0,0.0,Tarjeta Débito,Tienda Física,Temporada Regular,38
V003701,1,2024-09-18,C01617,P0003,T009,2,174000.0,0.3,Tarjeta Crédito,Tienda Física,Temporada Regular,30
V000742,1,2023-09-05,C01022,P0011,T020,1,137000.0,0.15,Transferencia,Tienda Física,Black Friday,S
V000507,2,2024-11-29,C00717,P0014,T016,1,137000.0,0.0,Tarjeta Crédito,Tienda Física,Día De La Madre,34
V001168,1,2025-05-06,C01700,P0014,T009,1,138000.0,0.2,Tarjeta Crédito,Tienda Física,Temporada Regular,40
V003298,2,2023-01-05,C02186,P0004,T009,3,168000.0,0.0,Tarjeta Débito,Tienda Física,Vacaciones,36
V000621,1,2025-09-12,C02541,P0003,T022,2,171000.0,0.0,Tarjeta Crédito,Tienda Física,Temporada Regular,34
V000243,3,2025-04-08,C02503,P0017,T002,2,153000.0,0.0,Tarjeta Crédito,Tienda Física,Temporada Regular,S
V003258,1,2023-09-24,C00445,P0010,T011,1,95000.0,0.0,Tarjeta Crédito,Tienda Física,Temporada Regular,28
V000104,1,2025-07-13,C00003,P0006,T020,3,57000.0,0.0,Efectivo,Tienda Física,Temporada Regular,S
V000212,1,2023-04-16,C00173,P0021,T018,2,124000.0,0.0,Tarjeta Crédito,Tienda Física,Temporada Regular,Xs
V003067,1,2023-03-30,C02204,P0023,T034,1,79000.0,0.3,Tarjeta Débito,Tienda Física,Temporada Regular,L
V001963,1,2024-09-22,C02304,P0005,T022,1,109000.0,0.0,Tarjeta Débito,Tienda Física,Día Del Padre,S
V001666,1,2023-07-09,C01448,P0008,T043,2,220000.0,0.0,Tarjeta Crédito,Tienda Física,Temporada Regular,Xs
V000692,1,2024-07-04,C00894,P0008,T007,1,221000.0,0.3,Efectivo,Tienda Física,Regreso A Clases,S
V001070,2,2025-09-13,C00473,P0001,T022,3,150000.0,0.1,Tarjeta Crédito,Tienda Física,Temporada Regular,40
V001334,2,2024-05-26,C00717,P0013,T037,3,56000.0,0.2,Efectivo,Tienda Física,Temporada Regular,M
V002085,1,2025-08-31,C00054,P0002,T038,2,159000.0,0.1,Tarjeta Débito,Tienda Física,Vacaciones,L
V002731,2,2025-04-01,C01465,P0006,T014,1,55000.0,0.0,Tarjeta Débito,Tienda Física,Vacaciones,L
V002973,1,2025-05-16,C02399,P0024,T021,1,208000.0,0.0,Tarjeta Crédito,Tienda Física,Temporada Regular,M
V001253,1,2025-01-27,C01204,P0008,T030,1,220000.0,0.0,Tarjeta Débito,Online,Temporada De Diciembre,M
V003203,1,2025-08-21,C01326,P0010,T004,2,95000.0,0.15,Tarjeta Crédito,Tienda Física,Temporada De Diciembre,36
V001910,3,2023-07-19,C01711,P0011,T033,1,140000.0,0.0,Efectivo,Tienda Física,Temporada De Diciembre,Xl
V001263,2,2023-07-17,C02264,P0017,T008,3,147000.0,0.05,Transferencia,Tienda Física,Temporada Regular,Xxl
V000070,2,2025-10-14,C02453,P0018,T018,1,75000.0,0.4,Tarjeta Débito,Tienda Física,Temporada Regular,S
V000751,1,2023-05-07,C00285,P0008,T025,1,218000.0,0.0,Tarjeta Crédito,Tienda Física,Temporada De Diciembre,S
V001229,1,2025-03-22,C01750,P0014,T013,1,140000.0,0.0,Efectivo,Online,Temporada Regular,38
V001677,2,2023-11-29,C02139,P0005,T017,4,111000.0,0.0,Efectivo,Tienda Física,Temporada Regular,Xl
V002037,2,2024-07-22,C00545,P0002,T042,3,150000.0,0.0,Tarjeta Débito,Online,Temporada Regular,Xxl
V001118,1,2025-05-01,C02503,P0011,T003,1,136000.0,0.2,Efectivo,Tienda Física,Temporada Regular,L
V001437,1,2023-06-03,C00701,P0003,T037,4,183000.0,0.0,Tarjeta Débito,Tienda Física,Temporada De Diciembre,40
V003184,1,2023-05-03,C00542,P0002,T004,3,161000.0,0.0,Tarjeta Crédito,Online,Temporada Regular,Xxl
V003097,1,2024-04-02,C00048,P0021,T009,1,116000.0,0.05,Tarjeta Crédito,Tienda Física,Temporada Regular,Xl
V002204,1,2025-02-18,C02374,P0020,T027,3,73000.0,0.05,Tarjeta Débito,Tienda Física,Temporada Regular,L
V003151,3,2024-01-11,C02200,P0018,T042,2,73000.0,0.3,Tarjeta Crédito,Tienda Física,Vacaciones,L
V003388,2,2023-11-24,C01100,P0009,T009,2,122000.0,0.0,Tarjeta Crédito,Tienda Física,Black Friday,Xxl
V001593,1,2023-04-16,C01106,P0023,T011,4,81000.0,0.3,Efectivo,Tienda Física,Temporada Regular,M
V001352,1,2025-12-21,C00720,P0015,T024,4,175000.0,0.3,Efectivo,Tienda Física,Black Friday,28
V000335,1,2023-10-19,C00182,P0013,T035,3,57000.0,0.0,Transferencia,Tienda Física,Vacaciones,S
V000590,2,2025-08-18,C02642,P0024,T028,2,214000.0,0.0,Tarjeta Crédito,Tienda Física,Temporada De Diciembre,Xxl
V003441,2,2024-03-28,C01563,P0018,T029,1,75000.0,0.0,Tarjeta Débito,Tienda Física,Black Friday,Xs
V002384,2,2025-07-12,C02620,P0005,T021,1,111000.0,0.0,Tarjeta Crédito,Tienda Física,Temporada Regular,Xs
V003545,2,2025-07-23,C02448,P0026,T008,2,143000.0,0.0,Tarjeta Débito,Tienda Física,Temporada Regular,L
V002855,1,2023-09-24,C00917,P0008,T026,1,224000.0,0.15,Tarjeta Débito,Tienda Física,Temporada Regular,M
V003072,1,2023-04-06,C02446,P0024,T004,2,219000.0,0.0,Tarjeta Crédito,Tienda Física,Temporada Regular,Xl
V002074,2,2023-09-18,C01152,P0001,T008,1,146000.0,0.0,Efectivo,Tienda Física,Temporada De Diciembre,38
V002198,1,2025-10-11,C00880,P0002,T043,1,153000.0,0.0,Efectivo,Tienda Física,Temporada Regular,Xxl
V001033,2,2024-11-21,C01715,P0018,T001,1,78000.0,0.0,Transferencia,Online,Temporada Regular,Xs
V000177,1,2025-02-14,C00158,P0005,T005,2,108000.0,0.0,Tarjeta Crédito,Tienda Física,Temporada Regular,S
V001274,1,2023-01-26,C02256,P0025,T011,1,147000.0,0.0,Tarjeta Débito,Tienda Física,Temporada Regular,Xxl
V000078,3,2025-11-25,C02344,P0021,T004,1,120000.0,0.0,Efectivo,Tienda Física,Temporada Regular,L
V000186,1,2024-05-14,C00507,P0026,T028,1,140000.0,0.0,Tarjeta Débito,Tienda Física,Temporada Regular,Xxl
V001860,2,2023-03-08,C01512,P0014,T041,1,133000.0,0.2,Efectivo,Tienda Física,Día De La Madre,32
V001145,1,2025-02-12,C01055,P0020,T005,2,78000.0,0.0,Tarjeta Crédito,Tienda Física,Temporada De Diciembre,L
V002927,2,2025-02-09,C00764,P0007,T018,2,62000.0,0.1,Efectivo,Tienda Física,Día De La Madre,Xl
V003443,1,2025-12-08,C01398,P0005,T014,1,115000.0,0.0,Efectivo,Tienda Física,Regreso A Clases,Xl
V000691,1,2025-10-30,C02172,P0006,T026,2,55000.0,0.0,Tarjeta Crédito,Tienda Física,Temporada Regular,L
V000287,1,2025-09-23,C01935,P0017,T027,2,141000.0,0.0,Tarjeta Crédito,Tienda Física,Temporada Regular,M
V003373,2,2024-06-27,C02484,P0006,T009,1,54000.0,0.05,Tarjeta Crédito,Tienda Física,Temporada Regular,Xs
V003561,1,2024-06-08,C01555,P0009,T035,2,132000.0,0.0,Tarjeta Débito,Tienda Física,Temporada Regular,L
V003618,2,2025-06-24,C00179,P0019,T018,4,69000.0,0.3,Tarjeta Débito,Online,Temporada Regular,L
V002126,2,2024-04-17,C01166,P0003,T008,1,181000.0,0.0,Tarjeta Crédito,Online,Temporada Regular,30
V001411,3,2023-01-20,C00395,P0007,T018,2,59000.0,0.0,Tarjeta Débito,Tienda Física,Regreso A Clases,S
V001796,1,2025-09-05,C02599,P0008,T038,2,206000.0,0.0,Tarjeta Crédito,Online,Temporada Regular,Xs
V000889,1,2023-08-30,C01941,P0006,T023,1,55000.0,0.0,Tarjeta Crédito,Tienda Física,Temporada Regular,L
V003541,1,2024-02-12,C02601,P0011,T011,4,133000.0,0.05,Tarjeta Débito,Tienda Física,Temporada De Diciembre,M
V003624,1,2025-09-09,C01046,P0011,T013,1,133000.0,0.1,Tarjeta Crédito,Tienda Física,Temporada Regular,S
V000355,1,2024-02-17,C00267,P0018,T016,1,72000.0,0.0,Tarjeta Crédito,Online,Temporada De Diciembre,M
V000976,1,2023-11-18,C02749,P0006,T021,2,58000.0,0.0,Efectivo,Tienda Física,Black Friday,Xl
V002247,3,2025-06-02,C01762,P0024,T016,2,219000.0,0.0,Tarjeta Débito,Tienda Física,Temporada Regular,Xs
V003711,2,2025-11-19,C02606,P0022,T024,1,197000.0,0.0,Tarjeta Débito,Tienda Física,Temporada Regular,Xs
V000369,1,2023-09-23,C01704,P0017,T037,2,145000.0,0.0,Efectivo,Online,Temporada Regular,Xxl
V001557,1,2025-10-19,C01498,P0008,T018,1,210000.0,0.2,Tarjeta Crédito,Tienda Física,Temporada Regular,M
V001635,3,2025-05-28,C00799,P0023,T016,1,82000.0,0.4,Tarjeta Crédito,Tienda Física,Black Friday,Xxl
V003399,1,2023-01-28,C00633,P0022,T024,3,196000.0,0.15,Efectivo,Tienda Física,Temporada Regular,Xl
V001003,1,2024-06-22,C02320,P0022,T041,2,191000.0,0.0,Tarjeta Débito,Tienda Física,Temporada Regular,S
V001365,1,2024-08-01,C01915,P0023,T002,2,76000.0,0.3,Tarjeta Débito,Online,Temporada Regular,M
V000264,1,2023-11-05,C02067,P0004,T013,2,168000.0,0.0,Transferencia,Tienda Física,Temporada Regular,36
V001832,1,2023-04-24,C02418,P0023,T018,1,80000.0,0.0,Tarjeta Crédito,Tienda Física,Vacaciones,S
V001815,1,2024-07-28,C02571,P0012,T011,4,113000.0,0.1,Tarjeta Crédito,Tienda Física,Temporada Regular,Xl
V003347,1,2025-06-09,C01490,P0018,T008,1,74000.0,0.0,Efectivo,Tienda Física,Vacaciones,Xs
V003640,3,2023-03-22,C00907,P0017,T004,1,151000.0,0.15,Tarjeta Crédito,Tienda Física,Temporada Regular,Xxl
V003303,2,2023-08-23,C01327,P0022,T028,1,202000.0,0.0,Tarjeta Crédito,Tienda Física,Día De La Madre,M
V002920,1,2025-08-21,C00101,P0026,T040,2,131000.0,0.0,Tarjeta Crédito,Tienda Física,Temporada Regular,L
V000208,1,2023-02-17,C00315,P0018,T028,4,77000.0,0.0,Tarjeta Crédito,Tienda Física,Temporada De Diciembre,S
V003149,2,2025-08-05,C01117,P0025,T013,4,146000.0,0.15,Tarjeta Débito,Tienda Física,Temporada Regular,Xl
V000759,1,2024-10-07,C00808,P0021,T004,4,117000.0,0.3,Tarjeta Débito,Tienda Física,Regreso A Clases,Xxl
V000161,1,2024-04-10,C01015,P0007,T012,1,57000.0,0.05,Tarjeta Débito,Tienda Física,Temporada Regular,Xxl
V000365,2,2024-09-04,C00084,P0002,T002,4,149000.0,0.0,Tarjeta Débito,Tienda Física,Temporada Regular,M
V002508,1,2024-02-18,C00993,P0024,T030,2,224000.0,0.15,Tarjeta Débito,Tienda Física,Día De La Madre,Xl
V001794,2,2024-10-07,C01386,P0001,T009,2,138000.0,0.0,Tarjeta Crédito,Tienda Física,Temporada Regular,36
V003521,1,2024-12-07,C02353,P0009,T019,1,123000.0,0.0,Tarjeta Crédito,Tienda Física,Temporada Regular,S
V002570,3,2025-01-10,C01294,P0024,T032,2,208000.0,0.0,Tarjeta Crédito,Tienda Física,Black Friday,M
V000550,2,2024-10-12,C01480,P0025,T004,2,147000.0,0.3,Tarjeta Débito,Tienda Física,Temporada Regular,Xxl
V000553,2,2023-03-18,C00495,P0003,T033,4,181000.0,0.0,Tarjeta Crédito,Tienda Física,Temporada Regular,28
V002594,2,2024-01-22,C00360,P0025,T018,1,135000.0,0.0,Tarjeta Débito,Tienda Física,Temporada Regular,Xxl
V000428,1,2025-11-15,C00034,P0002,T004,1,151000.0,0.0,Transferencia,Tienda Física,Temporada Regular,L
V000054,2,2025-08-09,C02791,P0014,T004,1,132000.0,0.2,Transferencia,Tienda Física,Vacaciones,30
V003345,2,2025-12-10,C02189,P0002,T002,2,163000.0,0.0,Tarjeta Débito,Tienda Física,Temporada Regular,Xs
V001041,1,2025-12-28,C02467,P0006,T010,1,53000.0,0.4,Tarjeta Débito,Tienda Física,Temporada Regular,M
V003519,1,2025-01-22,C01763,P0007,T004,1,59000.0,0.0,Tarjeta Débito,Online,Vacaciones,S
V003578,1,2023-01-07,C00253,P0023,T004,1,81000.0,0.0,Transferencia,Tienda Física,Regreso A Clases,M
V000901,1,2024-10-06,C00263,P0008,T012,3,211000.0,0.0,Transferencia,Tienda Física,Black Friday,Xs
V003544,2,2025-08-02,C00836,P0011,T026,2,127000.0,0.05,Tarjeta Débito,Tienda Física,Black Friday,S
V002506,2,2024-11-07,C00819,P0022,T007,1,209000.0,0.0,Transferencia,Tienda Física,Temporada Regular,Xl
V003494,1,2024-08-25,C00361,P0003,T019,2,183000.0,0.0,Tarjeta Débito,Tienda Física,Black Friday,40
V000997,3,2025-05-13,C00168,P0022,T020,1,193000.0,0.0,Tarjeta Débito,Tienda Física,Temporada Regular,L
V001699,1,2024-07-30,C02648,P0007,T003,1,58000.0,0.0,Efectivo,Tienda Física,Black Friday,Xs
V002393,1,2023-05-12,C00357,P0021,T009,1,126000.0,0.0,Efectivo,Tienda Física,Temporada Regular,Xl
V001933,1,2023-01-21,C02627,P0013,T001,4,54000.0,0.0,Efectivo,Tienda Física,Temporada Regular,L
V003089,1,2024-10-07,C01123,P0014,T005,1,133000.0,0.0,Efectivo,Tienda Física,Black Friday,36
V003327,1,2025-01-22,C01142,P0021,T005,2,119000.0,0.1,Tarjeta Débito,Tienda Física,Regreso A Clases,Xl
V003138,1,2025-02-21,C02290,P0003,T013,2,180000.0,0.2,Tarjeta Débito,Tienda Física,Temporada Regular,38
V001754,1,2024-10-09,C00762,P0015,T034,3,181000.0,0.1,Efectivo,Online,Temporada Regular,36
V003325,1,2024-04-15,C01754,P0007,T040,1,63000.0,0.0,Transferencia,Tienda Física,Temporada Regular,Xs
V003475,1,2023-06-25,C00416,P0004,T041,1,169000.0,0.15,Tarjeta Débito,Online,Temporada Regular,30
V000374,1,2024-10-03,C00639,P0012,T029,2,110000.0,0.0,Tarjeta Crédito,Tienda Física,Black Friday,Xxl
V000449,1,2023-04-10,C01807,P0006,T010,1,54000.0,0.15,Tarjeta Débito,Tienda Física,Temporada Regular,L
V002088,2,2023-11-15,C01550,P0012,T014,2,106000.0,0.0,Transferencia,Online,Temporada Regular,L
V001083,2,2023-10-09,C00219,P0017,T007,2,142000.0,0.05,Tarjeta Crédito,Tienda Física,Temporada Regular,S
V002595,2,2023-03-22,C02493,P0012,T020,1,108000.0,0.0,Tarjeta Crédito,Tienda Física,Regreso A Clases,Xs
V003738,1,2023-06-24,C00091,P0005,T034,3,118000.0,0.0,Transferencia,Tienda Física,Temporada Regular,S
V001720,2,2024-10-09,C00642,P0026,T005,1,130000.0,0.3,Efectivo,Tienda Física,Temporada Regular,Xl
V000667,1,2024-03-24,C00274,P0009,T036,1,121000.0,0.0,Transferencia,Tienda Física,Temporada Regular,L
V002009,1,2024-07-24,C00275,P0011,T004,1,132000.0,0.0,Tarjeta Débito,Tienda Física,Temporada Regular,Xs
V000366,1,2025-08-04,C02092,P0006,T011,1,58000.0,0.05,Tarjeta Crédito,Online,Temporada Regular,S
V002566,1,2023-03-21,C02239,P0021,T036,1,125000.0,0.0,Tarjeta Crédito,Tienda Física,Regreso A Clases,L
V002465,3,2025-01-01,C00668,P0016,T015,2,142000.0,0.0,Tarjeta Débito,Tienda Física,Temporada Regular,32
V001417,2,2023-05-05,C02713,P0007,T030,2,60000.0,0.0,Efectivo,Tienda Física,Temporada Regular,L
V000155,1,2025-09-20,C02439,P0026,T002,1,135000.0,0.3,Tarjeta Crédito,Tienda Física,Temporada De Diciembre,Xs
V002932,2,2023-01-18,C01122,P0018,T035,2,79000.0,0.2,Tarjeta Débito,Online,Temporada Regular,M
V000786,1,2023-09-30,C01183,P0025,T007,1,138000.0,0.0,Tarjeta Débito,Tienda Física,Temporada Regular,M
V000514,1,2023-03-18,C01503,P0026,T033,1,134000.0,0.0,Tarjeta Crédito,Tienda Física,Vacaciones,S
V001692,1,2024-02-07,C02002,P0012,T006,2,110000.0,0.1,Tarjeta Crédito,Tienda Física,Temporada Regular,M
V001247,1,2024-07-24,C00037,P0022,T014,1,197000.0,0.0,Tarjeta Crédito,Tienda Física,Temporada Regular,Xs
V000689,1,2024-08-02,C02414,P0006,T022,4,53000.0,0.0,Tarjeta Débito,Tienda Física,Temporada Regular,Xs
V002244,2,2025-09-08,C02286,P0025,T040,4,141000.0,0.0,Efectivo,Online,Temporada Regular,Xl
V002497,1,2023-04-21,C02309,P0007,T042,2,60000.0,0.15,Tarjeta Débito,Tienda Física,Temporada Regular,Xs
V002574,2,2024-04-21,C01333,P0020,T042,2,76000.0,0.1,Transferencia,Tienda Física,Temporada Regular,M
V003213,1,2025-03-05,C01238,P0020,T006,4,73000.0,0.0,Efectivo,Tienda Física,Temporada Regular,Xl
V000084,2,2025-12-14,C00956,P0008,T004,1,213000.0,0.2,Tarjeta Crédito,Tienda Física,Temporada Regular,M
V002240,1,2023-01-04,C00362,P0024,T037,2,222000.0,0.0,Tarjeta Débito,Online,Temporada Regular,M
V000469,2,2024-09-22,C01368,P0025,T032,4,134000.0,0.0,Tarjeta Débito,Tienda Física,Vacaciones,M
V003755,1,2024-06-22,C01890,P0009,T018,2,125000.0,0.0,Tarjeta Débito,Tienda Física,Regreso A Clases,Xl
V002203,2,2023-03-30,C00233,P0025,T012,2,139000.0,0.1,Tarjeta Crédito,Tienda Física,Vacaciones,Xxl
V003196,1,2025-03-17,C00735,P0008,T009,2,223000.0,0.0,Efectivo,Tienda Física,Regreso A Clases,Xxl
V002882,2,2023-03-21,C02086,P0009,T022,1,121000.0,0.0,Efectivo,Tienda Física,Temporada De Diciembre,M
V001899,1,2024-09-13,C00714,P0011,T037,4,135000.0,0.0,Tarjeta Crédito,Tienda Física,Black Friday,L
V003473,1,2024-09-01,C00839,P0021,T013,4,124000.0,0.0,Tarjeta Crédito,Tienda Física,Temporada Regular,M
V000994,2,2024-07-09,C00726,P0024,T018,2,210000.0,0.1,Tarjeta Débito,Tienda Física,Temporada Regular,M
V000891,1,2023-03-28,C00608,P0025,T026,1,140000.0,0.0,Tarjeta Crédito,Tienda Física,Temporada Regular,M
V000182,3,2024-06-03,C00964,P0020,T003,1,77000.0,0.0,Tarjeta Débito,Tienda Física,Temporada Regular,Xxl
V001409,1,2024-03-14,C02642,P0013,T018,1,56000.0,0.4,Tarjeta Débito,Tienda Física,Temporada Regular,Xxl
V002885,2,2024-06-18,C00682,P0025,T004,1,143000.0,0.0,Efectivo,Tienda Física,Regreso A Clases,Xl
V001608,1,2025-06-24,C01039,P0012,T037,2,106000.0,0.1,Tarjeta Crédito,Tienda Física,Temporada Regular,Xs
V000215,1,2025-05-23,C01167,P0024,T021,2,207000.0,0.0,Efectivo,Online,Día De La Madre,Xxl
V003218,3,2023-12-18,C00557,P0022,T024,1,208000.0,0.0,Tarjeta Débito,Tienda Física,Temporada Regular,M
V003695,1,2025-04-18,C01073,P0024,T022,1,221000.0,0.0,Tarjeta Crédito,Tienda Física,Temporada De Diciembre,M
V001674,2,2024-12-21,C00173,P0001,T007,1,143000.0,0.2,Tarjeta Crédito,Tienda Física,Black Friday,28
V003299,1,2024-09-02,C02128,P0020,T003,4,79000.0,0.0,Tarjeta Crédito,Tienda Física,Black Friday,Xs
V000945,1,2023-08-08,C00216,P0022,T005,1,194000.0,0.3,Tarjeta Débito,Tienda Física,Temporada Regular,S
V002904,2,2023-02-04,C01710,P0010,T016,3,95000.0,0.0,Tarjeta Débito,Online,Regreso A Clases,28
V000190,2,2024-09-04,C00109,P0019,T004,1,72000.0,0.05,Tarjeta Crédito,Tienda Física,Temporada Regular,Xl
V001820,1,2025-03-03,C01930,P0002,T017,2,158000.0,0.1,Transferencia,Tienda Física,Temporada Regular,Xs
V001159,1,2023-07-26,C01185,P0015,T018,1,177000.0,0.0,Tarjeta Débito,Tienda Física,Temporada Regular,28
V002713,1,2024-03-25,C02073,P0020,T006,1,74000.0,0.0,Tarjeta Crédito,Tienda Física,Vacaciones,Xl
V002341,2,2025-12-30,C00516,P0001,T035,1,147000.0,0.0,Efectivo,Tienda Física,Temporada Regular,40
V002830,2,2023-05-03,C00072,P0017,T024,1,153000.0,0.2,Tarjeta Crédito,Tienda Física,Temporada Regular,S
V003697,2,2023-03-20,C00614,P0023,T009,3,74000.0,0.0,Tarjeta Crédito,Tienda Física,Temporada Regular,L
V002571,1,2025-09-20,C00608,P0023,T003,2,79000.0,0.0,Tarjeta Crédito,Tienda Física,Black Friday,Xs
V001741,3,2024-03-27,C01482,P0002,T026,1,161000.0,0.2,Tarjeta Débito,Online,Temporada Regular,Xs
V001536,1,2025-12-12,C01438,P0014,T008,1,145000.0,0.0,Tarjeta Débito,Online,Temporada Regular,28
V000063,1,2023-10-08,C01228,P0014,T005,1,145000.0,0.0,Tarjeta Crédito,Tienda Física,Temporada Regular,32
V002411,1,2023-01-31,C01941,P0005,T006,1,110000.0,0.0,Transferencia,Tienda Física,Temporada Regular,Xxl
V000662,2,2023-01-18,C00165,P0008,T034,2,218000.0,0.0,Tarjeta Débito,Online,Temporada Regular,S
V001578,2,2024-10-18,C00786,P0011,T007,1,135000.0,0.0,Tarjeta Débito,Tienda Física,Temporada Regular,L
V003421,2,2024-07-17,C00101,P0005,T029,1,111000.0,0.0,Transferencia,Tienda Física,Temporada Regular,S
V003402,1,2024-05-22,C02789,P0018,T001,2,79000.0,0.0,Tarjeta Crédito,Tienda Física,Temporada Regular,Xxl
V003265,2,2024-11-20,C01489,P0011,T008,1,129000.0,0.05,Transferencia,Tienda Física,Temporada De Diciembre,M
V003713,1,2025-08-31,C01651,P0007,T028,4,60000.0,0.3,Tarjeta Débito,Tienda Física,Temporada Regular,Xs
V002041,2,2025-04-05,C00507,P0013,T042,2,59000.0,0.0,Efectivo,Tienda Física,Regreso A Clases,S
V002008,3,2023-06-07,C02383,P0017,T011,2,140000.0,0.05,Transferencia,Tienda Física,Temporada Regular,L
V002602,1,2024-03-24,C00026,P0023,T009,2,75000.0,0.15,Transferencia,Tienda Física,Temporada Regular,S
V000712,2,2025-04-01,C00999,P0026,T014,1,132000.0,0.0,Tarjeta Débito,Tienda Física,Temporada Regular,S
V000317,2,2024-07-13,C02395,P0005,T009,2,114000.0,0.0,Tarjeta Crédito,Tienda Física,Vacaciones,M
V002366,3,2025-09-24,C00841,P0026,T022,1,132000.0,0.0,Tarjeta Débito,Online,Día Del Padre,S
V000398,1,2024-03-17,C02509,P0024,T015,1,214000.0,0.4,Tarjeta Débito,Tienda Física,Black Friday,Xs
V000207,1,2023-09-29,C01862,P0008,T011,2,218000.0,0.1,Tarjeta Débito,Tienda Física,Temporada Regular,L
V001190,1,2025-04-21,C00849,P0025,T039,1,137000.0,0.0,Efectivo,Tienda Física,Black Friday,S
V002684,1,2023-01-05,C01876,P0005,T004,2,110000.0,0.0,Transferencia,Online,Vacaciones,Xl
V002252,1,2023-05-07,C02403,P0005,T033,2,113000.0,0.0,Tarjeta Crédito,Tienda Física,Temporada Regular,S
V000653,1,2025-09-18,C01137,P0023,T001,1,74000.0,0.15,Tarjeta Débito,Tienda Física,Vacaciones,Xl
V001467,2,2024-10-27,C01204,P0016,T035,2,133000.0,0.1,Transferencia,Tienda Física,Vacaciones,30
V003384,1,2024-11-10,C00870,P0010,T004,2,95000.0,0.0,Efectivo,Tienda Física,Black Friday,32
V001995,1,2024-06-28,C01976,P0006,T043,2,54000.0,0.0,Transferencia,Tienda Física,Temporada Regular,Xl
V001384,1,2025-04-28,C01858,P0012,T022,1,106000.0,0.0,Efectivo,Tienda Física,Temporada Regular,Xs
V001731,1,2025-09-10,C00850,P0014,T018,3,137000.0,0.2,Tarjeta Crédito,Tienda Física,Temporada De Diciembre,28
V002106,1,2025-01-17,C00608,P0004,T011,1,175000.0,0.0,Tarjeta Débito,Tienda Física,Día De La Madre,40
V001597,2,2025-10-27,C01080,P0005,T004,1,118000.0,0.0,Transferencia,Tienda Física,Regreso A Clases,Xs
V001072,2,2025-05-11,C02307,P0017,T009,4,145000.0,0.0,Tarjeta Débito,Tienda Física,Temporada Regular,Xl
V003466,2,2023-01-06,C02786,P0024,T025,2,212000.0,0.05,Tarjeta Crédito,Tienda Física,Temporada Regular,Xxl
V002905,1,2024-02-05,C00214,P0011,T032,3,133000.0,0.0,Tarjeta Débito,Tienda Física,Temporada Regular,Xs
V002912,1,2024-06-08,C02355,P0001,T009,3,144000.0,0.0,Tarjeta Crédito,Tienda Física,Día De La Madre,28
V001108,1,2025-01-06,C01040,P0022,T040,1,207000.0,0.4,Tarjeta Débito,Tienda Física,Temporada Regular,Xxl
V002679,2,2023-09-22,C01429,P0020,T004,1,76000.0,0.0,Tarjeta Débito,Tienda Física,Black Friday,Xxl
V002784,2,2023-08-24,C01458,P0004,T026,1,177000.0,0.0,Efectivo,Online,Día Del Padre,30
V001363,1,2024-01-10,C00009,P0009,T001,4,131000.0,0.0,Tarjeta Débito,Online,Temporada Regular,Xs
V002640,2,2024-07-09,C02457,P0019,T005,2,70000.0,0.4,Tarjeta Débito,Tienda Física,Temporada Regular,Xxl
V003582,1,2024-01-17,C00471,P0003,T031,1,185000.0,0.0,Efectivo,Tienda Física,Black Friday,32
V002163,1,2024-11-22,C01686,P0009,T042,1,121000.0,0.0,Tarjeta Débito,Tienda Física,Temporada Regular,L
V002206,2,2023-04-10,C01751,P0009,T014,1,131000.0,0.1,Tarjeta Débito,Tienda Física,Temporada Regular,Xxl
V002182,2,2025-12-02,C02234,P0006,T005,4,54000.0,0.0,Tarjeta Débito,Tienda Física,Temporada Regular,L
V003790,2,2024-11-04,C02193,P0004,T016,4,173000.0,0.0,Efectivo,Online,Temporada Regular,36
V001493,1,2024-10-03,C02775,P0015,T015,1,167000.0,0.0,Tarjeta Crédito,Tienda Física,Vacaciones,36
V003178,1,2023-04-22,C00442,P0005,T010,2,117000.0,0.05,Tarjeta Crédito,Tienda Física,Temporada De Diciembre,S
V002918,1,2023-12-23,C02581,P0013,T025,1,59000.0,0.0,Tarjeta Crédito,Online,Temporada Regular,M
V001180,2,2024-05-27,C01868,P0002,T011,1,150000.0,0.0,Tarjeta Crédito,Tienda Física,Temporada Regular,Xl
V000348,2,2023-01-09,C01063,P0026,T043,4,143000.0,0.0,Tarjeta Crédito,Tienda Física,Temporada De Diciembre,Xl
V002152,1,2024-03-05,C00106,P0026,T004,4,131000.0,0.0,Tarjeta Débito,Tienda Física,Temporada Regular,Xs
V001124,1,2023-11-26,C02667,P0020,T003,3,79000.0,0.15,Efectivo,Tienda Física,Vacaciones,L
V000120,1,2025-03-27,C00444,P0004,T004,1,167000.0,0.0,Tarjeta Crédito,Tienda Física,Temporada Regular,40
V003304,1,2024-06-15,C00423,P0006,T009,1,56000.0,0.05,Tarjeta Débito,Tienda Física,Temporada De Diciembre,Xs
V002740,1,2024-12-21,C02239,P0003,T004,2,173000.0,0.0,Tarjeta Crédito,Tienda Física,Temporada De Diciembre,36
V000368,1,2024-08-29,C02267,P0020,T025,1,74000.0,0.0,Tarjeta Débito,Tienda Física,Temporada Regular,S
V002173,2,2024-03-29,C02596,P0007,T017,1,61000.0,0.0,Efectivo,Tienda Física,Temporada Regular,Xl
V001966,1,2025-07-11,C01352,P0020,T006,1,75000.0,0.0,Efectivo,Tienda Física,Temporada Regular,L
V000771,2,2023-08-09,C01492,P0008,T010,3,206000.0,0.05,Tarjeta Débito,Tienda Física,Temporada Regular,Xxl
V001334,1,2024-05-26,C00717,P0006,T037,1,58000.0,0.0,Efectivo,Tienda Física,Temporada Regular,Xl
V000492,1,2024-12-20,C00118,P0013,T032,1,55000.0,0.0,Tarjeta Débito,Tienda Física,Temporada Regular,Xs
V002935,1,2023-08-08,C01839,P0015,T019,1,179000.0,0.0,Tarjeta Crédito,Tienda Física,Temporada Regular,40
V001677,3,2023-11-29,C02139,P0021,T017,2,120000.0,0.0,Efectivo,Tienda Física,Temporada Regular,Xs
V000401,1,2025-11-27,C00528,P0021,T004,1,119000.0,0.2,Tarjeta Crédito,Online,Temporada Regular,M
V002097,1,2025-06-29,C00006,P0005,T042,2,116000.0,0.0,Tarjeta Crédito,Online,Vacaciones,M
V001828,1,2023-12-02,C01544,P0022,T004,1,204000.0,0.15,Tarjeta Crédito,Tienda Física,Temporada Regular,Xl
V000975,1,2023-11-25,C00857,P0022,T009,3,208000.0,0.2,Transferencia,Online,Temporada Regular,M
V001240,3,2023-06-11,C01636,P0015,T004,1,171000.0,0.4,Tarjeta Débito,Tienda Física,Temporada Regular,40
V001186,3,2024-05-12,C02143,P0003,T036,3,185000.0,0.0,Efectivo,Tienda Física,Regreso A Clases,28
V001046,2,2025-03-24,C00276,P0004,T034,4,177000.0,0.0,Tarjeta Crédito,Tienda Física,Día De La Madre,32
V001935,1,2023-04-30,C01381,P0004,T027,4,169000.0,0.0,Efectivo,Online,Temporada Regular,40
V002318,2,2025-05-19,C02297,P0005,T032,3,110000.0,0.0,Tarjeta Crédito,Tienda Física,Temporada Regular,Xxl
V000485,1,2025-01-14,C00215,P0004,T028,4,175000.0,0.0,Tarjeta Crédito,Tienda Física,Temporada Regular,38
V001415,2,2025-01-19,C00203,P0008,T004,2,212000.0,0.05,Transferencia,Tienda Física,Temporada Regular,S
V001759,1,2023-06-29,C01448,P0015,T004,3,172000.0,0.0,Transferencia,Tienda Física,Temporada Regular,34
V000552,2,2023-10-04,C00988,P0017,T009,1,151000.0,0.0,Tarjeta Crédito,Tienda Física,Black Friday,M
V000138,2,2025-03-06,C00899,P0009,T005,1,126000.0,0.0,Tarjeta Débito,Tienda Física,Vacaciones,Xl
V000357,1,2024-09-28,C01817,P0006,T033,2,59000.0,0.0,Tarjeta Crédito,Tienda Física,Black Friday,M
V000872,1,2024-11-06,C02723,P0005,T017,1,111000.0,0.0,Tarjeta Crédito,Tienda Física,Temporada Regular,Xs
V001310,1,2025-10-11,C01005,P0002,T018,1,157000.0,0.0,Efectivo,Tienda Física,Temporada Regular,Xs
V003139,2,2023-07-03,C02752,P0003,T002,4,178000.0,0.0,Transferencia,Tienda Física,Temporada De Diciembre,30
V001240,2,2023-06-11,C01636,P0005,T004,1,115000.0,0.0,Tarjeta Débito,Tienda Física,Temporada Regular,S
V001867,1,2025-11-10,C02574,P0009,T009,1,127000.0,0.0,Efectivo,Tienda Física,Temporada Regular,Xs
V003206,1,2025-07-31,C01209,P0009,T020,1,130000.0,0.0,Efectivo,Tienda Física,Temporada Regular,Xxl
V003318,1,2025-07-01,C02799,P0017,T017,4,148000.0,0.0,Efectivo,Tienda Física,Temporada De Diciembre,Xxl
V001753,1,2023-12-07,C02205,P0015,T021,1,184000.0,0.0,Tarjeta Crédito,Tienda Física,Regreso A Clases,32
V002170,1,2025-11-21,C00721,P0010,T020,1,97000.0,0.0,Tarjeta Crédito,Tienda Física,Temporada Regular,38
V001310,2,2025-10-11,C01005,P0013,T018,1,55000.0,0.0,Efectivo,Tienda Física,Temporada Regular,S
V001218,1,2024-10-28,C00183,P0026,T029,4,134000.0,0.2,Tarjeta Débito,Tienda Física,Temporada Regular,L
V002147,1,2023-02-10,C02708,P0021,T019,3,121000.0,0.0,Transferencia,Tienda Física,Temporada De Diciembre,M
V003644,3,2025-08-16,C00320,P0024,T020,2,206000.0,0.1,Tarjeta Crédito,Tienda Física,Temporada Regular,L
V001388,2,2023-10-18,C01721,P0002,T018,2,158000.0,0.0,Efectivo,Tienda Física,Temporada Regular,Xxl
V003214,1,2025-03-18,C01839,P0002,T023,1,153000.0,0.05,Efectivo,Tienda Física,Temporada Regular,S
V001983,1,2023-11-26,C00136,P0026,T014,1,131000.0,0.0,Tarjeta Débito,Tienda Física,Temporada Regular,L
V003533,2,2025-04-21,C01117,P0014,T004,4,133000.0,0.05,Tarjeta Débito,Tienda Física,Temporada Regular,34
V001567,1,2024-11-24,C00453,P0021,T028,1,121000.0,0.3,Tarjeta Débito,Tienda Física,Temporada Regular,S
V001344,2,2025-01-11,C02707,P0018,T004,1,77000.0,0.0,Tarjeta Débito,Tienda Física,Temporada Regular,M
V002705,2,2024-03-20,C02796,P0007,T040,2,60000.0,0.2,Tarjeta Débito,Tienda Física,Temporada Regular,Xs
V001056,1,2023-10-25,C02137,P0019,T018,1,74000.0,0.05,Tarjeta Crédito,Tienda Física,Temporada Regular,Xl
V001388,1,2023-10-18,C01721,P0010,T018,1,93000.0,0.0,Efectivo,Tienda Física,Temporada Regular,28
V001818,3,2024-08-14,C01498,P0008,T041,1,223000.0,0.0,Transferencia,Tienda Física,Temporada Regular,Xs
V002195,2,2023-08-25,C01567,P0005,T005,2,118000.0,0.0,Tarjeta Crédito,Online,Vacaciones,M
V001913,1,2025-07-16,C01103,P0008,T018,1,213000.0,0.0,Tarjeta Crédito,Tienda Física,Regreso A Clases,M
V000017,1,2024-12-11,C00815,P0026,T012,4,130000.0,0.0,Tarjeta Débito,Tienda Física,Día Del Padre,S
V003072,2,2023-04-06,C02446,P0026,T004,4,134000.0,0.1,Tarjeta Crédito,Tienda Física,Temporada Regular,Xl
V000696,3,2023-08-21,C01788,P0016,T030,1,132000.0,0.0,Tarjeta Crédito,Tienda Física,Temporada Regular,36
V001580,1,2023-05-29,C00746,P0024,T034,2,210000.0,0.0,Tarjeta Crédito,Tienda Física,Regreso A Clases,S
V000053,1,2024-10-12,C00972,P0022,T026,3,203000.0,0.0,Tarjeta Débito,Tienda Física,Temporada Regular,S
V002867,1,2023-06-30,C02061,P0025,T004,2,137000.0,0.0,Tarjeta Débito,Tienda Física,Black Friday,Xl
V000939,1,2024-03-10,C00617,P0017,T003,2,152000.0,0.0,Transferencia,Tienda Física,Vacaciones,S
V003492,3,2024-05-14,C00953,P0015,T034,1,171000.0,0.1,Tarjeta Débito,Tienda Física,Vacaciones,30
V001049,2,2025-11-15,C00337,P0011,T014,3,131000.0,0.05,Tarjeta Débito,Tienda Física,Temporada Regular,S
V001781,1,2024-04-13,C02167,P0009,T024,2,132000.0,0.0,Tarjeta Crédito,Tienda Física,Temporada Regular,Xs
V003405,1,2025-10-26,C00158,P0012,T009,1,113000.0,0.05,Transferencia,Tienda Física,Black Friday,S
V001026,1,2025-10-24,C01302,P0004,T004,1,180000.0,0.05,Efectivo,Tienda Física,Día Del Padre,30
V001004,2,2023-12-24,C00507,P0019,T036,4,71000.0,0.0,Efectivo,Tienda Física,Temporada Regular,Xs
V001788,1,2023-07-16,C02089,P0007,T030,1,58000.0,0.05,Tarjeta Débito,Tienda Física,Temporada Regular,S
V003343,1,2024-12-31,C02297,P0004,T032,1,179000.0,0.0,Tarjeta Crédito,Tienda Física,Black Friday,28
V003287,2,2024-07-10,C02685,P0013,T031,2,55000.0,0.0,Tarjeta Crédito,Tienda Física,Temporada Regular,Xxl
V003334,2,2023-12-10,C00913,P0005,T004,2,109000.0,0.2,Tarjeta Débito,Tienda Física,Regreso A Clases,Xs
V000696,2,2023-08-21,C01788,P0020,T030,1,79000.0,0.15,Tarjeta Crédito,Tienda Física,Temporada Regular,Xl
V000058,2,2023-01-24,C02695,P0021,T033,1,120000.0,0.0,Tarjeta Débito,Tienda Física,Temporada Regular,Xl
V003628,2,2024-12-12,C00172,P0008,T043,1,222000.0,0.0,Tarjeta Crédito,Tienda Física,Temporada Regular,Xs
V002408,2,2023-08-17,C01097,P0004,T016,2,166000.0,0.0,Tarjeta Débito,Tienda Física,Temporada Regular,38
V002461,1,2024-09-21,C01138,P0018,T004,1,79000.0,0.0,Tarjeta Débito,Tienda Física,Temporada Regular,S
V002693,2,2024-11-01,C02149,P0006,T019,1,56000.0,0.1,Tarjeta Crédito,Tienda Física,Temporada Regular,M
V001230,2,2025-04-15,C00233,P0012,T002,2,115000.0,0.0,Efectivo,Tienda Física,Temporada De Diciembre,M
V001187,2,2024-03-18,C01511,P0014,T038,1,146000.0,0.0,Tarjeta Crédito,Tienda Física,Temporada Regular,28
V001871,1,2025-03-26,C02312,P0005,T004,1,110000.0,0.0,Tarjeta Débito,Tienda Física,Temporada Regular,Xxl
V002340,1,2023-09-27,C01747,P0026,T006,1,130000.0,0.3,Tarjeta Crédito,Tienda Física,Temporada Regular,Xs
V000847,1,2023-09-01,C02238,P0023,T003,3,80000.0,0.15,Tarjeta Débito,Tienda Física,Temporada Regular,M
V000148,1,2024-01-09,C00551,P0010,T022,2,95000.0,0.3,Efectivo,Tienda Física,Vacaciones,30
V001130,1,2023-03-14,C00084,P0020,T032,3,74000.0,0.0,Tarjeta Débito,Online,Regreso A Clases,Xs
V002271,1,2023-11-22,C01591,P0019,T023,1,70000.0,0.15,Tarjeta Débito,Tienda Física,Temporada Regular,M
V001483,1,2023-01-17,C01504,P0009,T038,4,122000.0,0.2,Tarjeta Débito,Tienda Física,Temporada De Diciembre,Xxl
V000656,3,2023-04-03,C00440,P0015,T012,2,182000.0,0.05,Tarjeta Crédito,Tienda Física,Temporada Regular,40
V001085,1,2024-02-04,C02243,P0007,T004,2,62000.0,0.0,Tarjeta Crédito,Tienda Física,Vacaciones,Xxl
V000887,2,2024-07-02,C01149,P0004,T005,2,174000.0,0.0,Tarjeta Débito,Tienda Física,Vacaciones,32
V003169,2,2024-09-16,C00555,P0008,T019,1,216000.0,0.0,Tarjeta Crédito,Tienda Física,Día De La Madre,L
V002336,1,2023-07-31,C01162,P0026,T009,2,140000.0,0.2,Transferencia,Tienda Física,Temporada De Diciembre,Xxl
V002716,1,2025-04-09,C02454,P0006,T034,1,57000.0,0.0,Tarjeta Débito,Tienda Física,Black Friday,M
V001355,3,2025-07-22,C02788,P0025,T028,1,137000.0,0.0,Efectivo,Tienda Física,Black Friday,L
V002244,3,2025-09-08,C02286,P0010,T040,1,94000.0,0.0,Efectivo,Online,Temporada Regular,28
V001497,2,2024-08-21,C02723,P0016,T022,1,139000.0,0.0,Tarjeta Crédito,Tienda Física,Día Del Padre,34
V001622,1,2025-08-27,C00451,P0023,T011,2,78000.0,0.3,Transferencia,Tienda Física,Temporada De Diciembre,Xxl
V001503,1,2025-03-23,C00924,P0001,T036,2,149000.0,0.0,Tarjeta Débito,Tienda Física,Temporada Regular,32
V000013,1,2024-08-10,C02030,P0010,T001,1,97000.0,0.15,Tarjeta Débito,Tienda Física,Vacaciones,32
V001786,1,2025-09-19,C00923,P0006,T004,2,56000.0,0.0,Efectivo,Online,Temporada Regular,S
V003733,1,2025-04-06,C00054,P0024,T019,2,211000.0,0.0,Efectivo,Tienda Física,Temporada Regular,Xs
V000037,1,2023-09-23,C00322,P0011,T028,1,137000.0,0.0,Efectivo,Online,Temporada Regular,Xs
V001548,1,2023-09-10,C02459,P0004,T020,2,170000.0,0.05,Tarjeta Débito,Tienda Física,Black Friday,38
V003584,1,2025-06-04,C01577,P0013,T016,4,57000.0,0.1,Tarjeta Débito,Tienda Física,Temporada Regular,Xl
V000733,1,2025-12-18,C01000,P0021,T036,3,123000.0,0.0,Efectivo,Tienda Física,Regreso A Clases,L
V000848,1,2023-02-25,C00877,P0007,T002,2,57000.0,0.0,Tarjeta Débito,Tienda Física,Temporada De Diciembre,M
V000503,1,2024-04-19,C00136,P0016,T016,2,139000.0,0.0,Tarjeta Débito,Tienda Física,Temporada Regular,32
V003145,2,2023-10-12,C02258,P0001,T038,1,147000.0,0.0,Tarjeta Crédito,Tienda Física,Temporada Regular,38
V001784,1,2024-03-25,C01959,P0004,T024,4,176000.0,0.0,Tarjeta Débito,Tienda Física,Temporada Regular,28
V002565,1,2024-05-18,C01854,P0015,T025,1,169000.0,0.0,Tarjeta Crédito,Tienda Física,Temporada Regular,38
V003076,3,2025-05-18,C00741,P0004,T009,3,181000.0,0.0,Tarjeta Crédito,Tienda Física,Temporada Regular,32
V003217,1,2024-10-24,C00488,P0003,T004,1,175000.0,0.2,Tarjeta Débito,Tienda Física,Temporada Regular,34
V003421,1,2024-07-17,C00101,P0022,T029,1,193000.0,0.0,Transferencia,Tienda Física,Temporada Regular,Xl
V000310,1,2024-12-06,C02074,P0007,T036,4,62000.0,0.0,Tarjeta Crédito,Tienda Física,Vacaciones,L
V002151,1,2024-06-01,C01868,P0011,T015,2,131000.0,0.0,Tarjeta Débito,Tienda Física,Temporada Regular,Xl
V002878,1,2025-06-08,C01026,P0022,T012,2,208000.0,0.15,Efectivo,Tienda Física,Temporada Regular,S
V002991,1,2024-07-22,C00640,P0022,T031,1,202000.0,0.0,Tarjeta Crédito,Tienda Física,Regreso A Clases,L
V000911,1,2024-04-07,C01269,P0018,T001,3,77000.0,0.2,Efectivo,Tienda Física,Black Friday,S
V002172,1,2023-03-19,C00501,P0001,T020,2,148000.0,0.0,Tarjeta Débito,Tienda Física,Temporada Regular,32
V003775,1,2023-06-06,C01034,P0022,T012,1,199000.0,0.1,Efectivo,Tienda Física,Temporada De Diciembre,L
V000924,2,2023-12-10,C01307,P0021,T028,3,115000.0,0.05,Tarjeta Crédito,Tienda Física,Vacaciones,L
V001801,1,2025-06-16,C02497,P0006,T042,4,56000.0,0.0,Tarjeta Débito,Tienda Física,Temporada Regular,S
V002608,1,2023-01-01,C01887,P0004,T020,2,170000.0,0.15,Tarjeta Crédito,Tienda Física,Temporada Regular,28
V003292,2,2024-04-22,C00727,P0018,T033,2,78000.0,0.0,Tarjeta Crédito,Tienda Física,Black Friday,Xxl
V001160,2,2024-09-13,C02175,P0003,T004,2,182000.0,0.0,Tarjeta Crédito,Online,Temporada Regular,28
V001959,1,2024-03-12,C00555,P0004,T017,4,178000.0,0.0,Efectivo,Tienda Física,Black Friday,34
V002252,2,2023-05-07,C02403,P0017,T033,1,143000.0,0.4,Tarjeta Crédito,Tienda Física,Temporada Regular,Xl
V001907,1,2025-06-05,C01610,P0009,T019,1,131000.0,0.2,Tarjeta Débito,Tienda Física,Temporada Regular,Xs
V000548,1,2024-12-04,C02258,P0018,T006,3,76000.0,0.2,Tarjeta Débito,Online,Vacaciones,Xs
V001877,2,2023-08-06,C01432,P0003,T002,1,178000.0,0.0,Tarjeta Crédito,Tienda Física,Temporada Regular,36
V003601,2,2023-07-06,C01951,P0021,T004,1,121000.0,0.0,Tarjeta Débito,Tienda Física,Black Friday,L
V003086,2,2023-03-19,C01384,P0003,T017,1,186000.0,0.0,Efectivo,Tienda Física,Temporada Regular,30
V000209,1,2024-06-12,C01521,P0005,T003,2,111000.0,0.1,Tarjeta Crédito,Tienda Física,Temporada Regular,Xxl
V000402,1,2024-01-04,C00241,P0020,T016,1,74000.0,0.0,Tarjeta Crédito,Tienda Física,Temporada Regular,Xs
V001761,1,2023-05-20,C00045,P0008,T039,4,226000.0,0.2,Tarjeta Débito,Tienda Física,Temporada Regular,Xl
V002758,2,2023-09-05,C00259,P0011,T008,4,140000.0,0.0,Tarjeta Débito,Tienda Física,Vacaciones,L
V002017,1,2023-02-05,C01582,P0026,T026,3,130000.0,0.0,Tarjeta Débito,Tienda Física,Temporada Regular,Xs
V001222,1,2024-01-11,C01799,P0014,T019,3,145000.0,0.0,Tarjeta Débito,Tienda Física,Regreso A Clases,38
V000777,1,2025-12-26,C01725,P0002,T004,3,159000.0,0.0,Tarjeta Crédito,Online,Día De La Madre,Xs
V003727,1,2024-07-20,C00495,P0004,T036,4,170000.0,0.0,Tarjeta Débito,Tienda Física,Temporada Regular,30
V000144,1,2023-05-22,C00823,P0014,T043,1,139000.0,0.2,Tarjeta Débito,Tienda Física,Temporada Regular,38
V000344,2,2024-01-12,C01215,P0026,T014,3,133000.0,0.0,Tarjeta Débito,Tienda Física,Vacaciones,Xl
V001685,2,2025-07-24,C01044,P0024,T041,2,206000.0,0.0,Tarjeta Débito,Tienda Física,Temporada Regular,L
V002551,1,2025-04-15,C01299,P0005,T017,1,108000.0,0.05,Tarjeta Crédito,Tienda Física,Temporada Regular,M
V000877,1,2025-07-23,C01798,P0011,T043,1,131000.0,0.0,Tarjeta Crédito,Online,Temporada Regular,S
V000148,3,2024-01-09,C00551,P0015,T022,3,175000.0,0.2,Efectivo,Tienda Física,Vacaciones,36
V003394,2,2023-05-13,C00568,P0022,T029,1,191000.0,0.0,Tarjeta Crédito,Tienda Física,Black Friday,S
V001851,1,2024-12-11,C01746,P0005,T015,1,118000.0,0.05,Tarjeta Débito,Online,Temporada Regular,M
V003209,1,2024-07-20,C01376,P0019,T041,2,71000.0,0.05,Efectivo,Tienda Física,Regreso A Clases,M
V002361,3,2025-12-07,C02107,P0005,T009,1,115000.0,0.0,Efectivo,Tienda Física,Vacaciones,L
V003793,1,2025-04-01,C01263,P0018,T023,1,76000.0,0.0,Efectivo,Tienda Física,Regreso A Clases,L
V003324,1,2025-06-21,C01054,P0026,T010,1,136000.0,0.0,Tarjeta Débito,Tienda Física,Vacaciones,S
V001834,1,2023-08-26,C02420,P0008,T004,1,227000.0,0.0,Transferencia,Tienda Física,Temporada Regular,Xs
V001956,2,2025-06-19,C01576,P0013,T004,1,56000.0,0.1,Tarjeta Débito,Online,Temporada Regular,L
V003710,1,2023-12-02,C01427,P0018,T010,1,79000.0,0.3,Tarjeta Débito,Online,Regreso A Clases,Xxl
V002233,2,2025-12-01,C02491,P0007,T006,1,57000.0,0.4,Transferencia,Online,Temporada Regular,L
V001646,1,2023-02-22,C00572,P0015,T004,1,181000.0,0.0,Tarjeta Débito,Tienda Física,Temporada Regular,32
V000337,1,2025-03-25,C00084,P0010,T014,2,93000.0,0.0,Tarjeta Crédito,Tienda Física,Vacaciones,36
V001329,1,2023-05-12,C02089,P0004,T015,2,174000.0,0.3,Tarjeta Crédito,Tienda Física,Día Del Padre,38
V000915,2,2024-04-04,C00602,P0020,T036,1,74000.0,0.1,Tarjeta Crédito,Tienda Física,Temporada Regular,S
V003441,1,2024-03-28,C01563,P0002,T029,3,162000.0,0.0,Tarjeta Débito,Tienda Física,Black Friday,S
V002453,2,2025-05-03,C00968,P0009,T018,1,128000.0,0.2,Tarjeta Crédito,Tienda Física,Temporada Regular,Xxl
V000422,2,2023-11-16,C00082,P0014,T009,1,137000.0,0.0,Transferencia,Tienda Física,Temporada Regular,38
V001289,1,2023-01-05,C00410,P0013,T034,1,59000.0,0.0,Tarjeta Crédito,Tienda Física,Temporada De Diciembre,S
V003345,1,2025-12-10,C02189,P0004,T002,1,166000.0,0.15,Tarjeta Débito,Tienda Física,Temporada Regular,30
V001866,1,2024-01-26,C00330,P0008,T014,1,222000.0,0.15,Tarjeta Débito,Tienda Física,Temporada Regular,Xl
V003205,3,2025-04-27,C01983,P0021,T038,2,119000.0,0.05,Tarjeta Débito,Tienda Física,Día De La Madre,Xs
V003691,1,2024-12-21,C02757,P0024,T032,2,224000.0,0.0,Tarjeta Débito,Tienda Física,Día Del Padre,Xxl
V002182,3,2025-12-02,C02234,P0015,T005,1,172000.0,0.0,Tarjeta Débito,Tienda Física,Temporada Regular,32
V002440,1,2023-12-17,C00416,P0002,T031,4,153000.0,0.0,Tarjeta Crédito,Tienda Física,Temporada Regular,L
V001772,1,2024-10-19,C00121,P0014,T013,1,135000.0,0.2,Tarjeta Crédito,Online,Día Del Padre,30
V003171,3,2024-05-25,C01539,P0022,T042,2,204000.0,0.0,Efectivo,Tienda Física,Temporada Regular,L
V001468,1,2023-11-18,C00689,P0004,T020,2,168000.0,0.0,Tarjeta Crédito,Tienda Física,Vacaciones,36
V003277,1,2025-07-18,C00080,P0021,T022,2,117000.0,0.0,Efectivo,Tienda Física,Temporada Regular,Xl
V000403,2,2025-06-01,C00799,P0018,T017,3,77000.0,0.0,Tarjeta Crédito,Online,Temporada De Diciembre,Xs
V000438,1,2025-02-28,C01300,P0003,T043,4,180000.0,0.0,Tarjeta Crédito,Tienda Física,Vacaciones,28
V001765,1,2023-07-14,C01240,P0013,T026,1,57000.0,0.2,Tarjeta Crédito,Tienda Física,Día De La Madre,S
V003290,1,2025-11-15,C01265,P0004,T001,4,180000.0,0.0,Efectivo,Tienda Física,Regreso A Clases,28
V001979,1,2025-06-11,C02275,P0004,T027,1,169000.0,0.0,Tarjeta Débito,Tienda Física,Temporada Regular,30
V002366,2,2025-09-24,C00841,P0017,T022,2,143000.0,0.0,Tarjeta Débito,Online,Día Del Padre,L
V001553,1,2025-09-08,C02173,P0018,T018,1,73000.0,0.1,Tarjeta Débito,Tienda Física,Temporada Regular,L
V000523,2,2025-10-11,C00189,P0022,T032,1,194000.0,0.0,Tarjeta Crédito,Tienda Física,Temporada Regular,M
V001497,1,2024-08-21,C02723,P0011,T022,4,133000.0,0.0,Tarjeta Crédito,Tienda Física,Día Del Padre,L
V002129,1,2023-03-05,C01978,P0001,T002,1,150000.0,0.3,Tarjeta Débito,Tienda Física,Temporada Regular,32
V001849,2,2024-07-04,C01492,P0016,T016,2,141000.0,0.0,Transferencia,Tienda Física,Temporada Regular,40
V003576,1,2024-10-11,C01264,P0014,T004,1,138000.0,0.0,Tarjeta Crédito,Tienda Física,Temporada Regular,32
V001099,1,2023-06-08,C01271,P0009,T027,3,124000.0,0.0,Tarjeta Débito,Tienda Física,Temporada De Diciembre,Xl
V002820,1,2025-08-10,C01032,P0015,T004,3,170000.0,0.0,Tarjeta Crédito,Tienda Física,Temporada Regular,38
V002367,1,2024-09-24,C01703,P0004,T015,2,175000.0,0.2,Tarjeta Crédito,Tienda Física,Temporada Regular,38
V001767,1,2024-01-27,C01924,P0026,T023,1,142000.0,0.0,Tarjeta Débito,Tienda Física,Temporada Regular,S
V000754,2,2023-05-04,C00723,P0023,T035,1,77000.0,0.0,Tarjeta Débito,Tienda Física,Temporada Regular,Xs
V001386,1,2024-12-03,C02136,P0007,T030,2,57000.0,0.0,Tarjeta Crédito,Tienda Física,Día De La Madre,Xxl
V003041,1,2024-09-07,C00115,P0016,T004,2,135000.0,0.0,Efectivo,Tienda Física,Día Del Padre,30
V000349,2,2024-05-16,C01397,P0005,T013,1,113000.0,0.0,Tarjeta Crédito,Tienda Física,Temporada De Diciembre,M
V001697,1,2024-05-02,C02003,P0006,T015,1,58000.0,0.0,Efectivo,Tienda Física,Temporada Regular,S
V000614,1,2024-08-22,C01233,P0019,T004,1,72000.0,0.15,Tarjeta Débito,Tienda Física,Día De La Madre,Xl
V003372,2,2024-02-03,C02155,P0004,T004,3,165000.0,0.05,Tarjeta Crédito,Tienda Física,Vacaciones,30
V000865,1,2025-05-03,C00496,P0003,T030,1,184000.0,0.0,Tarjeta Crédito,Tienda Física,Black Friday,40
V003328,1,2023-09-14,C02156,P0009,T004,1,129000.0,0.3,Tarjeta Crédito,Tienda Física,Temporada Regular,M
V000272,1,2024-02-22,C01044,P0002,T025,2,156000.0,0.0,Efectivo,Tienda Física,Día Del Padre,S
V001021,3,2025-05-30,C01304,P0018,T022,1,73000.0,0.0,Tarjeta Crédito,Tienda Física,Temporada Regular,L
V001006,3,2025-12-30,C01178,P0019,T026,3,71000.0,0.0,Tarjeta Crédito,Tienda Física,Temporada Regular,Xxl
V003514,1,2023-06-23,C00058,P0007,T006,1,60000.0,0.0,Tarjeta Débito,Tienda Física,Vacaciones,Xl
V002947,2,2025-03-16,C01009,P0019,T004,1,71000.0,0.3,Efectivo,Tienda Física,Temporada Regular,L
V003415,2,2025-01-04,C02540,P0024,T034,1,212000.0,0.0,Tarjeta Crédito,Tienda Física,Black Friday,L
V000562,1,2023-07-14,C01834,P0001,T026,1,138000.0,0.0,Tarjeta Crédito,Tienda Física,Black Friday,34
V000052,1,2023-07-06,C00288,P0009,T031,2,127000.0,0.1,Efectivo,Tienda Física,Temporada Regular,S
V000945,2,2023-08-08,C00216,P0006,T005,3,57000.0,0.0,Tarjeta Débito,Tienda Física,Temporada Regular,S
V000316,2,2023-09-26,C02243,P0020,T018,1,80000.0,0.0,Tarjeta Débito,Online,Temporada Regular,S
V001918,2,2024-03-26,C02514,P0011,T016,1,140000.0,0.0,Tarjeta Crédito,Tienda Física,Black Friday,Xs
V002524,2,2024-12-24,C00001,P0021,T038,4,126000.0,0.0,Tarjeta Crédito,Tienda Física,Temporada Regular,Xxl
V002698,1,2024-11-22,C02419,P0006,T004,2,56000.0,0.0,Tarjeta Débito,Tienda Física,Temporada De Diciembre,Xs
V000257,1,2024-09-03,C00982,P0002,T009,1,158000.0,0.0,Tarjeta Crédito,Tienda Física,Vacaciones,L
V003056,2,2024-01-24,C00069,P0017,T021,1,153000.0,0.0,Tarjeta Débito,Online,Temporada Regular,L
V001291,3,2023-08-03,C02787,P0014,T026,1,140000.0,0.0,Tarjeta Crédito,Tienda Física,Temporada Regular,34
V003468,1,2023-04-09,C02398,P0026,T016,3,139000.0,0.0,Transferencia,Tienda Física,Temporada Regular,Xs
V002945,3,2023-02-03,C01419,P0021,T016,3,123000.0,0.0,Tarjeta Crédito,Tienda Física,Temporada Regular,M
V000475,2,2025-02-23,C00433,P0022,T032,1,205000.0,0.0,Tarjeta Crédito,Tienda Física,Black Friday,Xl
V002772,1,2025-04-10,C00897,P0010,T001,2,92000.0,0.15,Tarjeta Débito,Tienda Física,Temporada Regular,38
V002436,1,2024-11-11,C01043,P0007,T023,1,61000.0,0.15,Tarjeta Crédito,Tienda Física,Temporada Regular,Xxl
V000734,1,2024-04-15,C00208,P0023,T009,1,78000.0,0.05,Efectivo,Tienda Física,Temporada Regular,Xs
V000203,1,2025-10-21,C01406,P0007,T013,1,62000.0,0.2,Tarjeta Débito,Tienda Física,Temporada Regular,S
V001958,1,2024-06-10,C00977,P0008,T006,1,208000.0,0.05,Tarjeta Débito,Tienda Física,Regreso A Clases,Xl
V000090,2,2023-08-14,C02178,P0005,T027,4,108000.0,0.0,Efectivo,Online,Black Friday,S
V000193,1,2025-05-09,C00619,P0013,T004,2,54000.0,0.0,Tarjeta Crédito,Tienda Física,Temporada Regular,S
V001565,1,2025-11-19,C01489,P0026,T036,2,134000.0,0.0,Tarjeta Débito,Tienda Física,Temporada De Diciembre,M
V000326,1,2023-01-18,C02000,P0021,T023,4,125000.0,0.0,Tarjeta Crédito,Online,Día De La Madre,S
V002167,2,2024-12-07,C01933,P0012,T030,2,110000.0,0.0,Tarjeta Débito,Tienda Física,Regreso A Clases,Xxl
V001802,1,2025-02-02,C01929,P0010,T018,1,92000.0,0.0,Efectivo,Tienda Física,Temporada De Diciembre,34
V001706,2,2023-04-22,C00178,P0001,T009,1,148000.0,0.0,Tarjeta Crédito,Tienda Física,Temporada Regular,40
V003442,1,2023-01-03,C00329,P0007,T039,4,58000.0,0.0,Efectivo,Tienda Física,Temporada Regular,M
V001066,1,2023-09-06,C02234,P0016,T007,2,142000.0,0.0,Tarjeta Crédito,Tienda Física,Vacaciones,28
V001496,1,2024-01-24,C01586,P0021,T009,1,124000.0,0.0,Tarjeta Débito,Online,Temporada Regular,Sin Talla
V001098,2,2024-12-27,C01600,P0006,T004,1,56000.0,0.0,Transferencia,Tienda Física,Temporada Regular,L
V002810,1,2023-05-30,C01218,P0018,T034,1,79000.0,0.0,Tarjeta Débito,Tienda Física,Temporada Regular,Xs
V000576,1,2024-07-28,C01462,P0020,T025,2,76000.0,0.15,Tarjeta Débito,Tienda Física,Temporada Regular,Xs
V001582,1,2023-12-16,C00336,P0003,T009,1,185000.0,0.0,Tarjeta Crédito,Tienda Física,Black Friday,40
V000987,1,2025-05-17,C00188,P0001,T034,1,144000.0,0.0,Transferencia,Tienda Física,Regreso A Clases,36
V003174,2,2025-09-27,C01296,P0023,T004,1,74000.0,0.0,Tarjeta Crédito,Tienda Física,Temporada Regular,Xs
V002041,1,2025-04-05,C00507,P0002,T042,4,160000.0,0.0,Efectivo,Tienda Física,Regreso A Clases,Xs
V003189,3,2025-03-05,C01941,P0009,T031,2,121000.0,0.0,Efectivo,Tienda Física,Temporada Regular,Xxl
V000843,1,2025-10-14,C02028,P0020,T004,4,80000.0,0.0,Tarjeta Débito,Tienda Física,Vacaciones,L
V002513,1,2024-04-30,C01708,P0015,T006,1,175000.0,0.0,Tarjeta Crédito,Tienda Física,Temporada Regular,30
V002748,1,2025-04-11,C02488,P0013,T035,1,57000.0,0.1,Tarjeta Débito,Tienda Física,Regreso A Clases,L
V000259,1,2025-08-08,C00253,P0016,T009,1,134000.0,0.0,Tarjeta Crédito,Tienda Física,Temporada De Diciembre,30
V003408,1,2023-10-11,C02430,P0019,T043,3,72000.0,0.0,Tarjeta Crédito,Tienda Física,Temporada De Diciembre,Xxl
V003501,3,2024-02-13,C02045,P0002,T007,3,158000.0,0.2,Transferencia,Tienda Física,Black Friday,L
V003792,1,2025-07-04,C00122,P0005,T016,2,107000.0,0.2,Tarjeta Débito,Tienda Física,Temporada Regular,Xl
V000900,1,2024-05-04,C02104,P0020,T013,1,76000.0,0.0,Tarjeta Crédito,Tienda Física,Temporada Regular,Xs
V001677,1,2023-11-29,C02139,P0019,T017,4,69000.0,0.05,Efectivo,Tienda Física,Temporada Regular,Xl
V002901,1,2023-10-26,C02713,P0015,T007,2,171000.0,0.3,Tarjeta Débito,Tienda Física,Temporada Regular,40
V001136,3,2024-04-29,C00409,P0004,T016,2,164000.0,0.0,Efectivo,Online,Temporada Regular,34
V003351,1,2025-11-03,C02351,P0023,T025,1,76000.0,0.1,Tarjeta Crédito,Tienda Física,Temporada De Diciembre,Xs
V001998,1,2025-10-21,C01909,P0017,T001,3,149000.0,0.1,Transferencia,Tienda Física,Temporada Regular,Xxl
V000270,1,2025-03-25,C00541,P0014,T040,4,141000.0,0.15,Tarjeta Crédito,Tienda Física,Día De La Madre,30
V002323,1,2024-07-17,C00349,P0013,T041,4,54000.0,0.0,Tarjeta Débito,Tienda Física,Temporada De Diciembre,Xs
V000860,1,2023-09-24,C02088,P0026,T024,2,138000.0,0.0,Transferencia,Tienda Física,Temporada Regular,S
V003427,2,2024-05-09,C01532,P0022,T036,2,191000.0,0.0,Tarjeta Crédito,Tienda Física,Temporada De Diciembre,Xs
V001227,1,2024-04-11,C02353,P0022,T004,1,193000.0,0.0,Efectivo,Tienda Física,Vacaciones,M
V002744,1,2024-05-21,C02517,P0014,T029,1,136000.0,0.0,Tarjeta Crédito,Tienda Física,Vacaciones,28
V000764,2,2023-08-02,C01319,P0016,T004,1,144000.0,0.0,Efectivo,Tienda Física,Temporada Regular,38
V001635,2,2025-05-28,C00799,P0014,T016,2,138000.0,0.0,Tarjeta Crédito,Tienda Física,Black Friday,34
V000088,2,2024-05-06,C01186,P0018,T032,1,76000.0,0.2,Tarjeta Débito,Tienda Física,Temporada De Diciembre,M
V000983,3,2024-07-26,C01231,P0002,T019,1,150000.0,0.0,Efectivo,Tienda Física,Temporada Regular,S
V000158,2,2023-01-11,C02145,P0021,T004,4,124000.0,0.0,Tarjeta Débito,Tienda Física,Temporada Regular,S
V002197,2,2023-03-21,C01182,P0015,T035,4,171000.0,0.0,Tarjeta Débito,Tienda Física,Black Friday,32
V002227,1,2023-09-30,C00426,P0022,T009,4,205000.0,0.4,Transferencia,Tienda Física,Temporada Regular,L
V001291,1,2023-08-03,C02787,P0018,T026,1,80000.0,0.0,Tarjeta Crédito,Tienda Física,Temporada Regular,Xxl
V002227,3,2023-09-30,C00426,P0007,T009,3,62000.0,0.05,Transferencia,Tienda Física,Temporada Regular,S
V002494,1,2024-12-28,C00640,P0019,T040,1,71000.0,0.0,Transferencia,Tienda Física,Temporada Regular,Xs
V001513,1,2024-07-24,C02120,P0020,T011,3,79000.0,0.1,Tarjeta Crédito,Tienda Física,Vacaciones,Xxl
V002385,2,2023-10-09,C00668,P0019,T010,1,73000.0,0.0,Tarjeta Débito,Tienda Física,Temporada Regular,S
V001908,1,2023-06-21,C01377,P0006,T037,1,55000.0,0.0,Tarjeta Débito,Online,Día De La Madre,M
V003333,1,2023-04-15,C00739,P0010,T013,1,90000.0,0.05,Efectivo,Tienda Física,Vacaciones,28
V003735,1,2025-04-05,C02503,P0006,T004,2,55000.0,0.0,Tarjeta Crédito,Tienda Física,Temporada Regular,S
V001490,1,2025-03-14,C01973,P0013,T030,1,58000.0,0.15,Tarjeta Débito,Tienda Física,Vacaciones,M
V003577,1,2024-07-11,C00454,P0023,T037,1,79000.0,0.3,Tarjeta Crédito,Tienda Física,Temporada Regular,L
V002798,2,2024-07-09,C01852,P0003,T032,2,175000.0,0.0,Tarjeta Débito,Tienda Física,Temporada Regular,32
V001163,2,2023-02-26,C00107,P0019,T022,1,69000.0,0.0,Tarjeta Débito,Tienda Física,Temporada Regular,Xl
V002824,1,2025-04-18,C02569,P0023,T038,1,75000.0,0.1,Tarjeta Débito,Tienda Física,Temporada Regular,S
V002718,2,2024-04-19,C01150,P0026,T009,2,138000.0,0.0,Tarjeta Débito,Tienda Física,Temporada Regular,Xl
V003311,1,2025-11-08,C01462,P0003,T009,3,185000.0,0.1,Tarjeta Crédito,Tienda Física,Temporada Regular,36
V001029,1,2024-06-22,C00591,P0022,T004,2,205000.0,0.3,Tarjeta Débito,Tienda Física,Temporada Regular,M
V001627,1,2025-05-11,C02044,P0011,T014,1,134000.0,0.1,Tarjeta Crédito,Tienda Física,Temporada Regular,Xl
V002776,1,2024-09-22,C01172,P0006,T037,4,54000.0,0.1,Tarjeta Crédito,Tienda Física,Temporada Regular,S
V002247,2,2025-06-02,C01762,P0015,T016,1,179000.0,0.0,Tarjeta Débito,Tienda Física,Temporada Regular,36
V003643,1,2025-09-30,C00026,P0020,T004,2,77000.0,0.0,Tarjeta Crédito,Tienda Física,Temporada Regular,Xl
V001359,1,2025-09-24,C02202,P0015,T041,2,180000.0,0.2,Transferencia,Tienda Física,Temporada De Diciembre,30
V001091,1,2024-08-30,C02663,P0007,T018,1,58000.0,0.15,Tarjeta Débito,Tienda Física,Temporada Regular,L
V000181,1,2024-06-03,C02689,P0022,T004,2,210000.0,0.0,Transferencia,Tienda Física,Temporada Regular,S
V000289,1,2025-01-30,C02689,P0009,T004,1,132000.0,0.0,Tarjeta Crédito,Tienda Física,Regreso A Clases,S
V002452,2,2024-12-28,C02684,P0009,T008,2,129000.0,0.0,Tarjeta Crédito,Tienda Física,Temporada Regular,Xxl
V001420,2,2023-04-26,C00835,P0015,T035,4,180000.0,0.2,Tarjeta Crédito,Tienda Física,Regreso A Clases,36
V002363,1,2023-04-10,C00779,P0024,T015,1,221000.0,0.0,Tarjeta Débito,Tienda Física,Temporada Regular,Xxl
V001882,1,2023-12-09,C01939,P0001,T018,2,148000.0,0.0,Tarjeta Débito,Tienda Física,Temporada De Diciembre,32
V001464,2,2024-08-19,C00627,P0024,T040,2,219000.0,0.0,Tarjeta Crédito,Tienda Física,Día De La Madre,L
V003523,2,2025-10-06,C00489,P0020,T019,3,79000.0,0.0,Efectivo,Tienda Física,Temporada Regular,S
V002999,1,2024-09-07,C01147,P0010,T040,2,99000.0,0.0,Efectivo,Tienda Física,Día De La Madre,28
V000303,2,2025-05-30,C01623,P0024,T038,1,209000.0,0.0,Tarjeta Débito,Tienda Física,Temporada Regular,S
V001863,1,2025-01-25,C01313,P0003,T009,2,175000.0,0.15,Tarjeta Crédito,Tienda Física,Temporada Regular,38
V002042,1,2024-08-11,C01994,P0015,T004,1,169000.0,0.05,Tarjeta Crédito,Tienda Física,Temporada De Diciembre,30
V003287,1,2024-07-10,C02685,P0009,T031,2,126000.0,0.0,Tarjeta Crédito,Tienda Física,Temporada Regular,M
V000575,2,2024-01-21,C00243,P0022,T018,3,207000.0,0.0,Efectivo,Tienda Física,Temporada Regular,M
V001711,1,2024-05-23,C01244,P0016,T003,2,137000.0,0.0,Efectivo,Tienda Física,Regreso A Clases,28
V002874,2,2025-06-27,C01657,P0023,T009,1,75000.0,0.15,Tarjeta Débito,Tienda Física,Temporada Regular,Xxl
V001798,1,2025-11-15,C00211,P0016,T028,1,145000.0,0.0,Tarjeta Crédito,Tienda Física,Black Friday,28
V002446,1,2023-08-21,C00335,P0001,T026,3,142000.0,0.0,Tarjeta Débito,Tienda Física,Temporada De Diciembre,32
V000629,1,2023-07-14,C01695,P0006,T021,1,53000.0,0.05,Tarjeta Crédito,Tienda Física,Temporada Regular,Xxl
V000508,2,2024-09-18,C00140,P0008,T009,1,211000.0,0.0,Tarjeta Crédito,Tienda Física,Temporada Regular,M
V001778,1,2025-12-20,C01430,P0026,T028,2,132000.0,0.1,Tarjeta Crédito,Tienda Física,Temporada Regular,Xl
V000739,1,2024-12-04,C02619,P0018,T009,3,75000.0,0.0,Efectivo,Tienda Física,Temporada Regular,L
V000770,2,2024-07-12,C01411,P0009,T007,1,121000.0,0.15,Efectivo,Tienda Física,Temporada Regular,Xxl
V003654,1,2023-02-27,C00903,P0011,T003,4,136000.0,0.0,Tarjeta Débito,Tienda Física,Temporada Regular,L
V002168,1,2023-08-02,C02798,P0007,T031,3,59000.0,0.0,Transferencia,Tienda Física,Temporada Regular,Xs
V003393,3,2023-01-25,C01168,P0003,T037,3,178000.0,0.0,Tarjeta Débito,Online,Temporada Regular,34
V002856,1,2023-12-15,C00768,P0017,T013,2,142000.0,0.4,Transferencia,Online,Regreso A Clases,Xs
V002338,1,2024-03-18,C02323,P0003,T011,1,182000.0,0.1,Tarjeta Débito,Tienda Física,Temporada Regular,28
V002633,1,2024-09-28,C00768,P0006,T020,2,55000.0,0.2,Efectivo,Online,Día De La Madre,Xl
V000507,1,2024-11-29,C00717,P0013,T016,1,55000.0,0.0,Tarjeta Crédito,Tienda Física,Día De La Madre,S
V002596,1,2023-10-05,C01961,P0017,T010,2,151000.0,0.0,Transferencia,Tienda Física,Temporada Regular,L
V003167,1,2024-02-03,C02293,P0019,T004,1,73000.0,0.2,Tarjeta Débito,Tienda Física,Temporada Regular,S
V002026,1,2024-07-22,C00319,P0006,T011,1,58000.0,0.0,Tarjeta Crédito,Tienda Física,Vacaciones,S
V000211,1,2024-02-08,C01630,P0006,T026,1,55000.0,0.15,Efectivo,Tienda Física,Temporada Regular,S
V003756,1,2024-09-02,C01843,P0013,T004,1,59000.0,0.3,Tarjeta Débito,Tienda Física,Regreso A Clases,L
V003310,1,2023-03-18,C01186,P0014,T038,3,133000.0,0.3,Tarjeta Crédito,Tienda Física,Día De La Madre,36
V002967,2,2025-12-14,C02007,P0008,T034,1,225000.0,0.0,Tarjeta Crédito,Tienda Física,Temporada De Diciembre,L
V003611,2,2025-01-08,C02531,P0002,T018,3,161000.0,0.0,Efectivo,Tienda Física,Día De La Madre,Xxl
V002103,1,2025-02-03,C00471,P0023,T041,3,79000.0,0.3,Efectivo,Tienda Física,Temporada Regular,Xl
V003374,1,2025-03-25,C01826,P0022,T014,2,192000.0,0.15,Tarjeta Crédito,Tienda Física,Temporada Regular,Xl
V001610,1,2024-01-03,C02539,P0018,T022,3,72000.0,0.1,Efectivo,Tienda Física,Temporada De Diciembre,Xxl
V003334,1,2023-12-10,C00913,P0006,T004,3,56000.0,0.15,Tarjeta Débito,Tienda Física,Regreso A Clases,Xl
V001715,1,2024-03-16,C00854,P0003,T015,2,171000.0,0.15,Tarjeta Débito,Tienda Física,Temporada Regular,28
V003237,2,2024-10-29,C01916,P0003,T008,1,172000.0,0.2,Transferencia,Tienda Física,Temporada Regular,30
V001060,1,2024-05-27,C01406,P0002,T026,1,150000.0,0.0,Tarjeta Crédito,Tienda Física,Temporada Regular,L
V001228,1,2024-10-05,C02133,P0005,T018,1,115000.0,0.0,Tarjeta Débito,Tienda Física,Regreso A Clases,L
V000728,2,2024-10-16,C00609,P0011,T016,1,133000.0,0.0,Tarjeta Débito,Tienda Física,Temporada Regular,M
V001096,2,2023-05-15,C01716,P0007,T012,1,58000.0,0.0,Efectivo,Tienda Física,Temporada Regular,M
V000524,1,2023-07-08,C01724,P0024,T028,1,211000.0,0.0,Tarjeta Débito,Tienda Física,Temporada Regular,M
V002015,1,2023-09-14,C02584,P0020,T004,1,78000.0,0.15,Transferencia,Tienda Física,Vacaciones,S
V001520,1,2025-05-22,C02257,P0019,T004,2,72000.0,0.05,Tarjeta Débito,Tienda Física,Temporada Regular,Xl
V002178,1,2023-11-15,C02653,P0005,T023,1,109000.0,0.0,Tarjeta Crédito,Tienda Física,Temporada Regular,L
V003215,2,2023-09-30,C02771,P0005,T006,2,115000.0,0.0,Efectivo,Tienda Física,Temporada Regular,M
V002539,2,2025-11-17,C02669,P0022,T001,4,194000.0,0.0,Efectivo,Tienda Física,Temporada De Diciembre,Xs
V000463,1,2023-11-02,C02613,P0002,T020,2,160000.0,0.0,Tarjeta Crédito,Tienda Física,Vacaciones,Xxl
V002903,2,2025-12-16,C01457,P0008,T026,4,218000.0,0.2,Tarjeta Débito,Tienda Física,Regreso A Clases,L
V003401,1,2025-07-14,C02343,P0021,T041,3,117000.0,0.0,Efectivo,Tienda Física,Temporada Regular,S
V000086,3,2023-10-08,C02434,P0024,T004,1,209000.0,0.0,Tarjeta Crédito,Tienda Física,Temporada Regular,Xs
V002074,1,2023-09-18,C01152,P0023,T008,2,76000.0,0.0,Efectivo,Tienda Física,Temporada De Diciembre,Xl
V003440,1,2023-02-10,C00109,P0006,T022,2,54000.0,0.15,Tarjeta Crédito,Tienda Física,Temporada Regular,Xs
V003562,1,2024-07-30,C01755,P0014,T009,1,141000.0,0.0,Tarjeta Crédito,Online,Día Del Padre,40
V001320,2,2023-01-02,C02627,P0002,T030,3,158000.0,0.0,Tarjeta Crédito,Tienda Física,Temporada Regular,Xs
V002293,1,2025-04-13,C00937,P0006,T016,1,56000.0,0.0,Tarjeta Débito,Tienda Física,Black Friday,Xs
V003427,1,2024-05-09,C01532,P0021,T036,4,118000.0,0.0,Tarjeta Crédito,Tienda Física,Temporada De Diciembre,S
V001146,2,2023-05-06,C00095,P0016,T024,4,136000.0,0.0,Tarjeta Débito,Tienda Física,Temporada Regular,34
V002489,1,2024-06-06,C02234,P0026,T029,3,140000.0,0.1,Tarjeta Crédito,Tienda Física,Temporada Regular,Xs
V000029,1,2024-04-25,C01600,P0024,T041,3,205000.0,0.0,Tarjeta Crédito,Tienda Física,Temporada Regular,Xl
V000400,1,2025-09-23,C02543,P0007,T036,2,60000.0,0.0,Tarjeta Débito,Tienda Física,Temporada Regular,L
V002748,2,2025-04-11,C02488,P0019,T035,1,69000.0,0.0,Tarjeta Débito,Tienda Física,Regreso A Clases,Xs
V000297,1,2025-05-31,C02113,P0008,T031,4,221000.0,0.0,Tarjeta Crédito,Tienda Física,Temporada Regular,M
V003289,1,2024-06-04,C01363,P0025,T029,1,135000.0,0.1,Efectivo,Tienda Física,Temporada Regular,Xxl
V002155,1,2023-10-21,C02511,P0014,T017,1,133000.0,0.0,Efectivo,Tienda Física,Temporada Regular,34
V001776,1,2024-03-24,C02068,P0026,T030,2,130000.0,0.1,Tarjeta Débito,Tienda Física,Temporada De Diciembre,L
V001909,1,2023-12-04,C00301,P0017,T008,2,151000.0,0.0,Tarjeta Crédito,Tienda Física,Temporada Regular,Xxl
V001626,2,2024-11-24,C00628,P0026,T025,4,134000.0,0.1,Tarjeta Crédito,Tienda Física,Temporada Regular,Xxl
V003743,3,2023-07-20,C00281,P0020,T004,1,75000.0,0.4,Tarjeta Crédito,Tienda Física,Vacaciones,S
V002356,2,2024-05-15,C00784,P0001,T011,3,137000.0,0.0,Tarjeta Débito,Tienda Física,Temporada Regular,32
V002343,1,2024-10-03,C02578,P0020,T033,2,78000.0,0.1,Tarjeta Crédito,Tienda Física,Regreso A Clases,Xs
V002223,1,2024-09-13,C01492,P0022,T017,2,208000.0,0.0,Transferencia,Tienda Física,Temporada De Diciembre,S
V002597,1,2024-09-01,C01652,P0021,T004,1,116000.0,0.0,Tarjeta Crédito,Tienda Física,Black Friday,Xl
V000390,2,2024-10-06,C01476,P0025,T028,4,141000.0,0.1,Tarjeta Crédito,Tienda Física,Temporada Regular,Xs
V003202,2,2025-11-17,C01149,P0001,T014,3,150000.0,0.0,Tarjeta Crédito,Tienda Física,Temporada De Diciembre,32
V000872,2,2024-11-06,C02723,P0020,T017,1,75000.0,0.0,Tarjeta Crédito,Tienda Física,Temporada Regular,Xl
V001698,1,2025-01-16,C01578,P0003,T021,1,179000.0,0.1,Efectivo,Tienda Física,Temporada Regular,36
V001398,1,2024-10-03,C01171,P0019,T012,2,74000.0,0.15,Tarjeta Crédito,Tienda Física,Vacaciones,Xl
V001168,3,2025-05-06,C01700,P0003,T009,3,179000.0,0.0,Tarjeta Crédito,Tienda Física,Temporada Regular,30
V000621,2,2025-09-12,C02541,P0015,T022,1,179000.0,0.0,Tarjeta Crédito,Tienda Física,Temporada Regular,36
V002603,1,2024-12-09,C02455,P0004,T026,1,169000.0,0.0,Tarjeta Crédito,Tienda Física,Black Friday,28
V002390,1,2024-06-25,C00453,P0015,T019,2,172000.0,0.05,Tarjeta Crédito,Tienda Física,Día Del Padre,36
V003088,2,2023-04-19,C00297,P0017,T013,2,150000.0,0.0,Tarjeta Crédito,Tienda Física,Temporada Regular,L
V002174,2,2023-07-21,C02703,P0011,T014,4,129000.0,0.0,Tarjeta Débito,Tienda Física,Vacaciones,S
V003007,1,2023-02-06,C00089,P0003,T031,1,182000.0,0.05,Transferencia,Tienda Física,Temporada Regular,32
V001082,3,2025-05-14,C02742,P0018,T028,1,73000.0,0.0,Efectivo,Tienda Física,Temporada De Diciembre,L
V001653,1,2023-02-03,C00434,P0006,T034,1,58000.0,0.0,Tarjeta Débito,Tienda Física,Temporada Regular,Xl
V003393,2,2023-01-25,C01168,P0008,T037,1,209000.0,0.1,Tarjeta Débito,Online,Temporada Regular,Xxl
V003226,2,2025-05-20,C00215,P0002,T026,3,157000.0,0.0,Tarjeta Débito,Tienda Física,Black Friday,M
V002283,1,2025-06-23,C02006,P0026,T010,2,137000.0,0.1,Tarjeta Crédito,Tienda Física,Temporada Regular,Xl
V003063,2,2025-08-19,C02402,P0002,T009,4,156000.0,0.0,Transferencia,Online,Regreso A Clases,L
V003800,1,2024-05-04,C02751,P0016,T004,3,134000.0,0.0,Transferencia,Tienda Física,Temporada Regular,34
V003266,1,2025-12-31,C01029,P0015,T012,1,181000.0,0.0,Tarjeta Crédito,Tienda Física,Temporada De Diciembre,32
V002162,2,2023-06-22,C01824,P0007,T018,2,60000.0,0.0,Efectivo,Tienda Física,Temporada Regular,Xxl
V001781,2,2024-04-13,C02167,P0002,T024,2,159000.0,0.0,Tarjeta Crédito,Tienda Física,Temporada Regular,Xxl
V000552,1,2023-10-04,C00988,P0015,T009,1,181000.0,0.1,Tarjeta Crédito,Tienda Física,Black Friday,28
V002332,2,2024-08-04,C01935,P0022,T012,1,203000.0,0.0,Tarjeta Crédito,Tienda Física,Temporada Regular,Xs
V001896,2,2024-10-09,C00995,P0026,T027,2,130000.0,0.0,Efectivo,Tienda Física,Temporada Regular,M
V000103,1,2024-05-04,C00840,P0022,T006,4,202000.0,0.0,Tarjeta Débito,Tienda Física,Black Friday,Xxl
V000863,2,2024-02-21,C00826,P0007,T025,2,58000.0,0.1,Tarjeta Crédito,Tienda Física,Temporada Regular,Xs
V003392,2,2024-10-29,C00807,P0022,T004,1,198000.0,0.0,Tarjeta Débito,Tienda Física,Temporada Regular,Xxl
V000500,2,2024-10-04,C01486,P0023,T038,1,79000.0,0.0,Tarjeta Débito,Tienda Física,Temporada De Diciembre,M
V002622,1,2025-08-22,C00267,P0022,T029,1,203000.0,0.0,Tarjeta Crédito,Tienda Física,Temporada Regular,Xs
V000583,3,2024-01-09,C02063,P0017,T036,1,143000.0,0.0,Tarjeta Crédito,Tienda Física,Temporada Regular,Xs
V001791,3,2024-01-20,C00015,P0024,T004,1,206000.0,0.0,Transferencia,Tienda Física,Temporada Regular,Xs
V001751,1,2025-10-28,C01312,P0013,T013,1,58000.0,0.0,Tarjeta Crédito,Tienda Física,Temporada De Diciembre,S
V003474,2,2025-05-23,C01533,P0014,T014,1,145000.0,0.0,Transferencia,Tienda Física,Temporada Regular,32
V001424,1,2024-09-20,C01881,P0011,T015,3,139000.0,0.2,Efectivo,Tienda Física,Black Friday,Xl
V001018,1,2024-03-22,C00696,P0021,T038,2,125000.0,0.0,Tarjeta Débito,Online,Temporada Regular,Xl
V003641,1,2023-12-03,C00250,P0023,T002,2,77000.0,0.15,Transferencia,Tienda Física,Temporada Regular,L
V000338,2,2024-12-03,C00038,P0020,T015,2,75000.0,0.0,Tarjeta Débito,Tienda Física,Temporada Regular,L
V001305,2,2025-03-23,C02297,P0006,T018,4,55000.0,0.0,Tarjeta Crédito,Online,Temporada De Diciembre,S
V003516,1,2024-02-09,C01259,P0012,T025,1,107000.0,0.0,Efectivo,Tienda Física,Temporada De Diciembre,L
V001074,1,2025-04-03,C01893,P0003,T004,2,185000.0,0.05,Tarjeta Débito,Tienda Física,Temporada Regular,32
V002651,1,2025-07-11,C01379,P0020,T040,2,74000.0,0.0,Tarjeta Débito,Tienda Física,Temporada Regular,Xxl
V000257,2,2024-09-03,C00982,P0009,T009,1,131000.0,0.0,Tarjeta Crédito,Tienda Física,Vacaciones,M
V000804,1,2024-01-28,C01864,P0016,T042,1,139000.0,0.0,Transferencia,Tienda Física,Temporada De Diciembre,34
V000406,1,2025-12-26,C00754,P0013,T029,2,59000.0,0.4,Tarjeta Débito,Tienda Física,Black Friday,Xl
V003688,1,2025-07-20,C00658,P0009,T035,1,128000.0,0.0,Transferencia,Tienda Física,Temporada Regular,Xs
V000861,1,2025-12-09,C00285,P0021,T026,2,119000.0,0.05,Tarjeta Débito,Tienda Física,Temporada Regular,Xxl
V002007,2,2024-09-16,C01000,P0002,T029,2,162000.0,0.0,Efectivo,Tienda Física,Vacaciones,S
V003646,2,2024-06-23,C00869,P0011,T034,3,128000.0,0.05,Tarjeta Crédito,Tienda Física,Temporada Regular,Xs
V002147,2,2023-02-10,C02708,P0024,T019,1,221000.0,0.15,Transferencia,Tienda Física,Temporada De Diciembre,Xs
V000763,1,2023-02-14,C02630,P0025,T013,1,136000.0,0.05,Tarjeta Crédito,Tienda Física,Temporada Regular,S
V001182,1,2024-05-18,C01131,P0023,T004,2,81000.0,0.05,Transferencia,Tienda Física,Temporada Regular,L
V001058,2,2024-05-14,C00954,P0020,T009,1,78000.0,0.0,Tarjeta Débito,Tienda Física,Temporada Regular,Xxl
V000837,1,2023-04-30,C01457,P0026,T004,2,138000.0,0.3,Tarjeta Débito,Tienda Física,Regreso A Clases,M
V002083,1,2025-04-22,C00462,P0008,T012,3,220000.0,0.0,Efectivo,Tienda Física,Temporada De Diciembre,S
V002108,2,2023-01-06,C02046,P0004,T025,1,167000.0,0.0,Tarjeta Crédito,Tienda Física,Temporada Regular,34
V002218,1,2023-08-19,C01959,P0014,T010,3,141000.0,0.0,Tarjeta Crédito,Tienda Física,Temporada Regular,36
V003365,1,2023-04-18,C00522,P0010,T023,1,97000.0,0.4,Tarjeta Débito,Tienda Física,Temporada Regular,36
V002536,1,2024-04-02,C00102,P0002,T018,1,157000.0,0.0,Transferencia,Tienda Física,Temporada Regular,Xs
V002297,1,2025-09-11,C01229,P0024,T032,4,218000.0,0.0,Tarjeta Crédito,Tienda Física,Temporada Regular,Xxl
V001880,1,2023-07-27,C02189,P0007,T029,3,61000.0,0.0,Efectivo,Tienda Física,Temporada Regular,Xl
V000176,1,2023-11-14,C01778,P0014,T009,2,134000.0,0.0,Tarjeta Crédito,Tienda Física,Regreso A Clases,30
V001548,3,2023-09-10,C02459,P0015,T020,2,183000.0,0.0,Tarjeta Débito,Tienda Física,Black Friday,38
V001727,2,2025-06-16,C02313,P0005,T005,1,112000.0,0.2,Tarjeta Débito,Tienda Física,Día De La Madre,Xxl
V003644,2,2025-08-16,C00320,P0017,T020,4,147000.0,0.15,Tarjeta Crédito,Tienda Física,Temporada Regular,S
V000896,2,2023-02-05,C00219,P0008,T015,1,214000.0,0.0,Tarjeta Débito,Tienda Física,Temporada Regular,Xxl
V002876,2,2025-09-02,C01656,P0006,T027,2,57000.0,0.0,Tarjeta Débito,Tienda Física,Black Friday,Xl
V000294,1,2025-01-16,C01464,P0026,T039,1,141000.0,0.0,Tarjeta Débito,Tienda Física,Vacaciones,Xxl
V000810,1,2023-11-16,C02554,P0023,T004,1,75000.0,0.0,Tarjeta Débito,Tienda Física,Vacaciones,Xxl
V000753,1,2024-05-09,C01519,P0007,T006,1,62000.0,0.0,Transferencia,Tienda Física,Día De La Madre,Xl
V002926,1,2023-10-28,C01289,P0025,T016,1,144000.0,0.0,Efectivo,Tienda Física,Temporada De Diciembre,Xxl
V001452,1,2023-04-04,C00929,P0022,T006,1,198000.0,0.0,Efectivo,Tienda Física,Temporada Regular,Xs
V001531,1,2025-12-20,C01464,P0023,T004,2,76000.0,0.0,Tarjeta Débito,Tienda Física,Temporada Regular,Xl
V002567,1,2024-04-20,C01625,P0006,T042,1,58000.0,0.1,Tarjeta Débito,Tienda Física,Temporada Regular,S
V003076,1,2025-05-18,C00741,P0018,T009,2,76000.0,0.0,Tarjeta Crédito,Tienda Física,Temporada Regular,Xxl
V000383,1,2025-02-14,C00503,P0021,T027,3,127000.0,0.0,Tarjeta Crédito,Tienda Física,Temporada De Diciembre,Xs
V000585,2,2025-10-08,C01387,P0011,T041,2,127000.0,0.1,Efectivo,Tienda Física,Temporada Regular,M
V003799,1,2024-12-29,C00609,P0014,T012,2,138000.0,0.0,Transferencia,Tienda Física,Temporada Regular,28
V003522,1,2025-01-03,C00503,P0024,T009,1,226000.0,0.1,Tarjeta Crédito,Tienda Física,Black Friday,S
V001293,1,2024-02-03,C01843,P0004,T036,3,167000.0,0.05,Tarjeta Crédito,Tienda Física,Black Friday,28
V002715,2,2025-02-21,C00004,P0020,T012,2,74000.0,0.4,Efectivo,Tienda Física,Temporada De Diciembre,Xs
V001688,1,2024-07-22,C00935,P0025,T005,2,145000.0,0.15,Transferencia,Online,Temporada Regular,Xs
V003398,1,2023-10-23,C01558,P0010,T037,1,93000.0,0.0,Tarjeta Débito,Tienda Física,Temporada Regular,28
V003555,2,2024-04-15,C00753,P0005,T022,1,108000.0,0.0,Tarjeta Débito,Online,Día De La Madre,Xs
V003102,2,2025-12-27,C01263,P0013,T043,3,57000.0,0.1,Tarjeta Crédito,Tienda Física,Regreso A Clases,Xl
V000204,3,2025-10-02,C00385,P0005,T029,2,116000.0,0.0,Tarjeta Débito,Tienda Física,Temporada Regular,M
V001561,2,2023-07-16,C00536,P0015,T014,1,167000.0,0.0,Tarjeta Débito,Tienda Física,Temporada De Diciembre,30
V003274,1,2025-06-22,C02781,P0017,T040,2,146000.0,0.0,Tarjeta Débito,Tienda Física,Temporada Regular,Xs
V003205,2,2025-04-27,C01983,P0019,T038,1,70000.0,0.0,Tarjeta Débito,Tienda Física,Día De La Madre,M
V001173,1,2024-02-10,C00646,P0025,T009,1,136000.0,0.0,Efectivo,Tienda Física,Temporada De Diciembre,Xxl
V003575,1,2024-05-20,C00033,P0021,T026,3,123000.0,0.0,Tarjeta Débito,Tienda Física,Black Friday,M
V003483,3,2023-10-08,C02441,P0024,T008,3,211000.0,0.0,Tarjeta Crédito,Tienda Física,Temporada Regular,Xl
V002893,1,2023-06-28,C02185,P0018,T016,1,80000.0,0.0,Tarjeta Débito,Online,Temporada Regular,Xs
V003336,1,2024-03-26,C01496,P0020,T018,1,75000.0,0.0,Transferencia,Tienda Física,Black Friday,Xl
V001770,1,2024-11-24,C01746,P0008,T015,2,216000.0,0.15,Tarjeta Crédito,Tienda Física,Temporada Regular,Xxl
V001422,1,2024-03-01,C00259,P0014,T031,1,144000.0,0.0,Tarjeta Crédito,Tienda Física,Temporada Regular,34
V002038,1,2024-11-18,C00073,P0010,T004,1,96000.0,0.0,Tarjeta Débito,Tienda Física,Vacaciones,38
V000612,2,2024-07-25,C00425,P0004,T019,3,166000.0,0.0,Tarjeta Crédito,Tienda Física,Temporada Regular,30
V002994,2,2025-04-04,C01615,P0006,T013,1,53000.0,0.0,Efectivo,Tienda Física,Temporada Regular,S
V000095,1,2023-08-25,C02479,P0003,T007,1,183000.0,0.0,Tarjeta Débito,Tienda Física,Temporada Regular,36
V002309,1,2025-11-06,C00617,P0025,T038,1,146000.0,0.0,Transferencia,Tienda Física,Black Friday,Xxl
V001409,2,2024-03-14,C02642,P0016,T018,4,137000.0,0.1,Tarjeta Débito,Tienda Física,Temporada Regular,34
V002876,3,2025-09-02,C01656,P0009,T027,2,131000.0,0.0,Tarjeta Débito,Tienda Física,Black Friday,L
V002439,1,2025-12-03,C01511,P0005,T011,2,110000.0,0.2,Tarjeta Débito,Tienda Física,Temporada Regular,L
V000607,1,2025-01-24,C00628,P0003,T027,2,179000.0,0.0,Efectivo,Tienda Física,Vacaciones,32
V000702,2,2023-07-01,C00198,P0016,T007,1,142000.0,0.3,Efectivo,Tienda Física,Temporada Regular,40
V002008,1,2023-06-07,C02383,P0001,T011,2,150000.0,0.0,Transferencia,Tienda Física,Temporada Regular,34
V002974,1,2023-05-16,C01119,P0020,T033,2,79000.0,0.15,Tarjeta Débito,Online,Día De La Madre,Xs
V001626,1,2024-11-24,C00628,P0006,T025,3,56000.0,0.3,Tarjeta Crédito,Tienda Física,Temporada Regular,Xxl
V001482,2,2025-07-21,C01498,P0024,T022,4,209000.0,0.05,Tarjeta Crédito,Tienda Física,Temporada Regular,Xl
V003363,1,2025-05-13,C02756,P0026,T026,2,139000.0,0.4,Tarjeta Débito,Tienda Física,Temporada De Diciembre,Xs
V003032,1,2023-10-02,C00931,P0023,T040,1,82000.0,0.05,Tarjeta Crédito,Tienda Física,Vacaciones,Xs
V000269,1,2024-01-03,C00113,P0026,T004,3,133000.0,0.05,Tarjeta Crédito,Tienda Física,Temporada Regular,L
V002560,1,2023-03-07,C01589,P0005,T025,3,107000.0,0.2,Tarjeta Crédito,Tienda Física,Temporada Regular,L
V002707,1,2023-06-05,C00422,P0001,T023,1,147000.0,0.05,Tarjeta Débito,Tienda Física,Regreso A Clases,36
V002465,1,2025-01-01,C00668,P0008,T015,1,219000.0,0.0,Tarjeta Débito,Tienda Física,Temporada Regular,Xs
V002424,1,2025-12-29,C00226,P0014,T004,2,142000.0,0.0,Tarjeta Crédito,Tienda Física,Temporada Regular,28
V003177,1,2024-05-06,C00380,P0025,T041,2,142000.0,0.15,Tarjeta Crédito,Tienda Física,Día De La Madre,S
V002562,1,2025-05-24,C02779,P0003,T043,1,178000.0,0.3,Tarjeta Débito,Tienda Física,Regreso A Clases,36
V000256,2,2025-07-26,C01752,P0016,T015,1,144000.0,0.3,Tarjeta Débito,Tienda Física,Temporada Regular,38
V003328,2,2023-09-14,C02156,P0012,T004,1,106000.0,0.0,Tarjeta Crédito,Tienda Física,Temporada Regular,M
V000454,1,2025-09-24,C01741,P0010,T004,3,93000.0,0.0,Tarjeta Débito,Online,Día De La Madre,34
V002685,1,2025-01-03,C02576,P0023,T011,2,79000.0,0.0,Tarjeta Crédito,Tienda Física,Día Del Padre,L
V002537,2,2025-11-22,C02269,P0022,T021,2,203000.0,0.0,Tarjeta Débito,Tienda Física,Temporada De Diciembre,Xs
V001366,1,2025-09-24,C02719,P0024,T004,2,210000.0,0.05,Tarjeta Crédito,Tienda Física,Temporada Regular,L
V001956,1,2025-06-19,C01576,P0015,T004,2,179000.0,0.05,Tarjeta Débito,Online,Temporada Regular,34
V000521,1,2025-09-20,C00517,P0019,T004,1,72000.0,0.0,Efectivo,Tienda Física,Temporada Regular,L
V001022,1,2025-09-18,C00091,P0015,T027,3,180000.0,0.4,Efectivo,Tienda Física,Temporada Regular,28
V000897,1,2025-05-30,C02329,P0005,T040,2,110000.0,0.0,Tarjeta Débito,Tienda Física,Temporada Regular,L
V003146,1,2025-10-28,C01881,P0007,T040,1,60000.0,0.0,Tarjeta Débito,Online,Temporada Regular,L
V001349,1,2024-02-03,C00178,P0020,T010,1,80000.0,0.0,Tarjeta Débito,Tienda Física,Temporada Regular,Xs
V002387,2,2024-02-14,C01216,P0022,T042,1,201000.0,0.0,Tarjeta Débito,Tienda Física,Temporada Regular,Xs
V000141,1,2025-03-29,C00878,P0005,T004,1,109000.0,0.0,Transferencia,Tienda Física,Black Friday,M
V002892,1,2025-02-06,C01372,P0013,T006,2,56000.0,0.2,Efectivo,Tienda Física,Vacaciones,Xs
V001089,1,2024-06-11,C02792,P0026,T004,1,140000.0,0.2,Tarjeta Crédito,Tienda Física,Temporada De Diciembre,S
V000779,2,2023-06-13,C00457,P0023,T027,3,75000.0,0.1,Tarjeta Crédito,Tienda Física,Vacaciones,Xxl
V000436,2,2024-04-10,C02634,P0005,T037,4,115000.0,0.0,Tarjeta Crédito,Tienda Física,Regreso A Clases,M
V002102,1,2023-02-22,C02110,P0012,T016,2,111000.0,0.1,Tarjeta Crédito,Tienda Física,Regreso A Clases,L
V001637,1,2024-05-07,C00929,P0011,T034,1,130000.0,0.2,Tarjeta Débito,Tienda Física,Vacaciones,Xxl
V000101,1,2024-06-10,C02039,P0003,T016,1,184000.0,0.0,Tarjeta Débito,Tienda Física,Black Friday,28
V002228,3,2025-08-17,C00356,P0019,T013,2,73000.0,0.2,Efectivo,Tienda Física,Regreso A Clases,S
V002180,1,2025-01-07,C02728,P0020,T034,1,73000.0,0.0,Tarjeta Crédito,Tienda Física,Día Del Padre,Xl
V002871,2,2025-02-04,C01458,P0014,T003,2,144000.0,0.05,Tarjeta Débito,Tienda Física,Temporada Regular,36
V000423,2,2025-07-11,C01131,P0025,T002,1,143000.0,0.2,Efectivo,Online,Regreso A Clases,Xl
V001958,3,2024-06-10,C00977,P0005,T006,1,111000.0,0.0,Tarjeta Débito,Tienda Física,Regreso A Clases,M
V000764,1,2023-08-02,C01319,P0022,T004,1,209000.0,0.1,Efectivo,Tienda Física,Temporada Regular,Xl
V001716,1,2023-02-01,C01294,P0019,T011,2,73000.0,0.0,Efectivo,Tienda Física,Temporada Regular,Xl
V000826,2,2024-09-18,C02558,P0021,T004,2,121000.0,0.3,Efectivo,Tienda Física,Temporada Regular,Xs
V001990,1,2025-03-25,C01269,P0026,T040,1,131000.0,0.3,Tarjeta Crédito,Tienda Física,Temporada Regular,M
V000332,2,2024-02-13,C02328,P0020,T002,2,75000.0,0.0,Tarjeta Débito,Tienda Física,Temporada Regular,L
V002234,3,2025-03-13,C00733,P0012,T030,1,114000.0,0.0,Tarjeta Crédito,Tienda Física,Temporada Regular,M
V003011,1,2023-12-23,C02281,P0015,T005,1,168000.0,0.3,Tarjeta Crédito,Tienda Física,Black Friday,34
V000157,1,2023-01-15,C00288,P0001,T031,2,139000.0,0.2,Tarjeta Crédito,Tienda Física,Temporada Regular,40
V003493,3,2023-10-04,C02157,P0007,T002,2,60000.0,0.0,Tarjeta Crédito,Online,Regreso A Clases,Xl
V001954,1,2025-10-08,C02128,P0010,T041,1,93000.0,0.0,Transferencia,Tienda Física,Temporada Regular,34
V002639,2,2024-11-06,C01651,P0015,T004,1,177000.0,0.1,Tarjeta Crédito,Tienda Física,Temporada Regular,32
V003034,1,2024-03-01,C01758,P0012,T027,2,113000.0,0.0,Tarjeta Débito,Tienda Física,Temporada Regular,S
V000355,2,2024-02-17,C00267,P0009,T016,3,133000.0,0.0,Tarjeta Crédito,Online,Temporada De Diciembre,Xl
V001447,1,2025-10-16,C01657,P0010,T020,1,92000.0,0.3,Tarjeta Débito,Tienda Física,Temporada Regular,28
V000914,1,2024-07-01,C01744,P0023,T004,1,80000.0,0.0,Tarjeta Crédito,Tienda Física,Black Friday,Xl
V000923,1,2025-12-01,C00284,P0003,T024,3,171000.0,0.05,Tarjeta Débito,Tienda Física,Temporada Regular,34
V003542,3,2025-03-23,C00427,P0023,T014,2,80000.0,0.0,Tarjeta Crédito,Tienda Física,Temporada Regular,Xs
V003062,1,2024-12-19,C02398,P0024,T005,1,214000.0,0.1,Efectivo,Online,Temporada Regular,M
V000122,1,2024-11-08,C00696,P0018,T035,1,74000.0,0.0,Transferencia,Tienda Física,Temporada Regular,Xs
V002081,1,2023-07-01,C02466,P0007,T003,1,61000.0,0.0,Tarjeta Débito,Tienda Física,Temporada Regular,Xl
V002344,3,2023-05-03,C00565,P0011,T035,2,129000.0,0.0,Tarjeta Crédito,Tienda Física,Temporada Regular,Xs
V001156,2,2023-11-24,C01751,P0001,T019,1,139000.0,0.1,Tarjeta Crédito,Online,Temporada Regular,28
V003447,3,2023-04-15,C01032,P0023,T004,1,76000.0,0.0,Transferencia,Tienda Física,Temporada Regular,S
V002140,2,2025-10-13,C00731,P0013,T016,4,58000.0,0.15,Tarjeta Crédito,Tienda Física,Temporada Regular,S
V003114,1,2024-02-16,C01517,P0009,T022,1,129000.0,0.1,Tarjeta Crédito,Tienda Física,Temporada Regular,Xs
V000373,1,2024-09-18,C00630,P0017,T013,2,146000.0,0.0,Tarjeta Crédito,Tienda Física,Temporada Regular,S
V001503,2,2025-03-23,C00924,P0002,T036,1,148000.0,0.0,Tarjeta Débito,Tienda Física,Temporada Regular,S
V002350,1,2024-04-04,C01484,P0018,T043,1,77000.0,0.0,Tarjeta Crédito,Tienda Física,Regreso A Clases,Xxl
V000442,3,2024-05-03,C01515,P0012,T037,1,111000.0,0.15,Transferencia,Tienda Física,Temporada Regular,L
V000526,2,2025-09-20,C02426,P0006,T042,2,56000.0,0.0,Tarjeta Crédito,Online,Temporada Regular,L
V003500,1,2024-03-09,C02632,P0005,T024,4,113000.0,0.1,Tarjeta Débito,Online,Temporada Regular,Xxl
V000712,1,2025-04-01,C00999,P0003,T014,3,183000.0,0.05,Tarjeta Débito,Tienda Física,Temporada Regular,32
V002278,1,2025-07-01,C00335,P0019,T017,1,69000.0,0.15,Efectivo,Tienda Física,Temporada Regular,S
V002050,2,2023-10-30,C01309,P0004,T023,1,172000.0,0.3,Efectivo,Online,Black Friday,28
V001577,1,2023-10-06,C00449,P0021,T024,2,123000.0,0.0,Efectivo,Tienda Física,Black Friday,Xs
V003469,1,2024-05-25,C02633,P0021,T004,2,122000.0,0.0,Tarjeta Crédito,Online,Temporada Regular,L
V002012,2,2023-12-09,C01378,P0017,T003,1,151000.0,0.0,Tarjeta Crédito,Tienda Física,Temporada Regular,Xs
V001861,3,2025-11-16,C00161,P0008,T001,1,217000.0,0.05,Tarjeta Crédito,Tienda Física,Regreso A Clases,Xxl
V002235,1,2025-05-23,C02101,P0018,T003,1,79000.0,0.0,Efectivo,Tienda Física,Vacaciones,S
V000260,1,2023-06-01,C00093,P0015,T032,2,183000.0,0.0,Transferencia,Tienda Física,Temporada Regular,34
V002354,1,2024-08-12,C00896,P0009,T004,1,125000.0,0.05,Efectivo,Tienda Física,Temporada Regular,L
V002061,1,2023-11-14,C00516,P0025,T020,3,143000.0,0.0,Tarjeta Crédito,Online,Temporada De Diciembre,Xxl
V001491,3,2025-09-10,C02176,P0016,T013,1,134000.0,0.0,Tarjeta Crédito,Tienda Física,Temporada Regular,34
V000484,1,2023-03-07,C00387,P0001,T040,2,146000.0,0.4,Efectivo,Tienda Física,Black Friday,38
V000761,1,2023-03-12,C01292,P0001,T042,4,143000.0,0.3,Efectivo,Tienda Física,Día Del Padre,34
V001324,1,2023-04-18,C01476,P0018,T006,3,75000.0,0.05,Efectivo,Online,Temporada Regular,S
V003786,2,2025-09-21,C01185,P0022,T018,3,194000.0,0.0,Tarjeta Crédito,Tienda Física,Temporada Regular,Xs
V003326,3,2024-12-08,C01168,P0025,T004,2,139000.0,0.4,Transferencia,Tienda Física,Día Del Padre,S
V003615,1,2024-07-30,C01767,P0008,T016,1,213000.0,0.0,Efectivo,Tienda Física,Temporada Regular,L
V000487,1,2025-01-29,C00900,P0021,T040,3,127000.0,0.0,Transferencia,Tienda Física,Temporada De Diciembre,S
V002989,2,2025-10-18,C00682,P0005,T009,4,117000.0,0.2,Tarjeta Débito,Online,Temporada Regular,Xxl
V001560,3,2025-07-19,C00095,P0024,T012,4,217000.0,0.1,Efectivo,Tienda Física,Día De La Madre,M
V002471,2,2024-03-19,C00730,P0016,T018,1,137000.0,0.0,Tarjeta Crédito,Online,Temporada Regular,28
V001885,1,2025-11-03,C00608,P0002,T018,2,157000.0,0.05,Tarjeta Crédito,Online,Temporada Regular,M
V000905,2,2023-11-09,C00443,P0008,T035,4,216000.0,0.0,Tarjeta Crédito,Online,Temporada Regular,Xxl
V002687,2,2024-10-18,C00448,P0019,T004,1,73000.0,0.0,Tarjeta Débito,Tienda Física,Temporada Regular,S
V001557,3,2025-10-19,C01498,P0020,T018,1,78000.0,0.0,Tarjeta Crédito,Tienda Física,Temporada Regular,Xs
V002212,1,2024-04-27,C00090,P0015,T037,4,167000.0,0.0,Tarjeta Crédito,Online,Temporada Regular,30
V001198,1,2025-06-30,C02125,P0001,T025,3,150000.0,0.2,Efectivo,Tienda Física,Día Del Padre,32
V000733,2,2025-12-18,C01000,P0013,T036,1,56000.0,0.1,Efectivo,Tienda Física,Regreso A Clases,Xl
V002426,1,2024-09-04,C01895,P0012,T016,1,114000.0,0.1,Tarjeta Crédito,Tienda Física,Temporada Regular,Xxl
V000414,1,2023-07-23,C01553,P0017,T020,1,146000.0,0.0,Tarjeta Crédito,Online,Vacaciones,Xl
V002104,1,2024-12-15,C00508,P0025,T008,2,142000.0,0.0,Tarjeta Débito,Tienda Física,Regreso A Clases,M
V001049,3,2025-11-15,C00337,P0021,T014,1,127000.0,0.0,Tarjeta Débito,Tienda Física,Temporada Regular,M
V001829,1,2023-12-22,C00923,P0018,T032,4,74000.0,0.0,Tarjeta Débito,Tienda Física,Temporada Regular,L
V002371,2,2025-12-20,C01921,P0004,T004,2,164000.0,0.0,Tarjeta Crédito,Online,Black Friday,34
V002526,1,2025-01-23,C00804,P0022,T004,1,208000.0,0.0,Tarjeta Débito,Tienda Física,Vacaciones,L
V000325,1,2023-01-14,C01872,P0011,T040,2,137000.0,0.0,Tarjeta Crédito,Tienda Física,Regreso A Clases,L
V002006,2,2023-10-02,C00653,P0019,T001,2,75000.0,0.0,Tarjeta Débito,Tienda Física,Temporada Regular,L
V002646,1,2023-11-11,C00125,P0015,T028,1,175000.0,0.0,Transferencia,Tienda Física,Día De La Madre,40
V000794,1,2025-11-10,C00572,P0004,T004,2,173000.0,0.05,Tarjeta Débito,Tienda Física,Temporada Regular,30
V000247,2,2024-07-15,C00308,P0005,T038,1,118000.0,0.0,Tarjeta Débito,Tienda Física,Temporada Regular,Xxl
V002485,1,2025-12-09,C01457,P0012,T001,1,105000.0,0.0,Tarjeta Débito,Tienda Física,Temporada Regular,L
V003071,2,2024-12-23,C01319,P0021,T031,1,126000.0,0.0,Tarjeta Débito,Tienda Física,Temporada Regular,M
V000136,2,2025-06-08,C02403,P0025,T009,2,137000.0,0.0,Tarjeta Crédito,Tienda Física,Temporada Regular,Xxl
V003368,2,2024-12-21,C00222,P0006,T013,2,54000.0,0.0,Tarjeta Crédito,Tienda Física,Temporada Regular,M
V000899,1,2023-04-07,C00822,P0017,T029,3,151000.0,0.0,Efectivo,Tienda Física,Vacaciones,Xs
V001812,1,2023-12-23,C01663,P0007,T029,4,58000.0,0.0,Tarjeta Débito,Tienda Física,Black Friday,Xl
V002160,1,2025-04-12,C01190,P0023,T027,3,78000.0,0.0,Efectivo,Tienda Física,Temporada Regular,Xxl
V001131,1,2024-05-23,C00430,P0003,T023,1,172000.0,0.0,Tarjeta Crédito,Tienda Física,Temporada Regular,28
V002844,2,2024-10-22,C00405,P0025,T009,1,134000.0,0.0,Efectivo,Tienda Física,Vacaciones,Xl
V001058,1,2024-05-14,C00954,P0021,T009,1,127000.0,0.0,Tarjeta Débito,Tienda Física,Temporada Regular,L
V002760,1,2024-10-06,C01808,P0025,T041,2,134000.0,0.0,Tarjeta Crédito,Tienda Física,Temporada Regular,S
V003283,1,2024-09-22,C01845,P0018,T002,2,75000.0,0.0,Efectivo,Tienda Física,Temporada De Diciembre,Xxl
V001537,3,2024-06-19,C00883,P0024,T037,2,222000.0,0.0,Tarjeta Crédito,Tienda Física,Regreso A Clases,L
V000703,1,2025-08-30,C00619,P0026,T013,1,131000.0,0.15,Tarjeta Débito,Tienda Física,Regreso A Clases,Xl
V000108,1,2025-01-03,C01608,P0022,T026,3,196000.0,0.0,Tarjeta Débito,Tienda Física,Regreso A Clases,Xl
V002462,2,2024-07-10,C01442,P0026,T009,4,139000.0,0.0,Tarjeta Débito,Tienda Física,Temporada Regular,Xl
V002706,2,2023-02-22,C00253,P0014,T024,2,141000.0,0.0,Tarjeta Crédito,Online,Temporada Regular,32
V001993,1,2025-02-27,C02773,P0016,T037,2,146000.0,0.0,Tarjeta Crédito,Online,Temporada Regular,28
V000725,1,2025-04-05,C00151,P0024,T033,1,219000.0,0.0,Tarjeta Crédito,Tienda Física,Black Friday,Xl
V001115,1,2024-07-23,C00077,P0011,T004,2,138000.0,0.0,Efectivo,Tienda Física,Regreso A Clases,Xl
V000110,1,2025-04-21,C01752,P0012,T036,3,111000.0,0.3,Efectivo,Tienda Física,Regreso A Clases,L
V001277,2,2023-05-14,C00472,P0012,T009,1,110000.0,0.0,Tarjeta Crédito,Tienda Física,Temporada Regular,M
V000853,1,2023-09-18,C01910,P0006,T035,1,55000.0,0.0,Efectivo,Tienda Física,Temporada Regular,M
V002527,2,2025-07-20,C00121,P0019,T040,1,75000.0,0.15,Tarjeta Débito,Tienda Física,Temporada Regular,S
V001754,2,2024-10-09,C00762,P0012,T034,1,109000.0,0.0,Efectivo,Online,Temporada Regular,Xl
V003037,1,2024-06-12,C02626,P0008,T017,2,225000.0,0.0,Tarjeta Crédito,Tienda Física,Temporada Regular,Xs
V002413,3,2024-05-01,C00191,P0011,T013,1,132000.0,0.0,Efectivo,Tienda Física,Día Del Padre,M
V003539,1,2024-04-14,C00400,P0006,T033,2,56000.0,0.0,Tarjeta Crédito,Tienda Física,Temporada Regular,Xl
V001855,2,2024-07-02,C00556,P0021,T041,3,121000.0,0.3,Tarjeta Crédito,Tienda Física,Temporada Regular,M
V000868,3,2023-10-18,C02097,P0011,T042,1,132000.0,0.0,Efectivo,Tienda Física,Temporada Regular,S
V002583,2,2025-10-13,C01356,P0010,T004,2,93000.0,0.0,Tarjeta Débito,Tienda Física,Temporada Regular,30
V001016,1,2023-06-12,C01284,P0024,T043,1,224000.0,0.0,Tarjeta Débito,Online,Temporada Regular,Xs
V003711,1,2025-11-19,C02606,P0018,T024,4,77000.0,0.0,Tarjeta Débito,Tienda Física,Temporada Regular,M
V000372,1,2025-09-12,C02325,P0002,T010,3,158000.0,0.0,Efectivo,Online,Temporada Regular,S
V000220,1,2025-03-04,C00426,P0007,T036,2,63000.0,0.0,Transferencia,Tienda Física,Black Friday,Xs
V001495,1,2024-03-26,C01779,P0001,T025,2,140000.0,0.0,Tarjeta Débito,Tienda Física,Temporada Regular,38
V000026,1,2024-09-17,C01245,P0006,T014,1,54000.0,0.0,Efectivo,Tienda Física,Temporada Regular,Xxl
V000276,1,2024-01-08,C02787,P0013,T009,1,58000.0,0.05,Transferencia,Tienda Física,Temporada Regular,Xxl
V002194,1,2023-09-05,C01749,P0004,T004,3,174000.0,0.0,Tarjeta Débito,Online,Vacaciones,34
V002111,1,2023-01-01,C00348,P0012,T040,2,115000.0,0.0,Efectivo,Tienda Física,Regreso A Clases,Xl
V001774,2,2023-07-11,C02415,P0015,T012,2,173000.0,0.0,Efectivo,Tienda Física,Temporada Regular,40
V003245,2,2025-04-23,C02637,P0024,T017,1,215000.0,0.0,Efectivo,Tienda Física,Temporada Regular,Xl
V001283,3,2025-06-21,C00281,P0019,T010,3,69000.0,0.0,Tarjeta Crédito,Tienda Física,Día De La Madre,M
V003231,1,2023-06-27,C01178,P0007,T018,1,60000.0,0.0,Transferencia,Tienda Física,Temporada Regular,Xxl
V002506,3,2024-11-07,C00819,P0014,T007,3,142000.0,0.0,Transferencia,Tienda Física,Temporada Regular,32
V003380,3,2023-06-20,C01098,P0003,T004,2,177000.0,0.0,Tarjeta Débito,Online,Temporada De Diciembre,40
V001633,2,2025-10-11,C00492,P0024,T018,1,222000.0,0.0,Tarjeta Crédito,Tienda Física,Temporada Regular,Xxl
V000873,1,2023-08-12,C02236,P0024,T014,3,220000.0,0.0,Tarjeta Crédito,Tienda Física,Temporada Regular,S
V003504,1,2025-03-24,C02557,P0021,T024,1,125000.0,0.0,Efectivo,Tienda Física,Temporada Regular,L
V001743,2,2023-09-14,C00939,P0019,T023,2,75000.0,0.4,Tarjeta Crédito,Tienda Física,Vacaciones,Xs
V001201,1,2024-03-08,C00809,P0017,T025,1,152000.0,0.15,Tarjeta Crédito,Tienda Física,Temporada Regular,M
V002691,1,2024-06-07,C00303,P0007,T001,1,60000.0,0.0,Tarjeta Débito,Tienda Física,Temporada Regular,Xxl
V001625,1,2023-08-30,C01662,P0025,T027,1,134000.0,0.0,Tarjeta Débito,Online,Temporada Regular,L
V000255,2,2023-06-27,C01104,P0009,T011,3,126000.0,0.0,Transferencia,Tienda Física,Temporada Regular,Xs
V000254,1,2024-05-04,C02173,P0003,T042,2,184000.0,0.2,Efectivo,Online,Temporada Regular,34
V002478,1,2023-05-03,C00375,P0016,T037,4,132000.0,0.0,Transferencia,Tienda Física,Temporada Regular,40
V003590,2,2024-10-08,C00263,P0006,T039,1,56000.0,0.0,Tarjeta Crédito,Tienda Física,Día Del Padre,Xl
V001307,1,2025-07-18,C02353,P0017,T029,1,146000.0,0.3,Tarjeta Crédito,Online,Temporada Regular,M
V003351,2,2025-11-03,C02351,P0011,T025,1,130000.0,0.0,Tarjeta Crédito,Tienda Física,Temporada De Diciembre,Xl
V002645,2,2024-02-26,C00309,P0014,T013,1,134000.0,0.0,Tarjeta Crédito,Online,Temporada Regular,32
V000038,2,2023-11-15,C02020,P0016,T037,4,142000.0,0.0,Tarjeta Débito,Tienda Física,Temporada Regular,40
V001969,1,2025-07-13,C02412,P0010,T012,3,100000.0,0.4,Tarjeta Débito,Tienda Física,Temporada Regular,30
V003428,1,2023-04-22,C02361,P0008,T004,2,225000.0,0.1,Transferencia,Tienda Física,Temporada Regular,M
V002691,2,2024-06-07,C00303,P0023,T001,2,74000.0,0.0,Tarjeta Débito,Tienda Física,Temporada Regular,Xl
V000887,1,2024-07-02,C01149,P0023,T005,4,75000.0,0.3,Tarjeta Débito,Tienda Física,Vacaciones,Xl
V001292,1,2025-07-16,C02143,P0013,T026,1,58000.0,0.4,Tarjeta Crédito,Tienda Física,Temporada Regular,M
V002737,1,2025-09-27,C00154,P0010,T014,1,98000.0,0.0,Efectivo,Tienda Física,Temporada Regular,36
V001730,3,2025-05-15,C00867,P0020,T004,3,78000.0,0.3,Transferencia,Online,Temporada Regular,L
V001933,2,2023-01-21,C02627,P0021,T001,1,117000.0,0.0,Efectivo,Tienda Física,Temporada Regular,S
V001521,1,2025-02-10,C00662,P0022,T034,3,209000.0,0.05,Tarjeta Débito,Tienda Física,Vacaciones,Xl
V002477,1,2024-12-21,C02723,P0012,T004,1,106000.0,0.05,Tarjeta Crédito,Online,Black Friday,M
V001030,3,2023-09-21,C00291,P0006,T022,1,57000.0,0.1,Efectivo,Tienda Física,Temporada Regular,M
V001988,1,2024-10-12,C00296,P0005,T027,1,118000.0,0.05,Tarjeta Débito,Tienda Física,Temporada Regular,S
V001621,1,2023-04-29,C01253,P0020,T009,3,78000.0,0.2,Efectivo,Tienda Física,Temporada Regular,Xs
V002107,1,2024-10-05,C00278,P0024,T020,2,220000.0,0.3,Tarjeta Crédito,Tienda Física,Temporada Regular,Xs
V002814,1,2024-01-15,C00990,P0003,T038,2,178000.0,0.0,Tarjeta Crédito,Tienda Física,Temporada Regular,36
V000898,1,2024-02-03,C01222,P0019,T037,2,73000.0,0.0,Tarjeta Crédito,Tienda Física,Temporada Regular,Xs
V001221,1,2024-12-14,C02446,P0013,T022,1,56000.0,0.0,Tarjeta Crédito,Tienda Física,Regreso A Clases,M
V001091,2,2024-08-30,C02663,P0017,T018,1,145000.0,0.2,Tarjeta Débito,Tienda Física,Temporada Regular,Xl
V001849,1,2024-07-04,C01492,P0014,T016,1,135000.0,0.3,Transferencia,Tienda Física,Temporada Regular,32
V001209,1,2025-07-10,C00021,P0018,T042,2,72000.0,0.1,Tarjeta Débito,Tienda Física,Temporada Regular,S
V002899,1,2023-06-04,C00703,P0024,T041,4,223000.0,0.0,Transferencia,Tienda Física,Temporada Regular,Xxl
V002157,1,2025-06-12,C01820,P0005,T004,2,114000.0,0.05,Tarjeta Crédito,Tienda Física,Temporada De Diciembre,Xxl
V001052,1,2023-03-02,C00637,P0026,T001,1,139000.0,0.0,Tarjeta Débito,Tienda Física,Vacaciones,Xxl
V001525,1,2024-03-12,C01164,P0019,T039,2,71000.0,0.0,Tarjeta Débito,Tienda Física,Temporada Regular,L
V001487,1,2023-02-06,C02685,P0007,T016,1,60000.0,0.0,Transferencia,Tienda Física,Regreso A Clases,Xs
V000813,1,2024-05-16,C00089,P0019,T016,1,71000.0,0.0,Efectivo,Online,Temporada De Diciembre,Xxl
V001281,1,2023-06-27,C01778,P0025,T018,1,138000.0,0.2,Efectivo,Tienda Física,Regreso A Clases,Xxl
V000185,1,2023-02-19,C02234,P0008,T037,2,213000.0,0.15,Tarjeta Débito,Tienda Física,Temporada Regular,S
V002263,2,2023-01-05,C00714,P0016,T005,1,145000.0,0.0,Tarjeta Débito,Online,Día Del Padre,32
V000940,1,2024-08-22,C02348,P0014,T040,1,132000.0,0.15,Tarjeta Débito,Online,Temporada Regular,28
V002221,2,2024-03-28,C00208,P0026,T026,1,139000.0,0.15,Tarjeta Crédito,Tienda Física,Temporada Regular,Xl
V001385,1,2025-05-18,C02069,P0017,T040,2,143000.0,0.0,Efectivo,Tienda Física,Temporada Regular,S
V002969,1,2023-05-31,C02131,P0011,T004,4,138000.0,0.0,Tarjeta Crédito,Tienda Física,Día De La Madre,Xl
V002030,1,2025-08-15,C00565,P0007,T038,1,60000.0,0.0,Efectivo,Tienda Física,Regreso A Clases,Xl
V002913,2,2025-04-19,C02673,P0024,T010,4,212000.0,0.05,Efectivo,Tienda Física,Día Del Padre,Xl
V003659,1,2024-12-26,C00221,P0010,T041,4,99000.0,0.0,Tarjeta Crédito,Online,Temporada Regular,38
V001357,3,2024-05-30,C02320,P0019,T043,1,70000.0,0.1,Tarjeta Crédito,Tienda Física,Temporada Regular,M
V001093,2,2025-02-27,C01224,P0012,T002,1,111000.0,0.0,Tarjeta Débito,Online,Regreso A Clases,Xl
V000468,2,2025-03-29,C02296,P0011,T022,2,132000.0,0.0,Tarjeta Crédito,Tienda Física,Temporada Regular,Xxl
V002466,2,2023-06-03,C01087,P0024,T043,3,221000.0,0.15,Tarjeta Crédito,Tienda Física,Temporada De Diciembre,Xl
V001275,1,2023-06-27,C01113,P0015,T019,1,172000.0,0.05,Efectivo,Tienda Física,Temporada Regular,40
V002507,2,2023-01-07,C01721,P0015,T015,4,171000.0,0.0,Transferencia,Tienda Física,Temporada Regular,36
V001790,1,2023-07-24,C00351,P0003,T004,1,177000.0,0.05,Tarjeta Crédito,Tienda Física,Black Friday,30
V001509,1,2025-07-20,C02192,P0019,T017,3,70000.0,0.0,Tarjeta Crédito,Tienda Física,Temporada De Diciembre,Xxl
V000698,1,2023-04-21,C01727,P0019,T003,1,71000.0,0.05,Tarjeta Crédito,Tienda Física,Temporada Regular,Xl
V001043,1,2024-02-26,C01233,P0006,T022,3,58000.0,0.0,Tarjeta Crédito,Tienda Física,Vacaciones,Xxl
V003703,2,2025-11-02,C00543,P0023,T003,1,76000.0,0.0,Efectivo,Tienda Física,Black Friday,Xxl
V002335,1,2024-06-25,C01054,P0026,T043,1,139000.0,0.0,Efectivo,Tienda Física,Temporada Regular,S
V000827,2,2023-05-30,C01793,P0011,T009,4,130000.0,0.0,Tarjeta Crédito,Tienda Física,Temporada Regular,Xs
V002556,1,2024-11-26,C00830,P0011,T034,1,131000.0,0.0,Efectivo,Online,Temporada Regular,Xxl
V003773,1,2024-12-22,C01783,P0026,T029,2,139000.0,0.05,Transferencia,Online,Temporada Regular,S
V000486,1,2023-07-18,C00364,P0001,T038,4,137000.0,0.0,Tarjeta Débito,Tienda Física,Temporada Regular,32
V001427,1,2023-09-17,C02151,P0023,T021,1,78000.0,0.0,Efectivo,Tienda Física,Temporada Regular,Xxl
V002916,2,2023-08-28,C01572,P0013,T023,1,58000.0,0.0,Tarjeta Crédito,Online,Temporada Regular,Xxl
V002033,2,2023-08-31,C00520,P0013,T020,1,58000.0,0.0,Tarjeta Crédito,Tienda Física,Temporada Regular,Xs
V000996,3,2024-02-17,C02186,P0006,T028,2,56000.0,0.1,Tarjeta Crédito,Online,Vacaciones,L
V001128,3,2024-06-19,C02467,P0013,T004,2,58000.0,0.0,Tarjeta Crédito,Tienda Física,Temporada De Diciembre,Xs
V003501,1,2024-02-13,C02045,P0003,T007,1,179000.0,0.1,Transferencia,Tienda Física,Black Friday,32
V002604,1,2024-06-01,C01873,P0026,T011,3,131000.0,0.1,Tarjeta Crédito,Tienda Física,Temporada Regular,L
V003487,1,2024-12-19,C02715,P0007,T043,1,60000.0,0.15,Tarjeta Crédito,Tienda Física,Temporada Regular,L
V002083,3,2025-04-22,C00462,P0021,T012,1,116000.0,0.0,Efectivo,Tienda Física,Temporada De Diciembre,Xl
V000132,2,2023-08-29,C00915,P0008,T016,1,226000.0,0.2,Tarjeta Débito,Tienda Física,Día De La Madre,M
V003316,1,2023-08-03,C01007,P0019,T027,2,70000.0,0.05,Tarjeta Débito,Tienda Física,Temporada Regular,L
V001526,3,2025-12-26,C00782,P0008,T009,1,217000.0,0.0,Tarjeta Débito,Tienda Física,Temporada Regular,L
V003718,2,2024-03-11,C00541,P0015,T014,1,183000.0,0.0,Tarjeta Crédito,Tienda Física,Temporada Regular,38
V002677,1,2025-02-08,C02357,P0007,T022,4,58000.0,0.0,Tarjeta Débito,Tienda Física,Temporada Regular,Xl
V002530,2,2024-06-10,C00340,P0017,T017,4,152000.0,0.0,Tarjeta Débito,Tienda Física,Regreso A Clases,Xxl
V001696,1,2023-08-11,C02032,P0004,T003,1,173000.0,0.05,Tarjeta Débito,Tienda Física,Vacaciones,40
V001984,2,2025-06-05,C01546,P0020,T004,1,79000.0,0.15,Tarjeta Débito,Tienda Física,Temporada Regular,Xl
V000844,2,2024-12-03,C00345,P0003,T027,1,175000.0,0.0,Efectivo,Tienda Física,Temporada Regular,38
V003458,2,2025-04-17,C00309,P0008,T034,2,223000.0,0.1,Tarjeta Crédito,Tienda Física,Temporada Regular,M
V002754,1,2025-02-19,C02140,P0024,T026,1,208000.0,0.0,Efectivo,Tienda Física,Temporada De Diciembre,Xl
V001888,2,2025-08-25,C02526,P0026,T009,2,140000.0,0.0,Tarjeta Crédito,Tienda Física,Día De La Madre,L
V003318,2,2025-07-01,C02799,P0015,T017,1,180000.0,0.4,Efectivo,Tienda Física,Temporada De Diciembre,36
V001614,1,2023-09-01,C02426,P0016,T039,4,139000.0,0.0,Efectivo,Tienda Física,Temporada Regular,40
V003228,3,2023-11-08,C01441,P0024,T032,4,210000.0,0.0,Efectivo,Tienda Física,Regreso A Clases,S
V000284,2,2025-11-18,C01158,P0018,T004,4,74000.0,0.0,Tarjeta Crédito,Tienda Física,Temporada Regular,L
V002672,1,2024-01-15,C02583,P0023,T004,2,75000.0,0.05,Transferencia,Tienda Física,Black Friday,Xl
V001080,2,2025-06-17,C01551,P0017,T032,2,153000.0,0.3,Tarjeta Crédito,Tienda Física,Temporada Regular,Xl
V000051,1,2024-01-04,C02098,P0021,T037,4,119000.0,0.0,Tarjeta Débito,Tienda Física,Temporada Regular,Xxl
V003650,2,2025-06-20,C01286,P0005,T009,2,112000.0,0.1,Tarjeta Crédito,Online,Temporada Regular,M
V002257,1,2024-04-12,C01681,P0011,T010,4,136000.0,0.0,Efectivo,Tienda Física,Black Friday,Xl
V000261,2,2023-01-06,C02777,P0023,T004,1,80000.0,0.0,Tarjeta Crédito,Tienda Física,Temporada Regular,S
V000326,3,2023-01-18,C02000,P0003,T023,4,187000.0,0.05,Tarjeta Crédito,Online,Día De La Madre,32
V000155,2,2025-09-20,C02439,P0008,T002,1,218000.0,0.0,Tarjeta Crédito,Tienda Física,Temporada De Diciembre,Xl
V000762,2,2023-12-02,C01736,P0011,T030,1,136000.0,0.2,Tarjeta Débito,Online,Black Friday,M
V003327,2,2025-01-22,C01142,P0019,T005,1,72000.0,0.0,Tarjeta Débito,Tienda Física,Regreso A Clases,Xxl
V002190,2,2024-09-28,C00064,P0015,T004,1,182000.0,0.3,Tarjeta Débito,Tienda Física,Temporada Regular,40
V002712,1,2025-11-04,C01531,P0026,T006,4,137000.0,0.0,Tarjeta Débito,Tienda Física,Regreso A Clases,Xs
V001726,2,2025-05-13,C00533,P0026,T034,2,136000.0,0.0,Efectivo,Tienda Física,Temporada Regular,M
V001583,2,2025-10-06,C02617,P0003,T028,4,177000.0,0.0,Tarjeta Débito,Tienda Física,Temporada Regular,32
V001544,1,2025-07-19,C00110,P0023,T030,3,77000.0,0.0,Tarjeta Débito,Online,Temporada Regular,S
V003493,1,2023-10-04,C02157,P0026,T002,2,138000.0,0.2,Tarjeta Crédito,Online,Regreso A Clases,Xl
V002402,1,2025-03-11,C00141,P0013,T027,1,54000.0,0.1,Tarjeta Crédito,Tienda Física,Día Del Padre,M
V003747,1,2024-03-19,C02593,P0008,T002,1,227000.0,0.1,Transferencia,Tienda Física,Regreso A Clases,L
V000138,1,2025-03-06,C00899,P0019,T005,1,73000.0,0.2,Tarjeta Débito,Tienda Física,Vacaciones,Xl
V000866,1,2024-06-14,C01609,P0010,T024,3,100000.0,0.0,Efectivo,Online,Temporada De Diciembre,28
V002476,1,2024-10-15,C01304,P0013,T034,1,57000.0,0.0,Tarjeta Crédito,Tienda Física,Black Friday,M
V000074,2,2025-05-16,C00696,P0004,T010,1,179000.0,0.2,Tarjeta Débito,Tienda Física,Día De La Madre,34
V001378,2,2024-08-07,C02374,P0006,T037,2,59000.0,0.0,Tarjeta Débito,Tienda Física,Temporada Regular,Xl
V001013,1,2024-05-04,C00550,P0019,T004,1,71000.0,0.0,Tarjeta Débito,Tienda Física,Vacaciones,Xs
V001586,1,2025-09-20,C02101,P0022,T040,4,199000.0,0.0,Tarjeta Crédito,Online,Vacaciones,S
V002617,2,2024-02-21,C01011,P0007,T037,1,61000.0,0.1,Efectivo,Tienda Física,Día De La Madre,Xxl
V002963,1,2025-11-07,C00622,P0008,T003,3,207000.0,0.3,Tarjeta Crédito,Online,Vacaciones,L
V001253,3,2025-01-27,C01204,P0017,T030,1,140000.0,0.0,Tarjeta Débito,Online,Temporada De Diciembre,Xl
V000273,1,2024-11-24,C01833,P0001,T029,1,136000.0,0.2,Transferencia,Tienda Física,Temporada Regular,30
V002883,1,2025-11-23,C00213,P0024,T029,2,225000.0,0.0,Tarjeta Crédito,Online,Vacaciones,M
V002686,2,2024-01-10,C00577,P0002,T008,1,152000.0,0.0,Transferencia,Tienda Física,Vacaciones,M
V002090,1,2023-06-18,C00299,P0024,T013,1,216000.0,0.15,Tarjeta Débito,Online,Temporada Regular,S
V003592,1,2025-05-01,C02770,P0008,T029,1,214000.0,0.0,Tarjeta Crédito,Tienda Física,Temporada De Diciembre,Xl
V001895,1,2024-07-06,C02076,P0009,T009,1,133000.0,0.0,Tarjeta Débito,Tienda Física,Temporada Regular,M
V003028,1,2023-08-24,C01316,P0015,T034,2,174000.0,0.3,Efectivo,Tienda Física,Temporada Regular,40
V000086,2,2023-10-08,C02434,P0001,T004,1,148000.0,0.0,Tarjeta Crédito,Tienda Física,Temporada Regular,36
V003388,1,2023-11-24,C01100,P0002,T009,4,149000.0,0.0,Tarjeta Crédito,Tienda Física,Black Friday,S
V001097,1,2025-10-17,C02754,P0020,T004,1,80000.0,0.0,Efectivo,Tienda Física,Temporada Regular,L
V000253,2,2023-02-27,C00324,P0004,T004,2,172000.0,0.0,Tarjeta Débito,Tienda Física,Temporada De Diciembre,30
V003579,1,2023-08-02,C02345,P0021,T037,1,123000.0,0.0,Tarjeta Crédito,Tienda Física,Temporada Regular,S
V002763,2,2025-04-02,C02003,P0020,T039,1,73000.0,0.3,Efectivo,Tienda Física,Temporada De Diciembre,L
V001727,3,2025-06-16,C02313,P0023,T005,4,78000.0,0.0,Tarjeta Débito,Tienda Física,Día De La Madre,L
V001499,1,2025-05-29,C00667,P0025,T043,1,139000.0,0.4,Tarjeta Débito,Online,Temporada Regular,S
V000938,2,2025-01-09,C00832,P0014,T031,1,138000.0,0.1,Efectivo,Tienda Física,Temporada De Diciembre,40
V000942,1,2023-03-16,C02342,P0008,T004,4,212000.0,0.0,Tarjeta Débito,Tienda Física,Temporada Regular,L
V003721,1,2024-03-02,C01391,P0022,T007,2,207000.0,0.0,Tarjeta Crédito,Tienda Física,Temporada Regular,S
V002562,2,2025-05-24,C02779,P0024,T043,1,216000.0,0.1,Tarjeta Débito,Tienda Física,Regreso A Clases,Xl
V001197,1,2024-02-25,C02600,P0001,T017,2,136000.0,0.0,Tarjeta Débito,Tienda Física,Temporada Regular,34
V003702,2,2023-07-19,C00722,P0006,T027,2,56000.0,0.05,Transferencia,Tienda Física,Temporada Regular,S
V000489,1,2024-10-18,C02291,P0004,T030,1,165000.0,0.0,Transferencia,Tienda Física,Vacaciones,28
V002775,1,2024-11-10,C02347,P0004,T006,2,179000.0,0.0,Tarjeta Débito,Tienda Física,Temporada Regular,34
V002010,1,2024-12-20,C00482,P0002,T032,2,158000.0,0.0,Tarjeta Crédito,Tienda Física,Temporada Regular,Xxl
V001430,1,2025-03-20,C01438,P0025,T033,2,137000.0,0.0,Efectivo,Tienda Física,Temporada De Diciembre,Xs
V002915,2,2025-04-17,C00969,P0003,T001,3,184000.0,0.1,Efectivo,Tienda Física,Temporada Regular,28
V000167,1,2024-07-19,C01372,P0019,T009,4,72000.0,0.0,Tarjeta Débito,Tienda Física,Vacaciones,M
V000499,2,2024-02-08,C01507,P0010,T035,2,97000.0,0.0,Tarjeta Débito,Tienda Física,Temporada Regular,28
V000367,1,2023-06-28,C01664,P0002,T004,1,157000.0,0.0,Efectivo,Tienda Física,Día Del Padre,Xl
V003308,1,2024-10-27,C02457,P0022,T030,3,198000.0,0.1,Tarjeta Crédito,Tienda Física,Temporada Regular,Xxl
V003029,2,2023-10-22,C02123,P0015,T004,1,170000.0,0.15,Tarjeta Débito,Tienda Física,Temporada Regular,36
V003337,3,2025-10-28,C01721,P0017,T008,1,153000.0,0.0,Tarjeta Crédito,Tienda Física,Black Friday,Xxl
V001543,1,2024-12-05,C01499,P0010,T003,1,97000.0,0.05,Tarjeta Crédito,Tienda Física,Día De La Madre,34
V001773,2,2025-05-04,C02588,P0011,T030,3,127000.0,0.0,Efectivo,Tienda Física,Temporada Regular,Xxl
V000348,3,2023-01-09,C01063,P0012,T043,1,108000.0,0.0,Tarjeta Crédito,Tienda Física,Temporada De Diciembre,Xl
V001665,2,2024-07-10,C00067,P0016,T030,3,137000.0,0.0,Tarjeta Débito,Tienda Física,Día Del Padre,38
V002157,2,2025-06-12,C01820,P0025,T004,3,147000.0,0.2,Tarjeta Crédito,Tienda Física,Temporada De Diciembre,S
V003580,1,2024-02-21,C00972,P0009,T032,2,130000.0,0.0,Efectivo,Tienda Física,Temporada De Diciembre,Xxl
V000088,3,2024-05-06,C01186,P0007,T032,1,58000.0,0.05,Tarjeta Débito,Tienda Física,Temporada De Diciembre,M
V002624,1,2023-06-23,C01056,P0009,T002,4,128000.0,0.1,Tarjeta Crédito,Tienda Física,Black Friday,Xl
V000666,1,2025-03-18,C01186,P0014,T027,3,144000.0,0.05,Tarjeta Crédito,Tienda Física,Regreso A Clases,32
V002409,3,2025-04-29,C02597,P0013,T017,1,56000.0,0.4,Tarjeta Crédito,Tienda Física,Temporada De Diciembre,S
V001174,1,2024-09-14,C00114,P0022,T007,2,193000.0,0.0,Tarjeta Crédito,Tienda Física,Vacaciones,S
V001453,1,2024-03-04,C02156,P0014,T019,2,135000.0,0.0,Efectivo,Online,Temporada De Diciembre,30
V003632,2,2024-10-16,C01833,P0002,T037,1,163000.0,0.3,Efectivo,Tienda Física,Día Del Padre,Xs
V003676,1,2023-05-14,C00551,P0026,T040,3,130000.0,0.05,Efectivo,Tienda Física,Temporada De Diciembre,Xs
V001825,1,2024-11-05,C02142,P0023,T022,2,79000.0,0.0,Efectivo,Tienda Física,Temporada Regular,Xl
V000791,1,2024-03-27,C01755,P0017,T009,1,145000.0,0.3,Tarjeta Débito,Online,Vacaciones,M
V000715,1,2025-08-01,C01878,P0005,T035,1,117000.0,0.1,Efectivo,Tienda Física,Vacaciones,Xs
V000616,1,2023-09-03,C01642,P0003,T021,4,186000.0,0.1,Tarjeta Crédito,Tienda Física,Black Friday,32
V002830,1,2023-05-03,C00072,P0024,T024,1,207000.0,0.2,Tarjeta Crédito,Tienda Física,Temporada Regular,Xs
V001034,1,2025-09-30,C01636,P0009,T039,1,131000.0,0.0,Tarjeta Crédito,Tienda Física,Temporada De Diciembre,Xl
V002298,2,2023-09-25,C02794,P0001,T032,1,148000.0,0.15,Tarjeta Crédito,Tienda Física,Día Del Padre,36
V002539,1,2025-11-17,C02669,P0004,T001,2,168000.0,0.05,Efectivo,Tienda Física,Temporada De Diciembre,38
V001088,1,2023-09-23,C02652,P0022,T034,3,191000.0,0.1,Tarjeta Débito,Tienda Física,Temporada De Diciembre,Xs
V002965,2,2023-07-18,C02196,P0012,T007,1,109000.0,0.0,Efectivo,Online,Temporada Regular,M
V002078,1,2023-02-13,C01281,P0020,T035,2,76000.0,0.0,Tarjeta Crédito,Tienda Física,Temporada Regular,S
V002909,1,2023-10-14,C01654,P0010,T005,1,92000.0,0.0,Tarjeta Crédito,Tienda Física,Temporada Regular,36
V000329,1,2023-01-25,C02193,P0003,T041,2,175000.0,0.0,Tarjeta Débito,Tienda Física,Temporada Regular,30
V001701,2,2023-11-21,C00025,P0006,T003,2,53000.0,0.0,Efectivo,Tienda Física,Temporada Regular,M
V002995,1,2023-06-14,C00033,P0014,T010,2,138000.0,0.0,Tarjeta Débito,Tienda Física,Temporada Regular,40
V002421,2,2024-01-06,C01763,P0009,T005,3,129000.0,0.0,Tarjeta Crédito,Tienda Física,Temporada Regular,Xs
V001897,3,2024-10-23,C00186,P0021,T020,2,116000.0,0.1,Tarjeta Crédito,Tienda Física,Black Friday,Xxl
V002303,1,2023-12-24,C02245,P0026,T001,1,138000.0,0.0,Tarjeta Crédito,Tienda Física,Día De La Madre,M
V000092,1,2024-01-08,C02081,P0016,T037,3,138000.0,0.0,Tarjeta Débito,Tienda Física,Temporada De Diciembre,36
V000495,1,2025-06-25,C01864,P0026,T037,4,131000.0,0.1,Tarjeta Crédito,Tienda Física,Temporada Regular,L
V002520,2,2023-09-02,C02255,P0026,T004,2,134000.0,0.0,Efectivo,Tienda Física,Vacaciones,Xxl
V002176,2,2024-07-11,C00218,P0025,T026,4,134000.0,0.15,Tarjeta Débito,Tienda Física,Temporada Regular,Xxl
V000056,1,2024-12-27,C00489,P0013,T010,1,56000.0,0.0,Efectivo,Tienda Física,Temporada Regular,S
V003481,2,2025-12-22,C01789,P0011,T009,1,129000.0,0.0,Efectivo,Tienda Física,Temporada Regular,Xl
V001358,1,2023-01-16,C00472,P0025,T027,1,136000.0,0.1,Efectivo,Tienda Física,Temporada Regular,S
V003603,1,2025-09-10,C00354,P0018,T017,2,73000.0,0.3,Tarjeta Crédito,Tienda Física,Temporada De Diciembre,L
V002996,2,2025-07-14,C02711,P0013,T004,2,56000.0,0.0,Tarjeta Débito,Tienda Física,Temporada De Diciembre,S
V000224,1,2023-04-03,C00475,P0006,T002,1,55000.0,0.0,Tarjeta Crédito,Online,Temporada Regular,L
V001583,3,2025-10-06,C02617,P0016,T028,2,136000.0,0.15,Tarjeta Débito,Tienda Física,Temporada Regular,40
V001507,1,2025-09-06,C02180,P0026,T033,2,132000.0,0.05,Tarjeta Débito,Tienda Física,Temporada Regular,Xxl
V000003,3,2025-08-02,C01596,P0014,T037,3,139000.0,0.3,Tarjeta Débito,Tienda Física,Temporada De Diciembre,34
V003583,2,2023-01-06,C01772,P0019,T011,1,73000.0,0.0,Transferencia,Tienda Física,Temporada Regular,S
V000491,1,2024-04-14,C00896,P0004,T014,1,171000.0,0.0,Efectivo,Tienda Física,Temporada De Diciembre,38
V000277,2,2025-03-02,C00825,P0007,T004,1,60000.0,0.0,Tarjeta Crédito,Tienda Física,Temporada Regular,Xl
V000987,2,2025-05-17,C00188,P0026,T034,4,134000.0,0.0,Transferencia,Tienda Física,Regreso A Clases,S
V002736,1,2023-01-05,C02188,P0024,T038,2,219000.0,0.0,Tarjeta Crédito,Tienda Física,Temporada Regular,L
V000929,1,2025-11-07,C00058,P0008,T025,2,214000.0,0.0,Tarjeta Crédito,Tienda Física,Día De La Madre,Xxl
V002501,1,2025-10-05,C01375,P0016,T003,4,139000.0,0.0,Efectivo,Online,Temporada Regular,32
V003702,1,2023-07-19,C00722,P0010,T027,1,94000.0,0.05,Transferencia,Tienda Física,Temporada Regular,28
V001703,1,2025-04-08,C00920,P0023,T009,2,77000.0,0.0,Transferencia,Tienda Física,Día Del Padre,S
V002281,1,2024-03-11,C01119,P0024,T010,2,221000.0,0.0,Efectivo,Tienda Física,Temporada Regular,L
V003419,2,2025-06-26,C01421,P0007,T043,1,61000.0,0.0,Transferencia,Tienda Física,Temporada Regular,Xl
V002118,1,2023-04-18,C00493,P0013,T012,1,60000.0,0.0,Tarjeta Crédito,Tienda Física,Temporada Regular,Xl
V002841,2,2025-01-19,C00625,P0024,T005,1,209000.0,0.0,Tarjeta Crédito,Tienda Física,Temporada Regular,M
V003086,1,2023-03-19,C01384,P0019,T017,1,72000.0,0.0,Efectivo,Tienda Física,Temporada Regular,S
V002667,1,2023-10-28,C00033,P0023,T003,1,78000.0,0.1,Tarjeta Crédito,Online,Regreso A Clases,M
V002430,1,2025-11-09,C01357,P0024,T029,1,222000.0,0.05,Tarjeta Débito,Online,Temporada Regular,M
V003563,1,2024-09-01,C01638,P0001,T027,2,136000.0,0.1,Tarjeta Débito,Tienda Física,Temporada De Diciembre,40
V000549,2,2023-12-14,C00932,P0023,T003,1,76000.0,0.0,Transferencia,Tienda Física,Temporada Regular,S
V001477,1,2025-09-02,C02351,P0023,T004,3,81000.0,0.0,Efectivo,Tienda Física,Temporada Regular,S
V000286,1,2023-10-06,C02191,P0017,T004,3,152000.0,0.0,Tarjeta Débito,Tienda Física,Vacaciones,S
V003749,2,2024-10-19,C01395,P0019,T005,4,74000.0,0.1,Tarjeta Crédito,Tienda Física,Temporada De Diciembre,M
V001936,1,2025-08-20,C00573,P0021,T043,1,121000.0,0.0,Efectivo,Tienda Física,Regreso A Clases,Xs
V001387,1,2023-10-28,C02225,P0015,T004,2,172000.0,0.05,Tarjeta Débito,Tienda Física,Temporada De Diciembre,34
V002981,1,2023-11-03,C01420,P0006,T013,1,54000.0,0.0,Tarjeta Crédito,Tienda Física,Vacaciones,Xl
V002496,3,2025-05-08,C01816,P0017,T028,1,143000.0,0.0,Tarjeta Débito,Tienda Física,Temporada Regular,Xl
V002087,1,2024-05-23,C02755,P0011,T033,3,132000.0,0.0,Tarjeta Crédito,Online,Temporada Regular,Xxl
V000933,1,2023-05-19,C00605,P0010,T009,2,92000.0,0.05,Tarjeta Crédito,Tienda Física,Temporada Regular,36
V003678,1,2024-11-12,C00312,P0011,T004,1,134000.0,0.1,Tarjeta Crédito,Tienda Física,Vacaciones,L
V003186,1,2023-10-02,C00425,P0010,T010,1,93000.0,0.0,Tarjeta Crédito,Tienda Física,Temporada Regular,28
V001054,1,2023-03-25,C02526,P0006,T003,2,58000.0,0.0,Efectivo,Tienda Física,Día Del Padre,Xxl
V000154,3,2024-09-07,C00930,P0006,T029,3,57000.0,0.0,Tarjeta Crédito,Tienda Física,Temporada Regular,Xxl
V000790,1,2023-05-21,C01242,P0013,T004,2,57000.0,0.0,Tarjeta Crédito,Tienda Física,Temporada De Diciembre,S
V003594,1,2024-09-25,C01958,P0007,T009,1,60000.0,0.0,Tarjeta Crédito,Tienda Física,Temporada De Diciembre,L
V003538,2,2023-01-14,C00940,P0008,T028,3,219000.0,0.15,Tarjeta Crédito,Tienda Física,Temporada Regular,L
V002943,1,2023-01-30,C00734,P0004,T017,4,174000.0,0.0,Tarjeta Débito,Tienda Física,Temporada Regular,28
V000075,1,2023-11-25,C00582,P0018,T028,1,74000.0,0.0,Tarjeta Débito,Tienda Física,Temporada Regular,M
V001897,2,2024-10-23,C00186,P0002,T020,3,149000.0,0.4,Tarjeta Crédito,Tienda Física,Black Friday,Xxl
V000295,2,2025-03-15,C00474,P0004,T004,4,172000.0,0.0,Tarjeta Débito,Online,Día Del Padre,38
V001849,3,2024-07-04,C01492,P0024,T016,2,225000.0,0.0,Transferencia,Tienda Física,Temporada Regular,Xxl
V003601,1,2023-07-06,C01951,P0003,T004,1,172000.0,0.0,Tarjeta Débito,Tienda Física,Black Friday,34
V003116,3,2025-11-13,C00016,P0015,T023,1,181000.0,0.05,Efectivo,Tienda Física,Temporada Regular,36
V002783,3,2024-12-04,C02725,P0003,T009,3,184000.0,0.0,Tarjeta Débito,Tienda Física,Temporada Regular,38
V002626,1,2023-12-17,C01131,P0018,T012,4,75000.0,0.0,Tarjeta Crédito,Tienda Física,Temporada Regular,Xl
V000324,1,2025-04-07,C02284,P0001,T021,1,149000.0,0.0,Tarjeta Débito,Online,Temporada Regular,36
V001174,2,2024-09-14,C00114,P0011,T007,1,128000.0,0.0,Tarjeta Crédito,Tienda Física,Vacaciones,M
V002166,3,2023-02-02,C00291,P0020,T036,1,78000.0,0.0,Tarjeta Crédito,Tienda Física,Temporada Regular,Xs
V001999,2,2025-01-20,C01538,P0019,T004,3,70000.0,0.0,Tarjeta Crédito,Online,Temporada Regular,Xxl
V002928,1,2024-11-11,C00074,P0007,T014,1,60000.0,0.0,Tarjeta Crédito,Online,Temporada Regular,M
V001368,1,2025-04-04,C00223,P0004,T008,1,172000.0,0.0,Efectivo,Tienda Física,Temporada Regular,28
V003256,2,2023-07-19,C02529,P0022,T021,1,207000.0,0.3,Tarjeta Débito,Online,Temporada De Diciembre,Xxl
V000863,1,2024-02-21,C00826,P0024,T025,2,223000.0,0.05,Tarjeta Crédito,Tienda Física,Temporada Regular,Xxl
V000035,3,2024-07-18,C00246,P0016,T003,3,136000.0,0.0,Efectivo,Tienda Física,Temporada Regular,34
V003253,1,2023-06-23,C01432,P0018,T017,4,78000.0,0.1,Efectivo,Tienda Física,Regreso A Clases,Xl
V001822,1,2025-05-01,C02198,P0015,T034,1,171000.0,0.0,Efectivo,Tienda Física,Vacaciones,38
V002845,1,2025-11-29,C00025,P0021,T030,1,124000.0,0.4,Efectivo,Tienda Física,Vacaciones,Xxl
V000023,2,2024-05-09,C00344,P0019,T042,4,71000.0,0.0,Tarjeta Crédito,Tienda Física,Temporada Regular,Xl
V002267,3,2023-04-30,C02352,P0011,T043,1,132000.0,0.4,Tarjeta Débito,Online,Temporada Regular,Xxl
V001473,2,2025-11-08,C02558,P0021,T032,1,125000.0,0.1,Tarjeta Crédito,Tienda Física,Black Friday,Xs
V000173,1,2025-10-24,C00841,P0026,T024,2,138000.0,0.0,Efectivo,Tienda Física,Vacaciones,Xl
V003313,1,2024-07-30,C00775,P0019,T035,3,71000.0,0.0,Tarjeta Crédito,Tienda Física,Día De La Madre,M
V002311,2,2025-03-17,C00211,P0010,T004,2,99000.0,0.2,Tarjeta Débito,Tienda Física,Temporada Regular,40
V003709,1,2023-04-06,C01901,P0022,T004,1,204000.0,0.0,Tarjeta Débito,Tienda Física,Temporada Regular,S
V001283,1,2025-06-21,C00281,P0015,T010,1,175000.0,0.0,Tarjeta Crédito,Tienda Física,Día De La Madre,34
V003431,1,2024-09-22,C01188,P0017,T002,2,149000.0,0.0,Tarjeta Crédito,Tienda Física,Temporada De Diciembre,Xs
V003228,2,2023-11-08,C01441,P0014,T032,1,140000.0,0.2,Efectivo,Tienda Física,Regreso A Clases,40
V002077,1,2023-11-25,C00775,P0011,T004,1,137000.0,0.0,Tarjeta Débito,Tienda Física,Temporada Regular,S
V000467,1,2024-09-08,C00348,P0006,T002,2,57000.0,0.0,Tarjeta Crédito,Tienda Física,Día De La Madre,Xxl
V003022,1,2024-05-07,C01151,P0015,T004,1,172000.0,0.0,Tarjeta Crédito,Tienda Física,Temporada Regular,40
V002228,1,2025-08-17,C00356,P0020,T013,2,79000.0,0.0,Efectivo,Tienda Física,Regreso A Clases,L
V001602,2,2024-06-30,C00049,P0001,T041,1,142000.0,0.3,Tarjeta Crédito,Tienda Física,Black Friday,34
V000765,1,2023-08-07,C01298,P0010,T029,1,98000.0,0.0,Tarjeta Crédito,Tienda Física,Black Friday,34
V000266,1,2025-08-08,C00966,P0013,T009,2,54000.0,0.0,Tarjeta Débito,Tienda Física,Regreso A Clases,Xs
V001116,1,2025-01-14,C02317,P0016,T034,3,135000.0,0.0,Efectivo,Tienda Física,Temporada Regular,34
V002493,1,2025-09-20,C01605,P0020,T025,4,78000.0,0.15,Tarjeta Débito,Tienda Física,Vacaciones,Xxl
V001845,1,2024-12-12,C01314,P0007,T031,1,63000.0,0.0,Efectivo,Tienda Física,Temporada Regular,Xl
V000036,2,2024-06-01,C01914,P0021,T021,1,116000.0,0.0,Efectivo,Tienda Física,Vacaciones,Xxl
V003160,2,2023-11-05,C01203,P0009,T040,2,123000.0,0.0,Tarjeta Débito,Tienda Física,Regreso A Clases,Xs
V003550,1,2025-02-20,C00303,P0016,T018,1,136000.0,0.05,Efectivo,Online,Temporada Regular,34
V003023,1,2025-06-07,C02746,P0005,T040,1,117000.0,0.0,Tarjeta Crédito,Tienda Física,Temporada Regular,M
V003489,1,2025-08-14,C01676,P0017,T004,1,140000.0,0.0,Transferencia,Tienda Física,Black Friday,S
V002610,1,2024-07-25,C01481,P0003,T008,1,171000.0,0.1,Tarjeta Débito,Tienda Física,Temporada Regular,36
V002606,1,2024-09-20,C01739,P0007,T039,1,58000.0,0.05,Efectivo,Tienda Física,Temporada Regular,Xxl
V001072,3,2025-05-11,C02307,P0021,T009,2,127000.0,0.0,Tarjeta Débito,Tienda Física,Temporada Regular,Xxl
V000042,1,2023-07-03,C00993,P0008,T004,2,214000.0,0.0,Transferencia,Tienda Física,Temporada De Diciembre,L
V000041,1,2023-01-14,C01034,P0020,T021,1,80000.0,0.0,Efectivo,Tienda Física,Día Del Padre,M
V002549,1,2023-04-20,C01617,P0005,T012,1,111000.0,0.0,Tarjeta Débito,Tienda Física,Temporada Regular,Xl
V002414,1,2023-02-10,C01156,P0001,T032,2,148000.0,0.05,Transferencia,Tienda Física,Black Friday,30
V003309,2,2023-09-14,C00463,P0019,T039,3,70000.0,0.0,Tarjeta Débito,Tienda Física,Temporada Regular,S
V001889,1,2023-03-28,C01638,P0013,T011,2,57000.0,0.0,Tarjeta Débito,Tienda Física,Temporada Regular,S
V003021,1,2024-08-30,C02516,P0020,T006,3,79000.0,0.0,Tarjeta Crédito,Tienda Física,Temporada Regular,S
V002594,1,2024-01-22,C00360,P0011,T018,2,135000.0,0.0,Tarjeta Débito,Tienda Física,Temporada Regular,M
V002848,1,2025-08-31,C02738,P0015,T007,2,180000.0,0.3,Tarjeta Crédito,Tienda Física,Regreso A Clases,28
V003437,1,2023-06-16,C00057,P0009,T033,1,121000.0,0.1,Tarjeta Débito,Tienda Física,Black Friday,L
V000791,2,2024-03-27,C01755,P0015,T009,1,183000.0,0.0,Tarjeta Débito,Online,Vacaciones,28
V003550,2,2025-02-20,C00303,P0022,T018,1,208000.0,0.0,Efectivo,Online,Temporada Regular,L
V002970,1,2024-09-02,C01752,P0006,T019,3,56000.0,0.05,Tarjeta Crédito,Tienda Física,Temporada Regular,L
V000554,2,2025-04-30,C02611,P0020,T022,1,74000.0,0.0,Tarjeta Crédito,Online,Temporada Regular,S
V001538,1,2025-05-23,C00195,P0013,T004,1,57000.0,0.0,Efectivo,Online,Temporada Regular,Xs
V002717,2,2024-09-10,C01857,P0018,T037,2,80000.0,0.0,Tarjeta Crédito,Tienda Física,Vacaciones,Xl
V001165,1,2023-09-20,C01035,P0021,T032,1,119000.0,0.4,Efectivo,Tienda Física,Regreso A Clases,S
V002865,1,2025-10-30,C02060,P0018,T003,1,75000.0,0.0,Tarjeta Débito,Tienda Física,Temporada Regular,Xl
V001926,1,2025-05-04,C01131,P0025,T013,1,139000.0,0.0,Efectivo,Tienda Física,Temporada De Diciembre,L
V003276,2,2025-04-11,C01989,P0025,T040,2,136000.0,0.0,Transferencia,Tienda Física,Temporada Regular,Xxl
V002333,2,2023-03-03,C00837,P0010,T023,1,91000.0,0.2,Tarjeta Débito,Tienda Física,Black Friday,30
V001967,1,2023-08-25,C00226,P0024,T004,1,216000.0,0.1,Efectivo,Tienda Física,Temporada Regular,L
V000623,1,2023-06-18,C00999,P0006,T032,1,57000.0,0.0,Tarjeta Débito,Tienda Física,Regreso A Clases,S
V000024,1,2024-10-29,C00380,P0022,T004,1,201000.0,0.0,Tarjeta Débito,Tienda Física,Día De La Madre,L
V000509,1,2025-03-31,C01513,P0003,T023,2,179000.0,0.0,Tarjeta Débito,Tienda Física,Temporada Regular,36
V000426,1,2025-09-21,C01864,P0008,T008,3,210000.0,0.1,Tarjeta Crédito,Tienda Física,Día De La Madre,Xl
V001092,1,2024-10-28,C01945,P0012,T030,2,113000.0,0.0,Tarjeta Crédito,Tienda Física,Temporada Regular,Xl
V001146,1,2023-05-06,C00095,P0011,T024,1,139000.0,0.0,Tarjeta Débito,Tienda Física,Temporada Regular,Xs
V001287,1,2023-08-08,C02213,P0005,T039,1,116000.0,0.0,Efectivo,Tienda Física,Temporada Regular,S
V003741,3,2025-09-20,C00678,P0025,T023,3,137000.0,0.1,Efectivo,Tienda Física,Temporada Regular,Xxl
V000939,2,2024-03-10,C00617,P0026,T003,1,138000.0,0.4,Transferencia,Tienda Física,Vacaciones,Xs
V001263,3,2023-07-17,C02264,P0022,T008,1,191000.0,0.0,Transferencia,Tienda Física,Temporada Regular,Xxl
V000740,2,2025-09-22,C00155,P0026,T031,2,131000.0,0.0,Tarjeta Crédito,Online,Día Del Padre,Xs
V002269,1,2025-05-12,C02147,P0018,T022,4,75000.0,0.3,Efectivo,Tienda Física,Vacaciones,S
V002870,1,2025-06-23,C00551,P0021,T004,1,122000.0,0.0,Tarjeta Débito,Online,Temporada Regular,L
V001683,1,2023-02-16,C01971,P0003,T012,4,174000.0,0.2,Efectivo,Tienda Física,Temporada Regular,28
V001610,2,2024-01-03,C02539,P0014,T022,1,137000.0,0.0,Efectivo,Tienda Física,Temporada De Diciembre,40
V000870,1,2024-12-14,C02247,P0002,T029,1,161000.0,0.0,Tarjeta Débito,Online,Temporada Regular,M
V002124,2,2023-05-28,C01083,P0010,T034,2,99000.0,0.0,Tarjeta Débito,Tienda Física,Temporada Regular,32
V001898,2,2023-02-21,C00253,P0026,T012,1,142000.0,0.0,Tarjeta Débito,Tienda Física,Día De La Madre,L
V002403,1,2025-12-26,C02477,P0020,T026,2,77000.0,0.05,Tarjeta Crédito,Tienda Física,Temporada Regular,Xs
V000559,1,2023-06-10,C01112,P0019,T035,1,75000.0,0.15,Tarjeta Débito,Tienda Física,Temporada Regular,Xl
V002863,2,2023-10-09,C01811,P0023,T008,1,76000.0,0.2,Efectivo,Tienda Física,Temporada Regular,S
V003095,2,2024-07-05,C02285,P0010,T012,4,95000.0,0.0,Tarjeta Crédito,Tienda Física,Temporada Regular,32
V003191,1,2024-01-05,C01693,P0017,T023,2,145000.0,0.0,Tarjeta Crédito,Tienda Física,Temporada De Diciembre,Xxl
V002189,1,2024-11-02,C01914,P0016,T039,1,141000.0,0.0,Efectivo,Tienda Física,Vacaciones,40
V001620,2,2024-03-14,C01457,P0026,T017,2,136000.0,0.0,Tarjeta Débito,Tienda Física,Vacaciones,L
V000473,2,2023-05-22,C02269,P0025,T022,2,145000.0,0.15,Tarjeta Crédito,Tienda Física,Temporada Regular,Xl
V002382,1,2025-11-18,C02140,P0013,T004,2,56000.0,0.0,Tarjeta Crédito,Tienda Física,Día De La Madre,Xxl
V001878,2,2023-07-31,C00515,P0008,T031,2,214000.0,0.0,Tarjeta Crédito,Tienda Física,Temporada Regular,Xxl
V003512,2,2025-04-18,C01607,P0018,T020,1,78000.0,0.0,Tarjeta Crédito,Tienda Física,Temporada Regular,Xxl
V000676,1,2023-03-05,C01279,P0020,T009,1,77000.0,0.0,Tarjeta Crédito,Tienda Física,Temporada Regular,Xs
V002602,2,2024-03-24,C00026,P0011,T009,3,134000.0,0.0,Transferencia,Tienda Física,Temporada Regular,Xl
V000964,3,2025-07-11,C01079,P0014,T006,1,139000.0,0.0,Tarjeta Débito,Tienda Física,Temporada Regular,36
V002188,2,2025-09-30,C01802,P0020,T035,2,79000.0,0.1,Efectivo,Tienda Física,Regreso A Clases,L
V000957,1,2025-07-29,C00047,P0023,T036,4,81000.0,0.0,Tarjeta Débito,Tienda Física,Temporada De Diciembre,Xxl
V002244,1,2025-09-08,C02286,P0004,T040,1,179000.0,0.0,Efectivo,Online,Temporada Regular,30
V001736,2,2025-07-19,C00772,P0011,T004,3,133000.0,0.0,Tarjeta Débito,Tienda Física,Temporada Regular,L
V001244,1,2024-09-01,C00976,P0002,T032,1,152000.0,0.05,Tarjeta Crédito,Tienda Física,Vacaciones,Xxl
V003352,1,2025-08-17,C01961,P0006,T007,1,54000.0,0.0,Tarjeta Crédito,Tienda Física,Temporada Regular,Xl
V000393,3,2024-10-14,C02646,P0020,T009,2,79000.0,0.0,Tarjeta Crédito,Tienda Física,Vacaciones,M
V002555,1,2023-12-21,C02736,P0001,T001,3,141000.0,0.0,Tarjeta Débito,Tienda Física,Temporada Regular,32
V000758,1,2024-08-17,C02290,P0008,T013,4,224000.0,0.15,Tarjeta Débito,Tienda Física,Temporada Regular,S
V001870,2,2024-12-05,C01502,P0026,T042,2,136000.0,0.0,Tarjeta Crédito,Tienda Física,Temporada Regular,Xl
V000802,2,2025-01-10,C02029,P0024,T035,1,225000.0,0.4,Tarjeta Crédito,Tienda Física,Temporada Regular,L
V001102,1,2023-04-26,C01402,P0006,T026,1,55000.0,0.3,Tarjeta Débito,Tienda Física,Temporada Regular,Xs
V000427,2,2023-10-15,C00691,P0016,T012,4,144000.0,0.0,Tarjeta Débito,Online,Día Del Padre,28
V001379,1,2023-02-16,C01635,P0009,T009,1,132000.0,0.3,Tarjeta Crédito,Tienda Física,Día De La Madre,M
V002964,3,2024-03-23,C00854,P0016,T031,3,138000.0,0.0,Tarjeta Débito,Tienda Física,Día De La Madre,28
V000619,2,2025-04-11,C00595,P0007,T041,1,61000.0,0.0,Transferencia,Online,Temporada Regular,S
V003293,2,2023-08-02,C01454,P0019,T042,4,75000.0,0.0,Efectivo,Tienda Física,Temporada Regular,Xl
V001464,1,2024-08-19,C00627,P0007,T040,2,60000.0,0.0,Tarjeta Crédito,Tienda Física,Día De La Madre,L
V003749,1,2024-10-19,C01395,P0004,T005,4,180000.0,0.0,Tarjeta Crédito,Tienda Física,Temporada De Diciembre,38
V002277,2,2025-12-04,C02228,P0009,T019,1,130000.0,0.0,Tarjeta Crédito,Tienda Física,Temporada De Diciembre,S
V001587,1,2025-07-11,C01323,P0018,T018,1,77000.0,0.05,Tarjeta Débito,Tienda Física,Temporada Regular,M
V001576,1,2024-01-15,C02669,P0021,T018,4,126000.0,0.05,Efectivo,Tienda Física,Temporada Regular,L
V001850,1,2025-01-16,C02175,P0010,T004,1,99000.0,0.0,Transferencia,Tienda Física,Temporada Regular,32
